cohort,sample,n,volume_um3_mean,volume_um3_median,volume_um3_sd,volume_um3_cv_pct,equivalent_diameter_um_mean,equivalent_diameter_um_median,equivalent_diameter_um_sd,equivalent_diameter_um_cv_pct,surface_area_um2_mean,surface_area_um2_median,surface_area_um2_sd,surface_area_um2_cv_pct,sphericity_mean,sphericity_median,sphericity_sd,sphericity_cv_pct,elongation_mean,elongation_median,elongation_sd,elongation_cv_pct,flatness_mean,flatness_median,flatness_sd,flatness_cv_pct,aspect_ratio_mean,aspect_ratio_median,aspect_ratio_sd,aspect_ratio_cv_pct,mesh_solidity_mean,mesh_solidity_median,mesh_solidity_sd,mesh_solidity_cv_pct,reference_cells,foreground_dice,f1
all_predictions,X001,6,1095.6226183284646,1140.178422797289,263.3402664006414,24.035672684670033,12.717669801097822,12.959224174126973,1.0623064619711364,8.352996095868408,642.8757603574377,632.2001091112219,97.22900399048045,15.124073730268087,0.7938830851188671,0.786456364263066,0.03625260655862161,4.5664918724390695,1.370039104512735,1.3539419638724675,0.07281467209241754,5.314787866461275,1.2328149587317014,1.228416288983592,0.0838624223825548,6.802514991287176,1.6878107472526398,1.7193952976387694,0.12401096799684326,7.347445097070513,0.8673016396288705,0.8631647159761118,0.053542118683134396,6.173413750958173,4,0.8207501635686935,0.8
all_predictions,X003,6,1148.7065184125956,1157.542184689438,234.5376684398564,20.41754483677566,12.941240094008705,13.024517377477785,0.90897164198617,7.0238372473051385,676.8436388529185,650.7804028280677,87.61094781810831,12.944045387881173,0.7807554868448355,0.7735005354779312,0.049223091979391065,6.304546405214502,1.3178799164865447,1.271411508098521,0.14740948170584833,11.185350035444854,1.2419489440401608,1.2188926907228295,0.09740547768710607,7.842953460730692,1.6282343169153197,1.6368239428383213,0.11950731908222319,7.339688019143896,0.8361817893989846,0.8311218147812204,0.076953282801085,9.202936942264202,4,0.7933208052565504,0.8
all_predictions,X005,6,1162.5262274547772,1189.983899239142,253.10809498540112,21.772248144418498,12.985498528593112,13.144740392399214,0.9747975579226289,7.50681659064684,664.5403773524685,650.1866275543289,87.6560981817572,13.190484907926807,0.7996770837335266,0.7985805758439084,0.032330256457072166,4.0429139604862625,1.30063767364064,1.2933722255390259,0.09656881463957653,7.424728392594449,1.3087232167044736,1.3334884496301527,0.09204514338779721,7.033201689473977,1.698786835368966,1.731355714960918,0.12358693803114386,7.275011523402909,0.8852950785327686,0.8818012914715421,0.04039560996992946,4.562954313140265,4,0.7970688994918184,0.8
all_predictions,X007,6,1179.7431942584662,1215.0439179119903,252.13004099457748,21.371603771196593,13.051083005395165,13.235629496615037,0.9656867229435642,7.399284201505427,664.252850835179,654.7306309585202,93.52155248300623,14.079209801722287,0.8090531627850002,0.8095510867948257,0.033158582413097576,4.098442962506436,1.3241088722670178,1.2900849677551371,0.10564725417823728,7.978743771828803,1.2667201548877516,1.2774858436469039,0.05628311677209775,4.443216329583481,1.6747609946249897,1.6759179433784075,0.11464027698598023,6.845172377068068,0.8885360962890115,0.9027659735346885,0.049265565874963974,5.5445767572890485,4,0.8002048504946329,0.8
all_predictions,X009,6,1221.6287261657765,1246.7726277463162,241.26048375696826,19.749084037520326,13.211777571734077,13.352213889607564,0.9100022469922124,6.887810834320401,688.1397675992421,667.3138652343878,84.67209791768757,12.304491311857854,0.7997182401385025,0.793819502373211,0.04383105706114471,5.480812473847495,1.32432602221591,1.3423133537475211,0.124386520912658,9.39243953724703,1.223131192769465,1.2178928739974744,0.0791912109698229,6.474465816746513,1.6155386928925426,1.6602263262177113,0.12782563141001463,7.912260595947047,0.8577606633996498,0.8484604001460069,0.06717534822021459,7.831479232676831,4,0.795517697569996,0.8
all_predictions,X011,6,1256.2444060731527,1270.847022253789,226.95084513177966,18.065819360835746,13.344782681319709,13.43600695904629,0.8296309094928165,6.216893368028767,696.9105730318279,675.470508675378,79.71286880680934,11.438034073730268,0.8050787241249265,0.7983677578200863,0.03276220252968671,4.069440856892263,1.323025869770285,1.2883931233733485,0.1240900506603678,9.379261093504798,1.2523731626762293,1.2409562811708499,0.0915874847306758,7.3131146099426205,1.650660351901678,1.646500199760459,0.11113332895982635,6.732658770884807,0.8810636796037036,0.8778680926672446,0.03701646206054984,4.201337873466716,4,0.7893490412935025,0.8
all_predictions,X013,6,1261.8855316154088,1301.569137195816,247.8088579132748,19.637982345042115,13.356498742197926,13.544441548874062,0.9083728266202613,6.800980138233298,689.3540366252095,670.4693106630413,90.0719949892388,13.0661445648732,0.8161514874849659,0.8014405908141427,0.03494779741262432,4.28202336802922,1.2841858241009587,1.2668623185809968,0.07392703760359128,5.756724316385178,1.2672529599992468,1.2393401569245746,0.08786737822943552,6.933688932120367,1.627282381490115,1.6670984795728239,0.14140415139398213,8.68958903521694,0.8964153499123403,0.8827712086330902,0.031795834196597324,3.546997962463116,4,0.7994198556772115,0.8
all_predictions,X015,6,1276.6419331268128,1321.5122984994803,257.5579551606037,20.174643216503185,13.405495028667493,13.612759677314711,0.9371617878265163,6.990877888674807,698.4442304643416,674.3891409521025,90.80094700706525,13.000457738293395,0.8114564236245873,0.7950639437542522,0.04238002143662787,5.222710696814275,1.2762430951506278,1.2793732523066512,0.11260428204446932,8.823106073782853,1.272072245283909,1.2865264526824376,0.07265883089141714,5.711847826315925,1.6199261431349965,1.6633613557439142,0.12169247818589346,7.512223856723832,0.8865700076408504,0.8752848685560272,0.04096646954831387,4.620782250160373,4,0.7981326480088652,0.8
all_predictions,X017,6,1302.9741758996497,1339.0647969339357,255.45205342975646,19.60530439932759,13.499453471366449,13.673422134376214,0.923534321369603,6.841271932441576,704.9166254039125,683.2191756580451,97.26638637168345,13.798282359413848,0.8159753186671356,0.7969382235687289,0.03422449002227195,4.194304562811574,1.287189932730642,1.2754246883689575,0.11881340056062675,9.230448245394234,1.2313070751239754,1.2334788754445625,0.08725731100788751,7.0865597031595,1.580961848235752,1.642053921938992,0.1338794943202159,8.468230556582784,0.8945886617292923,0.8951799291548885,0.04014099879093244,4.487090045757738,4,0.7968878082667593,0.8
all_predictions,X019,6,1336.6531633378038,1358.232041341453,241.21679038884963,18.046326227702828,13.623470165918896,13.738572489879553,0.8491048719620987,6.232662175062113,718.2823699495351,685.3506913135748,95.33098281419315,13.272076108577034,0.8157199132424428,0.7977494099560549,0.039084093725972595,4.791361972593684,1.263659674047232,1.2266806288538559,0.15224912943229718,12.048270001738345,1.2560798871561245,1.2753170148927184,0.11495659396379905,9.152012952302812,1.5779575105987138,1.6328105499159582,0.1445778131092627,9.162338791645062,0.8861877570248436,0.8928765137409496,0.054504471369966605,6.150442830868246,4,0.7904518677427044,0.8
all_predictions,X021,6,1363.649479129865,1386.2279617835052,233.79264834181686,17.14462931419871,13.718653755844088,13.832297497823053,0.8145308642036793,5.93739647271652,729.7559928952461,716.7921109030269,91.78947682455718,12.578105245890491,0.8138809721309017,0.8001938292819911,0.0379237293225083,4.659616162694707,1.2501259196217094,1.2240631436277134,0.09867226299099333,7.892985933837109,1.25194486700229,1.2416564263123633,0.0926810150855337,7.402962984101134,1.5650072939872812,1.616294393291785,0.16255985099954232,10.387162515094541,0.8931721126313591,0.9049528609630357,0.04418912171960283,4.947436344538122,4,0.787953852356947,0.8
all_predictions,X023,6,1386.7382494719623,1418.4599690639802,246.70387649374362,17.79022656854549,13.791678559664314,13.939327657152294,0.8605760884249314,6.239821242222147,737.6287146492949,720.6639193743542,87.69436471203194,11.888686404206238,0.8127739042398164,0.7993630088753706,0.03298550919093709,4.058386842745435,1.2618857313377032,1.2295516939150706,0.11270330889211415,8.931340302314007,1.2492473844734853,1.2060325447778406,0.12420276462970721,9.942207298040843,1.569827731390613,1.6014124567506922,0.1347602787245152,8.584399168763532,0.8919930047523729,0.8868790636145016,0.03026242586012467,3.392675245085117,4,0.7905324460689582,0.8
all_predictions,X025,6,1396.2170180411065,1438.340218186876,248.57599040036166,17.80353535219861,13.823865553375343,14.002643790736474,0.852432203689902,6.166380889618574,736.1052319740751,717.792544001722,90.22000396697794,12.25640031453484,0.8185557274342333,0.8047863400038323,0.03177141783793743,3.8813994909699168,1.2770322923807067,1.2380701414455428,0.09587642455707036,7.5077525548185475,1.244975028668419,1.2463236333534624,0.09786452311579635,7.860761931945637,1.5870247722254625,1.616456603553503,0.1365485311699977,8.60405795547335,0.8945149815541313,0.9074014178492975,0.043723326872133116,4.8879367896296335,4,0.7937214791842587,0.8
all_predictions,X027,6,1428.6167911369646,1463.9874172135649,237.80554813345412,16.64585980010753,13.93618624566495,14.084614033467677,0.7938647659835245,5.696427645192151,751.1010713778778,725.111479878291,77.15141118069583,10.271774880997484,0.8143503636077147,0.8042538041505285,0.038084302558501766,4.676648315079229,1.247356841867515,1.2404106164615554,0.08408880402318945,6.741359104367726,1.268428121715637,1.2509763783063566,0.09916255827995937,7.817751481718581,1.5800572583072698,1.6121087800855114,0.13115614044076912,8.300720733454806,0.8923173649423383,0.8863797770885071,0.03650769893997545,4.091335703450597,4,0.7888837130515796,0.8
all_predictions,X029,6,1436.8093551215052,1490.3056795017865,245.7303096442534,17.10249928206188,13.960172233247334,14.168946387460057,0.8236511312369957,5.9000069445805305,750.2598439953659,729.5929329297965,85.55632897805363,11.403559668399643,0.8187347139841332,0.8078690436813858,0.03788824503526662,4.627658310821407,1.2396155621795872,1.2077530292391585,0.07376696069452092,5.950793370552576,1.2650749177260912,1.235823824760395,0.11561960032524542,9.139348089602935,1.5666148611800363,1.603483741100726,0.14670389059475597,9.36438777838816,0.9012184712904762,0.9057116564005869,0.03714704389048788,4.121868900145394,4,0.7881838865828066,0.8
all_predictions,X031,6,1455.9765995290227,1502.76229129398,239.8243676761925,16.471718553290664,14.024795223841855,14.207781103270102,0.7979948966764718,5.689886261725215,752.9560931825357,732.7826801486874,78.94615427736143,10.48482839732102,0.8227994940431417,0.8103240598592282,0.036021883487709516,4.3779661689754015,1.185142729422992,1.1668379298635672,0.08296958876178831,7.000809835131297,1.3003014461501137,1.260474848873029,0.11436941851853998,8.795608038209977,1.5401777136653367,1.54971290980886,0.15797154295671695,10.256708791141643,0.9012942955807516,0.8881386707112056,0.03091067849453938,3.429587721358205,4,0.7882941624968232,0.8
all_predictions,X033,6,1468.8805868289048,1497.708346105565,247.8587997545886,16.873992479516595,14.06475227518502,14.19220316335899,0.8136412609366284,5.784966880448842,754.6479743268745,731.0457916742764,87.52422577014114,11.598020368133946,0.826244078104642,0.8160847216718394,0.032083926264618326,3.883105139853719,1.1965288758822268,1.1847184270199886,0.08982203515230178,7.506884034543172,1.3047036675582377,1.269124696516787,0.10724777366256034,8.220086777503687,1.5604195445813165,1.5526609123575386,0.1612601614199248,10.334410510296015,0.9070418671406945,0.9191402074309244,0.032652379801775426,3.599875704162022,4,0.7912180287540331,0.8
all_predictions,X035,6,1481.3791400749449,1527.6964856052914,272.33143936127885,18.38364210714492,14.095963063380317,14.28661472974894,0.903671537525181,6.4108534724584745,760.4043433228608,743.8920776759346,91.45949383907148,12.027744796854563,0.8235330622406053,0.8174546245480313,0.03270065139362992,3.97077578217206,1.2067966020758611,1.2113963679563988,0.08486178439102585,7.031987349405156,1.2747195650694045,1.247487244201757,0.11666337846603272,9.15208189023762,1.5342108172402602,1.564318551535699,0.12369902636951469,8.062713740476983,0.9043507157132025,0.9110637200114546,0.040584119332269616,4.487652702332808,4,0.795172718769296,0.8
all_predictions,X037,6,1504.7475201093469,1558.187922551167,278.1680734481008,18.486029698051066,14.16898405316906,14.379996052745902,0.9154807932096931,6.461160445762059,764.1473021846147,749.556209301603,92.91139378749077,12.158832926827998,0.8280687116563468,0.8215532872264855,0.032550642346870474,3.9309107914198282,1.206428293849586,1.1985508557001934,0.08419239214202642,6.978648674872946,1.2541309332858586,1.2550742118534255,0.0917389193402594,7.314939525484858,1.5109461966477606,1.5280252873164715,0.12402725215347102,8.208581644312837,0.908112071070127,0.9099551126157296,0.03230614691191021,3.557506605307027,4,0.794322993243189,0.8
all_predictions,X039,6,1508.690016770849,1557.432976381943,288.49596468960954,19.1222823431348,14.17766050766028,14.377778228663256,0.9509672374734732,6.707504647608537,770.6788386465768,750.5684259537666,100.99379999066313,13.10452485863279,0.8227508670589422,0.8156654172260734,0.03675234043136877,4.467007195355021,1.2265582624194087,1.216749560820936,0.08994428810588863,7.333062836205747,1.250095964197903,1.263797636358173,0.07562911908035706,6.049865070069468,1.5342342314209274,1.531196948441293,0.1567599158409243,10.21746957736313,0.8996414671142906,0.901736976707221,0.0407750539804519,4.532367111894347,4,0.800943199116497,0.8
all_predictions,X041,6,1533.2257672706255,1581.7799903394132,291.6172035942168,19.01984755404546,14.255071342456498,14.452500884371196,0.9464827120537097,6.639621011469505,776.4818214926178,756.6031018273792,109.48818168753299,14.100546678229467,0.826509541318142,0.8202622809634894,0.03576049592622359,4.326688820699115,1.2219472041391422,1.2046081269752018,0.08112409722007717,6.6389199914106625,1.226272890095296,1.224374509842956,0.08173687981342995,6.665472300140145,1.4999637755191388,1.516688457267275,0.1566982444451161,10.446801916325125,0.8995597604924567,0.9085563887168662,0.042505418646112555,4.7251356177652175,4,0.7961856445685611,0.8
all_predictions,X043,6,1553.6372748089007,1601.1150005623138,303.04481861622895,19.50550643511716,14.315781563369049,14.511847742415675,0.970496466167561,6.779207002227871,782.2256929117924,760.292529589176,107.14361425756158,13.697276275690374,0.8268841233910815,0.8078036782138518,0.034138174978011554,4.128531920290072,1.18434084560211,1.1793708759364399,0.07846179156286824,6.624933341970389,1.272759255539781,1.2572652250792902,0.10253430424861061,8.056064318709316,1.505900709210448,1.5269196466196735,0.1369195913682195,9.092205782943497,0.9057093373697085,0.9084000022011334,0.03263508050960266,3.603262013879525,4,0.7972744149196461,0.8
all_predictions,X045,6,1565.3109794626405,1606.567389562264,321.64528206081826,20.548331052481128,14.345950711795616,14.52759780809915,1.0212561605537527,7.118776448284108,788.9839997732173,767.8202371959992,111.01837740871939,14.071055615909842,0.823217540904948,0.8107015189728604,0.03234431330043171,3.9290116759266565,1.2142485299938388,1.1988341340815667,0.06866585355940603,5.655008168694629,1.277461756802557,1.2949118772588042,0.10355533237850278,8.10633522507149,1.549821736931733,1.5405831235828669,0.13802023223193485,8.905555325684169,0.9076801309933679,0.9017882431361773,0.030500664296785773,3.3602877550493204,4,0.7995577773505095,0.8
all_predictions,X047,6,1587.2533500662864,1627.9575310236073,323.76178938807533,20.397612603845158,14.41381522770881,14.59060355637586,1.0157305131981678,7.046923365893779,797.9925047378202,781.0236848044032,112.55280740807703,14.104494307882772,0.8216737774130111,0.8151821356147892,0.02976719377366358,3.6227508522157956,1.2333915335901309,1.2105225487595952,0.07028203559303169,5.698274528320798,1.2537567445914641,1.262733292487825,0.09572553880924753,7.635096618398622,1.5458156707369277,1.5535467204191007,0.1398649904093929,9.047973381115737,0.9038512769022611,0.9120933135247569,0.028562476310747924,3.1600858504774294,4,0.7997412123178383,0.8
all_predictions,X050,6,1613.2710319352793,1651.3398915426246,330.73905246087156,20.50114617530305,14.49203391718357,14.66137730666461,1.0213100631609742,7.047389407155479,804.424115210044,791.9622215701183,116.70352326475236,14.507710678748088,0.8242363619482543,0.8153442973015232,0.023212864824180127,2.8162874019913033,1.2229583983617842,1.2141976242110122,0.03732407498489499,3.0519496848701078,1.2516752146451156,1.271857068773388,0.08518931652836792,6.806024081296635,1.5297214290684178,1.5253428869321364,0.09827864415195123,6.4246105391752115,0.8997126577643382,0.9127711006317564,0.02941511863557821,3.269390330538499,4,0.8021446582020876,0.8
all_predictions,X052,6,1637.9046458273626,1668.7665656155425,340.3027686382128,20.77671429195526,14.564146356580382,14.712413254499575,1.036797405504751,7.118834019656116,808.6003605107366,799.6482776873116,116.87143125382059,14.453546765673101,0.8279791744213351,0.8229181741829652,0.019134258261839055,2.3109588807244776,1.2099997845271713,1.2099083707764944,0.051853086768748405,4.2853798349237655,1.274622574891982,1.2904194745906867,0.07447739342637179,5.843093861152066,1.5425232517792642,1.5610660100075457,0.11611387682107219,7.5275284626755266,0.9058951737950679,0.9074828776553593,0.017329934243622825,1.9130176145019635,4,0.802647626837942,0.8
all_predictions,X054,6,1663.8524252732796,1688.2064294730576,354.53330532789533,21.307977795546684,14.638007757279388,14.769726515455753,1.063552514035092,7.2656916956899025,818.4218612416083,804.4607069565634,119.66909362177357,14.621932683986037,0.8263688630652694,0.8185383675012203,0.02115133335419614,2.559551103576072,1.2239011028943425,1.2356199571166253,0.04988083120594283,4.075560605998487,1.2735374424443062,1.2742383507001525,0.07404308631431583,5.813970115570736,1.558860672579045,1.5610715125567054,0.11537796770016914,7.401429116130241,0.8980733395947227,0.9035342711816012,0.02258332053878882,2.5146410146169234,4,0.802344804683834,0.8
all_predictions,X056,6,1666.6974538924844,1712.9309165151394,364.5025285908607,21.869747730134478,14.642069037987445,14.840158859720388,1.1005145123019944,7.51611339522314,816.4745839842017,809.0890519427521,126.60603829171346,15.506427361633982,0.829546495427094,0.8208108651056729,0.021771046953494,2.624451682154974,1.2047447357607062,1.2137323545579288,0.07275979111214673,6.039436318117992,1.2919766075592396,1.2545783573314813,0.09382299313070536,7.2619730559946225,1.5545890685652968,1.538599217610495,0.12212261315422931,7.855620216533116,0.9064626110271631,0.9147947202669278,0.02899063281159522,3.1982160608637042,4,0.8094004514138504,0.8
all_predictions,X058,6,1704.151172176758,1751.4122004186347,386.38667613582567,22.673262938421338,14.744919671294637,14.952401325858514,1.157626491171685,7.85101931362399,834.2321003078732,826.6303678551789,134.9239852584482,16.173434852081876,0.8238409531589981,0.818839817186888,0.02569894719266872,3.1194063725682404,1.2202372458601836,1.2523043086324717,0.08840275407433061,7.244718547499567,1.2951393704748606,1.2534848110002415,0.1207301163712697,9.321785679868894,1.5736670677618427,1.5565766951595985,0.09876007802550399,6.275792386375988,0.9041249293561128,0.9005481447551367,0.029733891139831478,3.2886927651698477,4,0.8110758823292546,0.8
all_predictions,X060,6,1732.755243699574,1767.5806308761794,380.74956191804836,21.973649383112928,14.832746474936501,14.99735178877335,1.1163714857920257,7.526397674755679,836.8018445637787,836.5783988765011,130.67159016972295,15.61559537883685,0.8307890183321597,0.8291805643847759,0.02304291856831393,2.773618579428681,1.2249638499852447,1.2332466163481017,0.05880190168971535,4.80029689777569,1.292250249271392,1.2521826715410365,0.07916099712851349,6.1258256419874355,1.5815224039573093,1.5764413253248764,0.09846291859412704,6.2258314107818915,0.9074312733289633,0.9177861406792579,0.03455118733963031,3.8075817260383045,4,0.8063318154718188,0.8
all_predictions,X062,6,1784.0566319952597,1817.2183415026493,379.1410909277145,21.25162868309227,14.98215612236166,15.13765173657044,1.0911301283599624,7.282864491923116,858.131495150773,858.2899303056622,128.17082923352027,14.936036022195031,0.82601726809669,0.8221257182322887,0.018714077443124186,2.265579445602292,1.2348112136764489,1.2432109743052067,0.04410432309091865,3.571746239621944,1.2925095769015351,1.262772263911768,0.10419742511547418,8.061636600423586,1.5936914976928394,1.5654458786172751,0.1054941856143378,6.619486002595858,0.9046300300153921,0.9002499148737656,0.024972472793132906,2.760517776831707,4,0.8029071721449217,0.8
all_predictions,X064,6,1792.2981276759538,1834.0578352217267,407.9712533204926,22.762466077532697,14.994353870992656,15.184441939133155,1.1812778325344635,7.878150954004799,868.734703583918,869.7379394415664,140.81919038805896,16.20968862037133,0.8181136581965949,0.8136588457276603,0.021092591150021447,2.5781981438272044,1.2507640525817358,1.2753678047002053,0.07604597119409456,6.079961367383882,1.3017654227820898,1.3024909582110324,0.1157666988113384,8.893053754948081,1.6232982492720283,1.6032900736643687,0.11233461267510618,6.920146234709666,0.8960893557873787,0.8949240975720338,0.03456527641941062,3.857347059885417,4,0.8100852518320499,0.8
all_predictions,X066,6,1847.5699736023728,1898.5008790557542,400.5158252178674,21.677978693112543,15.15433271737768,15.360472450803325,1.1344194190369934,7.485776115606458,888.6721534101467,891.4502286956524,139.1147128301578,15.654222121884416,0.8167979205755974,0.812573560153839,0.026353928350982447,3.2264930758406973,1.2271829654197297,1.2527342709718923,0.08656094062311309,7.053629577844321,1.298161003833773,1.2572496976864402,0.1064487067942434,8.19996182907016,1.58898312543666,1.566031556696289,0.1230352456898456,7.74301776527897,0.8920764592725977,0.8918869830939604,0.03880925535284225,4.350440475078498,4,0.8076084181818769,0.8
all_predictions,X068,6,1889.735115201988,1924.8191413439754,391.95389381444426,20.741208154590993,15.275180059396533,15.431193913019637,1.0888686624748598,7.128352387604373,897.7607443121982,896.3700974875194,139.62453167962641,15.552532516511068,0.8216176547489075,0.817709778471885,0.02327738439274321,2.833116384269634,1.2179221188965113,1.2015688219902243,0.06928390233198455,5.688697270294974,1.2891626322738168,1.2601720161924306,0.07820787521615685,6.0665639274863485,1.5697810978249525,1.5388419219841474,0.12765510612308542,8.132032313292662,0.8935996059088279,0.9030808813792485,0.03795960906382389,4.247943800872359,4,0.8059176413031603,0.8
all_predictions,X070,6,1927.9018382016395,1976.2393637588907,401.22933729424716,20.81170987774547,15.376686107396834,15.56780767973859,1.1019448159394218,7.166334854226751,907.5122163487248,917.7955089702971,138.82203307824443,15.2969878065972,0.8233453439240238,0.8167902769603482,0.01994395680075587,2.4223075952192725,1.2000880886713103,1.186004140596498,0.04300580291970036,3.58355385122726,1.3104591211475045,1.2647089958636184,0.10020896994176051,7.646859663505753,1.5713242628585096,1.5301300285020139,0.11003278836986784,7.002551349248515,0.8999904307101784,0.8996349725154128,0.03150812073819799,3.5009395281386575,4,0.8062571551785653,0.8
all_predictions,X072,6,1961.7485914551764,1999.2442511932963,400.735208936986,20.427449810973513,15.469068770959401,15.628859380321162,1.082476125194487,6.997681251677253,915.0173776746104,929.2556167883781,123.92942347280967,13.543942060178036,0.8250058404310613,0.8148579804112533,0.027969180436201512,3.390179689102293,1.2062855817548088,1.1932210265821235,0.04357919502262625,3.612676440949471,1.2820629169741997,1.2298502717293305,0.11256052768088028,8.77964148175619,1.544021052677813,1.536313602195139,0.10731243777348494,6.950192653615168,0.9005852066137631,0.9084188851660044,0.040405213483985215,4.486550876836014,4,0.8056064341725512,0.8
all_predictions,X074,7,1716.7895302689503,1940.6310694438312,830.5977721502303,48.380873572785,13.775641951718532,15.475622212508068,4.858679941125607,35.27008003078564,797.2389009241195,889.3192373287931,353.3667233360007,44.32381848482251,0.8359636701476957,0.8212189235131866,0.032346543236611625,3.869371886806604,1.1727083784374435,1.208096080260981,0.08132977949942347,6.935209212693614,1.3158242349498812,1.3059470634017771,0.14033721441630914,10.665346532521838,1.5342298412938482,1.5316478994889415,0.0833300594549553,5.431393472615635,0.9099090542461158,0.9112874143526868,0.029749357836390475,3.2694869555989436,4,0.8031720922861163,0.7272727272727273
all_predictions,X076,6,2052.1044635235835,2039.7177541544654,453.92375882449875,22.119914794448867,15.694220437198569,15.733877853264742,1.1689581686743284,7.448335349640268,946.7733841871556,986.7872150455541,129.7632805307387,13.705843731775992,0.8211296287551552,0.8246091571023512,0.04331040785524666,5.274490937673981,1.1712539531240072,1.1576564141243848,0.06584562336873348,5.621805859703429,1.3281806561849714,1.3358869776490412,0.11516810097484807,8.671117173596977,1.5539159184323834,1.5890403792584642,0.1349789602418971,8.686374767179561,0.9022866479910135,0.9141134335340269,0.05021747056538845,5.565578375475263,4,0.8119909275729517,0.8
all_predictions,X078,7,1819.9834816383386,2000.775114258667,916.2928009246942,50.34621523596756,13.679957497620368,15.633871987116176,5.898064404815645,43.11463983599082,820.9338228986275,959.1583070169054,380.4681049952885,46.34577043639124,0.9225913818660044,0.8309872780635837,0.24938883612169127,27.031342479840344,1.3760432752650118,1.2027200779414482,0.5653165288012466,41.082758003549884,1.2047348512119342,1.2339883454247362,0.15535288990663798,12.895193473514666,1.618000751871119,1.5682811407176382,0.496347366616189,30.67658442322685,0.9138885728280751,0.933905529159202,0.07238700985641026,7.920769775291636,4,0.8129248399795781,0.7272727272727273
all_predictions,X080,9,1410.5004131563608,1467.4056457019954,594.4517689025578,42.144742628775106,12.883241589081559,14.09885533757685,4.697698485305985,36.463637298296455,709.997171033785,702.6117406763502,302.33202397486843,42.58214487455783,0.9840735112823968,0.8528251217025246,0.46485241035371855,47.237569655537776,1.5080733376067579,1.2229475349970191,0.9336292439354433,61.908742808030105,1.1641097933141924,1.0985663548754208,0.1455971921712043,12.507170114658397,1.7005465965793587,1.4955558671726152,0.8698179289638946,51.14931462116529,0.8281023503924391,0.92342454871121,0.21051538921687604,25.421421532871204,6,0.809316381679282,0.8
all_predictions,X082,8,1595.542029882557,1409.7151759371368,353.4735317232209,22.153821403829706,14.433000698629371,13.91062614646941,1.0285105760555022,7.126103556228434,820.2773411843143,736.6178196512535,172.3233764828662,21.0079405867857,0.8097860973695645,0.8221193595588916,0.04852157072375786,5.991899698126569,1.1966675952000583,1.17763591820228,0.12950046686455025,10.821757636288332,1.143124688344722,1.141782015771838,0.08985540951462179,7.8605081694749375,1.3678108727922544,1.3886858687179284,0.1774815924915206,12.975594508121505,0.8608446334573303,0.8925511445363989,0.06384934047568143,7.417057386911881,6,0.80106253140929,0.8571428571428571
all_predictions,X084,8,1578.1258411731005,1336.9257827878014,415.35897309994266,26.319762484288667,14.354294949349242,13.667500336545576,1.21201980812919,8.443603899780097,806.0894212530179,717.6331177444683,186.9832498081132,23.196340862215866,0.8174632988653181,0.8332948131836286,0.05495082429932439,6.7221151549676925,1.2345175517062634,1.2406455223721666,0.1628025923230917,13.187547807487823,1.203547385657095,1.1850576632467662,0.09418257988226464,7.825415185530417,1.4859088377300314,1.4836451441108136,0.2245044796025477,15.108899947423087,0.8754675795441451,0.9038788814324328,0.07085549512770999,8.093445923446343,6,0.811839311544654,0.8571428571428571
all_predictions,X086,8,1596.9994954036974,1317.1713580264432,458.8700337099291,28.73326103299323,14.393722375402735,13.600230366335378,1.3287545865418073,9.231486837709893,791.1359773754757,723.5357932798651,151.90267353558934,19.200577129548975,0.8298071149961451,0.8233255666827095,0.029297485613039152,3.530638034258751,1.1974666175165316,1.2242708537654459,0.0893193999479174,7.459030476620724,1.2071668487000977,1.2013603949774643,0.11516098779628443,9.539773886293528,1.4440179521554108,1.4226007339392042,0.15626771723473692,10.82172953608258,0.9070238365456549,0.9009588271224571,0.026156833498112715,2.8838088310588867,6,0.8153536049520946,0.8571428571428571
all_predictions,X088,10,1289.473221906696,1258.6420591846695,661.8303197663316,51.325635036275344,12.97958804889412,13.39574900366437,2.9365943824744747,22.62471175057576,678.9184557962233,697.5529919223779,243.97993032216584,35.936558836956436,0.8004561110109882,0.8073341800458466,0.06314998003872561,7.889249537862385,1.2719721045328671,1.2850837945459705,0.1279970952116768,10.062885400987929,1.2023391276398983,1.1589593745548636,0.16435874085283403,13.669915340396344,1.5416879654930828,1.4558714426571728,0.33758093180773935,21.896839007870817,0.8776078794906728,0.9026032961693164,0.06473796149771724,7.376638588897865,6,0.8169193150005972,0.75
all_predictions,X090,11,1164.2032501320346,1247.38077882708,756.2346637739613,64.95727130878524,11.993495888509187,13.355704711536772,4.162872674520157,34.70941844828205,618.9799260990627,699.1578354106344,305.7149474816979,49.39012310275967,0.7641143325821649,0.8151821005617371,0.13766578428864162,18.016385561494292,1.300178582452113,1.2525912159868413,0.2136623830397825,16.433310463922513,1.230018444563808,1.1603969698520415,0.19631979846512373,15.960719884549626,1.6207084477779445,1.4804302341093418,0.5170251413520477,31.901181366760294,0.8323395834897418,0.8860682295983108,0.1700705647074936,20.432833915508436,6,0.826153313093981,0.7058823529411765
all_predictions,X092,9,1451.1277014482976,1310.8381984957316,581.9490167639175,40.10322566257287,13.842724348479152,13.57844868563943,1.7740440635587749,12.815714731426278,745.3662864129836,716.2757778180761,184.2851492273132,24.724105796919112,0.8176485858145975,0.8105753998177013,0.020808194022494415,2.5448822860451554,1.2059945042960873,1.1697352920637094,0.11428250354326365,9.476204338921749,1.1750580589719013,1.1784734079648125,0.09521766418154119,8.103230598226814,1.4133904834234274,1.431095594325557,0.1382165355867075,9.779076427055593,0.892242931332611,0.9008595188009466,0.031234361516671784,3.500656650764568,6,0.8202602779843369,0.8
all_predictions,X094,10,1329.6699112724828,1256.0207183193088,726.6186790979957,54.64654595384714,12.99882103418318,13.386444638937046,3.3130358875977683,25.487202869286623,684.9017871520829,722.9750054794406,265.8084079867597,38.809711548867185,0.8040202816004547,0.828449062123316,0.0656696702842226,8.167663401911062,1.2129363117833774,1.195683802914337,0.13871800603629594,11.436544910782594,1.2311316751907717,1.1691783337357777,0.20448636679109616,16.609625997918517,1.4870079089641879,1.4460790801695447,0.2556897943321216,17.194918250988227,0.8820466184222617,0.9089522062945858,0.06289841452117928,7.130962605319796,6,0.8197706938829611,0.75
all_predictions,X096,10,1374.6647029582261,1274.4120458306795,778.571940748718,56.637224995539704,13.18855744073231,13.45134156560155,3.177735985711312,24.094644164016046,694.0587882746041,725.8018524381459,254.92024340925767,36.72891226447501,0.8099036844838471,0.812378777163419,0.07067042785292565,8.725781745018734,1.1562184874528532,1.0773105404004175,0.13795147949418834,11.931263942863875,1.2269796619434963,1.2384585430765023,0.16139187752898904,13.153590278207993,1.4156767710175557,1.3907831777051096,0.2240611061744969,15.827137293031019,0.8876048105569312,0.8900561702757556,0.0578400498369993,6.516419148371597,6,0.8231254428302184,0.75
all_predictions,X098,12,1154.9418145510003,1274.7475774614454,649.8040026718337,56.26292116927588,12.292185065486029,13.452670709149446,3.397301417828731,27.637896759036494,619.3356985758978,691.9599024499828,267.52756526838306,43.195889706266996,0.817951035643088,0.8266253951759022,0.06952238271845461,8.49957756503051,1.1715252052772502,1.0932538967978598,0.16409811568923813,14.007220241616832,1.2749358880628343,1.2329377337453882,0.18240327864707748,14.306858905997622,1.4924351850895976,1.3987339914342338,0.28853281244779755,19.333021315125027,0.8863121878410619,0.9021964479889317,0.05716047501679299,6.449248447776429,7,0.8249585136147604,0.7368421052631579
all_predictions,X100,15,913.8791144270458,1161.7782715278609,548.5454608148573,60.02385350044535,10.856316437168422,13.042921360413043,4.26312841794696,39.26864551729005,534.819972921199,633.7802085460601,289.9659657730553,54.21749008161653,0.7993527430853982,0.8210678444282268,0.0716593529901187,8.964672181335473,1.572577114349189,1.0973565359690514,1.6583745565291634,105.45584959854142,1.4039261486472754,1.339235574987489,0.28004918783448496,19.94757260588961,2.4327030455222607,1.5401327379560847,3.390260687080467,139.36187950768297,0.8159852859269388,0.854424493063273,0.18559587010398695,22.745002061300003,8,0.8073161487455407,0.7272727272727273
all_predictions,X102,13,1054.06939178624,1228.465183142637,463.2281873110978,43.94665008971613,12.012677382709402,13.287850807846754,3.145442653309887,26.184359681858428,607.4182102429195,671.3848385856265,237.88373420111162,39.163088987071504,0.7967012971758727,0.8016119846588945,0.07368500724095546,9.24876205199518,1.2004870762747626,1.161768473126629,0.17720333742727343,14.760953360460487,1.352379260051119,1.3077602553624987,0.16852552305321117,12.461409904115284,1.6301523209009088,1.532390519845591,0.3518450573267927,21.583569388923387,0.8654299692333894,0.8983732813640595,0.07853488779183503,9.074666996036939,8,0.8126836002781901,0.7619047619047619
all_predictions,X104,12,1153.0055174317872,1257.257991207759,382.355675684645,33.16165186583901,12.642738877984236,13.390551220273277,2.5075616912551606,19.834006819691332,647.5553758767616,707.6345681604457,195.33710811039984,30.16531332875153,0.8141923525217417,0.8134791256087257,0.046169051331140805,5.6705336506962505,1.274413056762698,1.2715763263652957,0.17668294085773875,13.86386775623235,1.2422415339651822,1.2685102437907139,0.08575457991223949,6.903213068276225,1.5797155843826731,1.4808883374204267,0.22211576919760773,14.060491103175824,0.8792492813089324,0.8839681429351802,0.05855196666403167,6.659313565416369,8,0.8123322951143795,0.8
all_predictions,X106,13,1085.2254394622873,1241.8025654655924,477.5919224861523,44.00854468752519,12.142249626060956,13.33576631926138,3.1386819141793594,25.849261964132204,608.556144830949,681.3369214604306,231.47866984066448,38.03735642254783,0.8076092149216727,0.8273328621577881,0.0602148263457047,7.455936018702403,1.2418822496534045,1.1694657697246835,0.20945054314065717,16.865571852654508,1.2560783886519327,1.1870311521740613,0.18541850169928728,14.761698264571283,1.5528813166502704,1.3913612839530496,0.29932936496247,19.27573999075185,0.8779162945432645,0.899869175919064,0.05775899684471169,6.579100673232267,8,0.8097488739122263,0.7619047619047619
all_predictions,X108,13,1103.9990794567902,1268.0159741191992,488.86282888684985,44.28109026389669,12.186641674890437,13.42894929839216,3.2292733608552235,26.498468134243033,608.7969891606429,680.9531648564467,234.63293925902056,38.54042372688347,0.8146281460483796,0.8248366899940829,0.05921918026925683,7.269473876702989,1.2508542061092578,1.151020831796543,0.22463753403657544,17.958730357177544,1.2560251999782654,1.2331031916893929,0.15597686189012192,12.418290802829512,1.5635812630832129,1.4984561197314203,0.28366306709970934,18.141881960158344,0.8805728447266724,0.903451751230504,0.0625978615508454,7.108765836434079,8,0.8159430386939615,0.7619047619047619
all_predictions,X110,13,1119.0883240442267,1294.4810314958809,485.33847787836993,43.3690949544023,12.30553859669932,13.521733003112004,3.0610934944022343,24.875737622921296,618.0951385427746,700.1832413204247,226.8537675788734,36.702079248464145,0.8119030711501645,0.8258858743976573,0.06738405562032418,8.29951973514105,1.210541121077332,1.2007293405466026,0.13691336890472514,11.310096494935904,1.2859809847751196,1.2263222449899105,0.23388775513081533,18.1874971636315,1.5487413760121953,1.4592188258699546,0.27410047991293685,17.698273201605126,0.8839525013368938,0.9107754092620152,0.0568767224096013,6.434364100286009,8,0.8150488008329325,0.7619047619047619
all_predictions,X112,13,1137.57160012749,1322.7076299340847,503.7471901642292,44.282679886503246,12.301648880209289,13.619309168825623,3.283413960846389,26.690844396710894,616.1094279914233,705.808561052932,235.25833423771138,38.184504821599056,0.8164157140772138,0.8289582395948015,0.07685829020676307,9.414112060990302,1.1928794084063261,1.1502541475777646,0.15288971246280214,12.816862407496926,1.2805931263562462,1.2619133592767826,0.21139412845352365,16.507517032753167,1.522685001311296,1.3989718593580804,0.2931413597945189,19.251608805634344,0.8788212075118096,0.8978090056685821,0.07728771499418613,8.794475410192868,8,0.7722949305327373,0.6666666666666666
all_predictions,X114,13,1150.6960489155358,1340.2810990954629,504.68203729143033,43.85884854363268,12.375503083920965,13.679359303927328,3.220441977614222,26.022715648614106,623.5394402773542,698.3319897496694,235.39103779939228,37.75078569122891,0.8157245545706585,0.8328927241350599,0.07323097946400789,8.97741511563933,1.1907330339749005,1.1346222883952246,0.1396820687817793,11.73076288271714,1.2764054614066431,1.2539271622947217,0.2019685006004,15.823224414742295,1.5150877841956942,1.4184872207369317,0.2848251886034425,18.799253190114396,0.8796815735931501,0.9115244868629544,0.07522066545108723,8.550897018774721,8,0.8184193615452947,0.7619047619047619
all_predictions,X116,13,1165.5981700935065,1341.5812841646818,513.4162938785239,44.0474519479845,12.419957749019906,13.683781249598905,3.2585523569126216,26.23642062848212,628.4148428254438,698.8702382057847,238.26476966736053,37.91520400697217,0.8152367726189738,0.8348014163213759,0.07658823474600528,9.39460011107732,1.173351689945755,1.1262080663183474,0.11542471665819559,9.83717990498925,1.2789121412952216,1.2149971453611592,0.25527798596290024,19.960556923352595,1.491918167646304,1.4229845419858351,0.2763243335500616,18.521413542808407,0.8778492976653097,0.9123399689898668,0.07711060463225064,8.784036717615505,8,0.8213158626887425,0.7619047619047619
all_predictions,X118,13,1178.4322549703122,1338.6873238493235,521.8104417180314,44.28005424301435,12.44904387445235,13.6739349513441,3.3166775369402273,26.642026250278054,633.0665389934591,708.3634989555878,242.55122843124687,38.31370219264628,0.8143098906297597,0.8328050185176251,0.07698515076747145,9.45403606825084,1.1716242258926988,1.107060427009802,0.12616591340521555,10.768462329215293,1.2786858344474887,1.188406524121338,0.24308044750703062,19.010177555620142,1.4946395692708638,1.4204236885524708,0.32028923989407204,21.429195806071164,0.8783617611544828,0.9080517275142976,0.0785855464251691,8.946831465190318,8,0.8226741945096758,0.7619047619047619
all_predictions,X120,13,1197.1155595257633,1376.0571592259057,526.188409330938,43.954688011856376,12.52594321262826,13.80000627741353,3.3036521314200487,26.374477956194237,638.939865024923,712.3195377730829,243.93792648382768,38.178542275541446,0.8177083623909862,0.83360213597997,0.07121616787033279,8.709238054273545,1.146046173263336,1.089242596534468,0.1054616753544387,9.20221870765812,1.263039986838392,1.2241080366510615,0.18907187165299205,14.969587156640364,1.4518661010346712,1.3760456059076862,0.2953727514425493,20.344352088119706,0.8768596642363312,0.9117977077823196,0.08574155953392212,9.778253354668285,8,0.8207489479668242,0.7619047619047619
all_predictions,X122,13,1208.4720147209257,1392.2465604103734,536.6166566548325,44.40455799704672,12.53990729434719,13.853914735903803,3.3845823414559875,26.99048933943641,641.073210667437,727.7275467162303,248.47992955454436,38.75999268411884,0.8171821507144964,0.8382040873902267,0.07458863122072922,9.127540433367672,1.1447454180863457,1.1292937354914985,0.10058894592759271,8.787014504565198,1.260995727505001,1.2284965494928697,0.18646108979478845,14.786813763732516,1.4449626974029113,1.3498376440358315,0.27116114023587173,18.7659612752108,0.8768716808009493,0.915950673723278,0.08883409526464678,10.130797608095204,8,0.7647151415482204,0.6666666666666666
all_predictions,X124,13,1220.312409768155,1431.0843466715571,541.1280024087048,44.343399122812556,12.58470851667613,13.981556961233624,3.38468108773916,26.895188579489812,641.6989112860981,728.4985369193016,248.91641532989976,38.79021936175947,0.8224077526726561,0.8454136200291208,0.0707581851736341,8.603783821794547,1.1671944444486875,1.165343888429762,0.10425699526235681,8.932273089390993,1.2337088262642184,1.1676644637280806,0.23753679446489048,19.25387817676342,1.4291092813581503,1.351224735863888,0.2337103129510102,16.353564839275567,0.8852617145755901,0.9260465225472776,0.08035278759408125,9.076726833556084,8,0.8210258655754685,0.7619047619047619
all_predictions,X126,13,1239.466749112951,1445.4702653406569,549.390472990418,44.32474476492412,12.657305640562864,14.02825052963852,3.3811781419689235,26.713253499490943,645.6634380141239,719.8960590525112,249.58262165971462,38.65521988163979,0.8272543896515234,0.8474583194363743,0.06214746116323418,7.512496994958645,1.1955167076430397,1.1657757062420688,0.10226244118252821,8.553827857758552,1.19696002068562,1.133413473857597,0.20670795159078917,17.269411510702476,1.4293007378789868,1.3745221590726653,0.2793245877620753,19.54274424965172,0.8908008601740408,0.9207468879668051,0.0639289934309496,7.176575179604051,8,0.8224398491805858,0.7619047619047619
all_predictions,X128,13,1254.0301123944746,1473.864629594244,548.7684056385691,43.760385034992325,12.774731170231682,14.119511065366485,3.1966859838663537,25.02350884154362,651.3066575551934,725.3372387103883,243.9735970012127,37.45909767251807,0.8336186924319715,0.8496845794875171,0.05166984332783256,6.198258723912809,1.1697966046800778,1.1545032315078507,0.10547721711108361,9.01671424665573,1.181326177118551,1.1830811610510128,0.12487820162175692,10.57101789840596,1.3776081649947105,1.3253901245523527,0.1571804048502982,11.409659788921308,0.900970741984022,0.922059982045692,0.052857030621536814,5.8666755931652865,8,0.8234951324296412,0.7619047619047619
all_predictions,X130,12,1372.6004844047832,1502.1751109401396,455.3855691378495,33.1768474739628,13.39236871650698,14.20932669739777,2.685377495313372,20.051549895004513,710.5028831897495,772.0188523358806,209.44381470957788,29.478249795313367,0.8301001612820195,0.8272316283459142,0.039121490555672274,4.712863866361915,1.207899078164094,1.1735356410710582,0.11002530014913056,9.108815640157609,1.165795345055404,1.1279469497553773,0.1259042143277506,10.79985564033686,1.3999909130736812,1.430363346627463,0.11171860803262189,7.979952368929566,0.885889225654275,0.8992833925618691,0.05169280236743811,5.8351316248665634,8,0.8237240327319132,0.8
all_predictions,X132,12,1391.9075336584535,1539.9853315821024,472.33194061666984,33.934146428190154,13.442969760179642,14.327565362431,2.7353625423913948,20.34790370870284,732.9701195086596,789.7960133455705,212.4593738160321,28.986089359065886,0.8122774666427883,0.8197245434164444,0.058262035808970644,7.1726766039408405,1.3561509742399387,1.338337496979525,0.26495793024199116,19.537495107466786,1.1365286151026686,1.1503455978174948,0.08563074601497687,7.534411793691741,1.552764253912197,1.4769783361482585,0.40555190960282134,26.1180606509347,0.853010200566501,0.8599687122127364,0.07619095752435934,8.93201012997962,8,0.8267108827591848,0.8
all_predictions,X134,11,1564.5649299654442,1594.278543585453,199.1399833247453,12.728137996110114,14.37843331994421,14.49400898839021,0.6323966392853425,4.3982304971164705,801.0271157382958,817.8276769051458,71.12297022770451,8.87897161410715,0.8139658272919036,0.8222009145160224,0.05172984180816905,6.355284223697237,1.2532108391861805,1.2555264151326757,0.1578063260683255,12.592160962380678,1.169416622138578,1.1856442665889708,0.08931050856094486,7.637184803959576,1.463471375434979,1.3807573445610437,0.20458139813800372,13.979186854761487,0.8649889852792534,0.8902436545643945,0.07466639721052458,8.63206335354886,8,0.8203463713357184,0.8421052631578947
all_predictions,X136,12,1453.6034122655828,1598.5565718777216,492.37543413175734,33.872748920170885,13.691323923989259,14.50696162184467,2.5586949304328823,18.688440538242354,751.0216583131704,804.1975483264844,195.48472417533878,26.029172662531007,0.7932274832035584,0.8269257525869296,0.10323312777263757,13.014315559984933,1.1909283357435523,1.1478494914584436,0.10779568101706193,9.051399465590853,1.1623888304280505,1.1553025783997892,0.08456915576057199,7.275461837449809,1.3810319480364868,1.3617977469222553,0.1275046994920524,9.232566970904262,0.8730427857979349,0.8813377184007829,0.06051218434384588,6.931181991102482,8,0.8199892617829687,0.8
all_predictions,X138,11,1616.5608941558792,1633.5357443850949,286.111353312625,17.69876744804123,14.510832619499956,14.612011540882651,0.9060765036494647,6.244138619805044,806.3547940385611,852.0163115602693,106.34147030187994,13.187925599012999,0.8248986089171051,0.8333335219716491,0.03119810188610137,3.7820529152130624,1.2479388580075872,1.229370116801928,0.13379536197664543,10.72130746775993,1.1550443632128162,1.1571489735881813,0.07735865291724175,6.697461619748061,1.4359037926838212,1.4182164650466196,0.12366442382366202,8.612305674917337,0.8815192842263653,0.8975857528621479,0.05412253048943211,6.139687634506019,8,0.8189791228057962,0.8421052631578947
all_predictions,X140,11,1645.6339473898797,1675.7288469539403,274.1062654562676,16.65657577683204,14.602634846645985,14.736749722728574,0.8632288034601666,5.911459216269027,811.1684859394335,854.2716658777645,99.83169776870459,12.307146973675527,0.8297593013435235,0.8311918408705903,0.03009474710677239,3.6269249477581997,1.2255191756632777,1.2089199334534195,0.12043097337029775,9.82693504612997,1.1496603481872372,1.1642398909152574,0.08650002316177237,7.523963342578873,1.4040046945781084,1.4308107656763671,0.1205548806614286,8.586501250813432,0.8785150184131614,0.8928945175126543,0.052174391187681864,5.9389299094650765,8,0.8179920973926081,0.8421052631578947
all_predictions,X142,11,1667.5922049078608,1689.6534096307366,312.84263518090904,18.760140174569507,14.65559096873373,14.777455795911012,0.9710691645042876,6.625929766844399,827.4714887940125,852.513909050259,120.01863699967282,14.504262518409233,0.820697487518287,0.8219747880455851,0.03314103430933425,4.038154717586582,1.3276877445934927,1.3254005202290424,0.18610139641796566,14.016955204700306,1.1562864973208968,1.1554246873444984,0.09700905395707701,8.389707410909487,1.5281461032566803,1.5292897607338063,0.19700090805661966,12.891496934539493,0.8776209999954356,0.8783884548998757,0.04504089050768011,5.132157333053148,8,0.8189349817703653,0.8421052631578947
all_predictions,X144,11,1699.5172770033741,1733.8597019841793,291.03293039017126,17.12444670779263,14.756364317396635,14.905221817919752,0.9118205138989367,6.17916781048818,822.2340552196187,838.5882803882114,107.20147508243005,13.037829606047701,0.8364133241664408,0.8327435720138574,0.023107029957575253,2.762632933974771,1.235244108849772,1.2085591638871451,0.10181395850621416,8.242416035565695,1.1470467152109762,1.153179684150318,0.07462570004073785,6.50589893603522,1.4133956802044323,1.4214083736610077,0.1057425675613047,7.481455408581,0.8965490234261025,0.8991864721048177,0.03410151101478178,3.8036415325583786,8,0.8174656197702032,0.8421052631578947
all_predictions,X146,11,1720.5337582395455,1755.37566780706,305.2778809984919,17.74320785840628,14.812837346158876,14.96662293344301,0.9532725234356899,6.43544853128954,833.3671401044659,851.186546693762,119.9626118892723,14.394929451410157,0.833189829166601,0.8300256099197554,0.029991194928319906,3.59956325418886,1.2430658395590095,1.243430559086863,0.10598272026274384,8.525913663619162,1.154609882873451,1.126771340648187,0.06515990462437056,5.643456338881199,1.4318757751661688,1.4171325179073178,0.1025089956622002,7.15907046128384,0.8958524079641536,0.8998584103905488,0.0371667280339466,4.148755721761009,8,0.8187463866768617,0.8421052631578947
all_predictions,X148,12,1607.8675746314827,1775.5704778337988,515.9523323945153,32.08923051469395,14.244253262659399,15.023744216985605,2.29079666304587,16.082251703928062,792.3610874034417,870.49733231625,201.0816800186967,25.37753092818314,0.8208798736531547,0.837483500305463,0.05576637623339967,6.793488063633847,1.27569623582364,1.2294561674222875,0.1518718974709528,11.905020427758675,1.1411134670789818,1.1170356087048146,0.09641742831090346,8.449416389564874,1.463028040982563,1.4023722307418949,0.2843735339142427,19.437326281405976,0.8798977097066288,0.8985004642906937,0.06719696406196836,7.636906349531565,8,0.8188006702249897,0.8
all_predictions,X150,11,1777.795281317345,1831.4994065371343,287.1656094015254,16.152906491501987,14.98231827993469,15.179916640088576,0.9051904785126405,6.041725062835779,856.8029673971924,887.9391690511463,113.83282224936039,13.285764239958606,0.8290343793824504,0.8361228753042043,0.04054546035060049,4.890685037790941,1.282451180663139,1.2430972288790545,0.16745054479241514,13.057069720644542,1.1223931766086959,1.1385442563263288,0.05560938097794752,4.954536622003612,1.4362404628938312,1.3952024054677168,0.17683989308661982,12.312693985122188,0.8868082930029267,0.8941114302747819,0.05333481974020385,6.014244584880966,8,0.8209787303332274,0.8421052631578947
all_predictions,X152,12,1654.3491908560584,1836.3017030024753,493.3512036089643,29.82146733808206,14.468637719305953,15.193170440339877,1.8920604946426958,13.076977469123168,804.0347670751138,863.3700834492504,166.60710031057639,20.721380111043356,0.8255766770044729,0.8350731038352697,0.06991704615659085,8.468873710226196,1.2572395173808324,1.2313237879521917,0.16288557204454437,12.955810710108665,1.1465989591193966,1.1221631699081491,0.11470690098866484,10.004099522012586,1.4490805360870276,1.3897270775340695,0.29463568226107706,20.3325953888447,0.8851236665506864,0.9030390139481779,0.07073894029891578,7.991983829173201,8,0.8211436305944483,0.8
all_predictions,X154,12,1643.6226640350026,1856.4755423022914,551.4583297244681,33.55139484209036,14.398492985465445,15.248182522436199,2.04292472172023,14.188462110461558,812.8742400156498,880.4840614279547,192.64106927895455,23.698754345474857,0.8119402498698194,0.8206029443654081,0.06094434806483338,7.506013906147004,1.2766435618728817,1.2216281020568052,0.17966386852763838,14.073142566439225,1.2015293788946628,1.1689305272739887,0.18773970325262082,15.625061405101091,1.5335565174784958,1.4911716875259615,0.3253250362886173,21.21376242614933,0.8715503248988118,0.8796831649716386,0.049752900150962974,5.708551615391729,8,0.83421458986477,0.8
all_predictions,X156,12,1661.419820950225,1879.815961367463,561.948295740351,33.82337737002276,14.450181679045478,15.312219970648808,2.0459705208235675,14.158787524384373,818.6781981769383,889.0755644415603,194.4782134420914,23.755147489595107,0.811807923300245,0.8140527178013273,0.04951789186581748,6.099705416093041,1.2564189298779034,1.2376613977932682,0.15258011288394827,12.144047598739675,1.2140726963646553,1.170651325810097,0.15873033300366485,13.074203338808063,1.5228658742246317,1.4583890334884444,0.2586480902689396,16.984298791292467,0.8698004853129174,0.8633799985523867,0.053950679319433585,6.202649944489788,8,0.8478880856913042,0.8
all_predictions,X158,12,1677.902812311613,1916.6195871171271,576.0485485557504,34.33146093617543,14.480951591254522,15.41149806570178,2.1300006177993906,14.708982378518284,820.2331361911533,897.5676861264831,195.1658703751382,23.793950983425677,0.8128565071017427,0.8157647481035883,0.05231123873589701,6.435482557974944,1.22550125395098,1.2086574732060897,0.1446663910565894,11.804670994027074,1.2364090241107781,1.1642245741485486,0.22751575587665734,18.401334141044952,1.5153830017599155,1.4149371055355857,0.3446728844819919,22.74493537816514,0.8780453753871019,0.8872420886996956,0.05352985107213261,6.0964789033292295,8,0.8370526017606178,0.8
all_predictions,X160,11,1817.2507508078938,1960.6790843821095,525.3796382868754,28.910684893282216,14.970861772543953,15.528730918190869,1.725331025819678,11.524593921399207,862.0269909956346,935.4661929703924,177.64178371674217,20.607450297068688,0.8260094643004119,0.8270579451217476,0.036518662033432125,4.421094867764206,1.2105958834226846,1.220213845961435,0.13854902073629982,11.444696172647141,1.2170335962574519,1.191538999717663,0.1464636714502337,12.03448055178016,1.465967656002143,1.4522067399198275,0.1772213633729519,12.089036388173412,0.8938441210854718,0.8953719230999582,0.039543561003494404,4.4239884864346655,8,0.8449814646308552,0.8421052631578947
all_predictions,X162,10,2012.0657536339488,2026.3174596507415,559.0505537905777,27.78490478161007,15.519666392334198,15.700097271383825,1.6105865090382105,10.377713465759454,933.2309171484521,950.098705122668,213.10572219791595,22.835261700188244,0.8249349593305139,0.8234042848839898,0.03954904883839754,4.794202062971614,1.2542077990081348,1.2820053546707912,0.1838935660946255,14.662129053897933,1.145581448664842,1.158537329765933,0.07704211655248792,6.725153994268968,1.4311972171146004,1.4537284704987932,0.18409306371928322,12.862871833305299,0.8889318551353185,0.8900537250517051,0.04690331034054179,5.276367369397724,8,0.8489059455024104,0.8888888888888888
all_predictions,X164,10,2023.742254384612,2043.9957824467342,576.527245311961,28.488175510634573,15.531060918612985,15.745403628642295,1.7271650494405684,11.120715181605343,940.9464073007845,952.4194978069029,222.52403620875072,23.64895965191972,0.8207439189814231,0.8276695239108014,0.03799329087071756,4.629128524993374,1.2791196093359691,1.2875556936907975,0.14871206485953284,11.626126577539837,1.151044744659419,1.169036915995362,0.08206443219577776,7.129560564568643,1.4691076441555386,1.45750895609114,0.16443856977111357,11.193091971530439,0.8834473085234646,0.8919792546173422,0.04662347480977304,5.277448282421781,8,0.8547903154101143,0.8888888888888888
all_predictions,X166,12,1700.2331413633322,2050.056322527448,728.4791005111266,42.84583583207863,14.352038727615119,15.761036119335829,2.838148000597959,19.775225349253045,826.2795116707397,930.0172703657122,250.616391674646,30.330703852005104,0.7990140961042775,0.8253831752562657,0.07899983640937078,9.887164293414504,1.211826143505234,1.1922608472828515,0.08896997357250519,7.341810048358717,1.3009754736944406,1.1959092514484566,0.38219825032598786,29.37782133898664,1.5777799005405326,1.467655616484827,0.4977166316267458,31.5453778728093,0.873425632108361,0.8884850306950136,0.05903727589067735,6.7592790639962494,8,0.8607899357129982,0.8
all_predictions,X168,11,1870.3066899227947,2102.315374019279,650.7207743594934,34.792196267359486,15.002261911519827,15.89399533893244,2.2689167540657356,15.123831109250908,871.3383689729067,960.7029965428294,218.58295698807657,25.08588681177119,0.8253351269828015,0.8369190982518916,0.04573543214105234,5.541437731876082,1.2001884488585153,1.172589540247269,0.1059176497921704,8.825084918364894,1.1874780336647819,1.1242894254550106,0.1761708105594564,14.835711109178158,1.4170469420966507,1.3864567656323732,0.18160980844514304,12.816075674700988,0.8939806270687213,0.9151611876181736,0.05111790561741859,5.718010443361553,8,0.865057610033019,0.8421052631578947
all_predictions,X170,11,1891.2888554240017,2136.4976589035823,662.6731801164851,35.03817929323772,15.050090168774853,15.979674659489048,2.312041564112016,15.362310379434936,875.403917246962,976.8834895333688,226.8889432817147,25.91820059421856,0.8283977884228783,0.8273130975057783,0.036947708262298914,4.460140862114174,1.2384706261922496,1.2261530300025187,0.1055826315261159,8.525243093632012,1.1737207573796058,1.1314668943282844,0.14541966198257159,12.38963024793297,1.4494865115546707,1.4487972746575803,0.17847785293605362,12.31317790909446,0.8915317998440261,0.9166820364967762,0.050198784050197606,5.630621819544732,8,0.8678707920880753,0.8421052631578947
all_predictions,X172,10,2110.0787371261313,2205.805911383719,596.8205894253981,28.284280530604807,15.7194033217201,16.150557688018438,1.9322535508929248,12.292155823898586,957.4484182716312,1002.7888758933558,225.81564281444182,23.585149706767513,0.8274494372259513,0.8230543561800991,0.03766569314138707,4.552023537252309,1.26373835485861,1.2553422314351943,0.16093670436377058,12.734970316049047,1.1469737211160413,1.1333867614331297,0.09980274369514804,8.701397587212098,1.4469634676897727,1.480944398567083,0.1987339370852932,13.734551115004482,0.8883512437095356,0.887374535211841,0.03698251288599979,4.163050724347494,8,0.8707605837454655,0.8888888888888888
all_predictions,X174,10,2141.908106449687,2250.6622962717715,606.3921817868813,28.310840225167496,15.793799386829946,16.259325090598956,1.9663140207933534,12.44991133946537,968.1849684619405,1014.2017083457038,227.95603374860102,23.54467804956032,0.8262006255055336,0.8151581836616513,0.03933489983441231,4.76093803612702,1.2528180203117985,1.2007775367549938,0.17539581708128021,14.00010330611529,1.127368686259879,1.104304001087344,0.09341096812315557,8.285751525798778,1.409470425168852,1.4419132367796823,0.2022954716497967,14.352587187174366,0.8847340940483452,0.8839888442366612,0.04306668848533769,4.867755043583114,8,0.8726458754415459,0.8888888888888888
all_predictions,X176,11,1964.7169025296257,2283.5024546330105,873.7247468492152,44.47077060945885,14.473798856178497,16.338077563136643,4.895768905290889,33.82504450931353,883.0075988993939,1022.7287620795114,363.78199072072346,41.19805890392697,0.8376619830864542,0.8445160726090097,0.053430490305681595,6.37852634887539,1.2833775144225767,1.1989449763761095,0.18032096399039418,14.050500492953162,1.2744922519199486,1.1157527237405007,0.4292206571447049,33.67777689492493,1.678391265591448,1.5159650821720223,0.8347502822338845,49.735142177335334,0.8802874420195009,0.9024427931177166,0.04916919949132453,5.585584565255594,8,0.8766880425121945,0.8421052631578947
all_predictions,X178,10,2197.212107490721,2315.8393155481,621.0128075322993,28.263671286679454,15.918379163658605,16.414674329192366,2.042042005701539,12.828203077129153,977.0377123007096,1028.5457979472726,231.00572918093616,23.64348133880813,0.8314855391021355,0.8359168350619441,0.03925543842916913,4.721121003686775,1.2070495465175957,1.159664434903684,0.14559119451543853,12.061741370557417,1.1630868928395095,1.1488366687942826,0.09935827960550032,8.542635998840238,1.40292373596786,1.3431869998794956,0.19818686019649476,14.126702337085208,0.896320381481676,0.8962330390612119,0.037119888660566015,4.141363894816764,8,0.8769681440972886,0.8888888888888888
all_predictions,X180,12,1865.6816914214385,2276.0997880292316,932.4163570574555,49.977247530743554,14.425370025115908,16.32018587572552,4.052605599642625,28.09359893428496,838.9177901613299,996.5509706127045,340.9057819674613,40.636375335645546,0.8196345552582082,0.8357036998743114,0.06298141431364601,7.684084804575507,1.1893617548745057,1.17636054722088,0.06860311182355344,5.768061024527565,1.192208054870912,1.2120633594506431,0.11549601112923656,9.687571783915018,1.419406272532896,1.4290074163466255,0.1740510290888467,12.262241787776299,0.8697424997083617,0.908131001985266,0.10302454483700989,11.8454076777386,8,0.8792380495986583,0.8
all_predictions,X182,11,2076.685332860072,2258.7569968640055,813.2749424642687,39.16216528308613,15.432632272346085,16.27884655525996,2.742600076081151,17.77143411234938,930.7249282706875,1030.6822989586635,271.9979769025066,29.2243141491747,0.8254877833591123,0.824821129187667,0.04679104489345315,5.668290414068747,1.200099855275334,1.1888566105363931,0.0923851400967007,7.698121093057307,1.1705068556309561,1.1367022084427685,0.14148208385828032,12.087249483217684,1.4012154221435338,1.400475462518636,0.16915693971067736,12.072158002079835,0.8831280452336177,0.9151578589604792,0.06671568308580904,7.554474512035279,8,0.8805703759836441,0.8421052631578947
all_predictions,X184,11,2110.646471896825,2275.0722224100105,844.7011133335604,40.02096630490813,15.483375516913263,16.31794713713197,2.8780801570472163,18.588195796861903,934.3643690640348,1021.0270601461916,287.09629392833915,30.72637436035016,0.830591284921042,0.830567208315799,0.034181322889712186,4.115299968860322,1.1939453434741079,1.182528866631717,0.08801165749898918,7.371498032137333,1.1641278539753965,1.11382227097078,0.13204457282456672,11.342789571922523,1.3887664385624339,1.432801501780194,0.1746222846283305,12.573913062666522,0.878304381125395,0.9149524570650296,0.06295484092983743,7.167770340524966,8,0.8856735853807691,0.8421052631578947
all_predictions,X186,12,1964.8662395243791,2251.81568625253,803.4344959562053,40.89003514817817,15.139373733971377,16.262059505967997,2.70394445644746,17.860345506763302,908.5917709915853,1025.4957268732935,286.86579539942625,31.572572475134486,0.8186766918089011,0.8087029706460154,0.037451548695401,4.5746445538409315,1.1824811546367677,1.158918623688677,0.10510639480012994,8.888631703599227,1.1904748504418248,1.1765029199512371,0.10561853890732639,8.871967254757868,1.4080057424093335,1.4349000126726643,0.17696751564692162,12.568664339685188,0.8640338718522846,0.8744413274077042,0.06482364949294481,7.502443087558386,9,0.8912032361588007,0.8571428571428571
all_predictions,X188,14,1706.301170989376,1720.71105620353,907.7985153492377,53.202713025325,13.914923398690409,14.844150561920925,4.143642744242458,29.77840858708883,816.2499468371451,918.0104049897785,352.0487780831916,43.13002156353353,0.7862455831477032,0.8188919118420384,0.11193106043176666,14.236144893005958,1.3143115839636346,1.1913775038476233,0.3881652548227978,29.533731541206432,1.1976278123019666,1.175252805618788,0.15949915300017223,13.317923261451158,1.615244087100145,1.4390163569059256,0.7580413154472155,46.930449800198964,0.8219134826233091,0.8741356969947358,0.18188963846806006,22.130022479680118,10,0.8796710670387611,0.8333333333333334
all_predictions,X190,13,1851.3893344570718,2015.5804474662243,829.9670969339603,44.82941980312055,14.813171160475198,15.67233976015298,2.708409900206132,18.283795352562766,864.0780569400957,989.066103415505,280.1451789874883,32.421281473059096,0.8242783794812012,0.8358887533490656,0.05290348452941432,6.4181574873663,1.17329981446684,1.1396483891865488,0.09485414985719293,8.084391447747366,1.2085276801863836,1.1846310539826734,0.13937707242126965,11.53279934802771,1.418636633965661,1.3681088477775625,0.205360572305355,14.475910701057357,0.883610137513516,0.8882955956343168,0.06016754134383195,6.809285994968749,10,0.8892301427629831,0.8695652173913043
all_predictions,X192,13,1855.3415099156155,1415.775716017851,781.3830102929104,42.11531980052821,14.922779375882737,13.931523510216604,2.3433487922093694,15.703165832475841,899.0167191193416,794.0742748315467,275.3459176966221,30.627452397809172,0.8012059573060122,0.8176933879545017,0.04732004537245023,5.9061025371753235,1.212394313250841,1.2071803881136325,0.12904760011556418,10.644028820091025,1.2440622849305867,1.1720895780453364,0.20438412085233085,16.428769148301495,1.5095652469606786,1.5024548071348751,0.29345285355225387,19.439560770432717,0.8466664468396151,0.8533700549522099,0.05723099184490843,6.7595677209764,10,0.8827523941930088,0.782608695652174
all_predictions,X194,15,1556.2516254319537,1400.0476708256867,685.8622173835424,44.07142175309692,13.98326307422604,13.879742221905287,2.5432001156010364,18.187458121192503,801.342433500648,777.7766852974003,267.45987868085126,33.3764777078456,0.7950038934145345,0.8113472434509226,0.050502904630657354,6.352535509448619,1.3242636476400886,1.3302347462411277,0.1438598975363472,10.863387950935113,1.1796511555472153,1.1339520727962815,0.142709708673073,12.097619537944924,1.5588147954669875,1.53228266515486,0.2264627514565811,14.52788054842254,0.8517545671906135,0.8555014673706615,0.06494187247831511,7.6244818613085075,12,0.9041028224123248,0.8888888888888888
all_predictions,X196,15,1633.9579550204755,1404.954820925642,716.5303430769446,43.85243456695712,14.248342779439971,13.89593942231849,2.4440178412035833,17.15299722245765,832.4369688701802,805.783576267419,260.93289010015616,31.345663378490464,0.7914977463314976,0.7969065972055502,0.051956040972101776,6.564268971442072,1.2999038046209248,1.2962265427074526,0.1419631059331827,10.921047036598349,1.205526306925036,1.152060156265433,0.14003632574915678,11.616198248410745,1.5649930871804405,1.5818191226156386,0.23507355855913664,15.020741016987838,0.8440528976223483,0.8542510855765025,0.0700131620528158,8.294878466745285,12,0.8776292315034626,0.8888888888888888
all_predictions,X198,14,1751.3492882378657,1495.6322441401992,689.5166842565955,39.370597794935485,14.684905939458364,14.188051992445665,2.1133045608611485,14.390998277916756,868.6606540737386,783.945168988484,240.18282964195737,27.64978804042491,0.7975563661701944,0.8049138639042608,0.050461144224032986,6.32696902243331,1.2621277596911644,1.25247081215173,0.14104901053631624,11.175493879544346,1.1986042174534735,1.1666858354228518,0.15280989296806816,12.748986758341672,1.5166403264838453,1.4540265343525745,0.28258985404533526,18.63262166452392,0.854428216503132,0.8699176791058434,0.06489448701312123,7.595077709244091,12,0.8843353442895777,0.9230769230769232
all_predictions,X200,14,1776.6339932706019,1501.000750232458,691.0618132277104,38.897252661226865,14.760051808116303,14.205608627344093,2.106903981346854,14.274367114269227,868.8695422959537,784.7224000471381,239.05780576987726,27.513659316239398,0.8061618132734728,0.8196129969829806,0.053333556072091046,6.615738328701858,1.2325387306704259,1.199744055222339,0.10479752015767095,8.502574203138225,1.1848768959163973,1.1301268741190098,0.20074727855450153,16.942458684641775,1.4586878081687886,1.3726725166067038,0.2541368245189374,17.422290300621373,0.8611347543956968,0.8928548110765132,0.06948105697892862,8.068546371431392,12,0.8851794552383249,0.9230769230769232
all_predictions,X202,14,1806.7928944038433,1460.6950130866717,749.742458138845,41.49576082909186,14.820154510918416,14.077330073976592,2.195618618481366,14.815085880945395,872.8191471682406,781.616270183674,247.36380251007628,28.340785523853267,0.8079819278566273,0.8151542968421408,0.042809027698293235,5.298265496092816,1.2245839514019254,1.2016299095477643,0.12387734028265739,10.115871610177514,1.2071239000660887,1.1573552142133225,0.16117453009489333,13.351945901002306,1.4760285922096235,1.4114450463846473,0.22891107406053596,15.508579933255543,0.871698643710601,0.8822373533413927,0.049417625138652055,5.66911804844547,12,0.8854119595581682,0.9230769230769232
all_predictions,X204,16,1601.9643150026907,1443.2473682868313,811.3095555582117,50.64467091808153,14.017985966942314,14.02091163802927,2.857361622480869,20.38353889937681,801.1175345547401,781.939814579867,265.0434915564818,33.08422049503542,0.7933239712022688,0.7960087260138656,0.04887649385401006,6.160975292343502,1.2758731161384143,1.2045386969730965,0.1899359608017298,14.88674370509461,1.2983827425321246,1.254193209030255,0.24197614151836708,18.636734268853708,1.673221723659545,1.5369987605155402,0.48528626129268954,29.003105471957884,0.8549732068682137,0.8645511823119878,0.057020349388240875,6.669255706515964,12,0.8820414679695078,0.8571428571428571
all_predictions,X206,16,1581.583389774511,1414.2029114986346,868.8957892218685,54.93834816675385,13.523483095477939,13.926356491213213,4.2102457231796935,31.132850120451142,784.6503512155052,810.0302431901054,303.2683040584127,38.650120220888,0.8316739942063793,0.8027536932944694,0.1764102285202575,21.21146383669193,1.355500389481659,1.1743169077222184,0.4341096244412425,32.02578382196152,1.319951516647902,1.239597341158478,0.2776549588283558,21.03523919829098,1.8782341105295757,1.4837514727448284,1.1307164859229417,60.20104094500401,0.8081340014011428,0.8640060482767116,0.16253896430657164,20.112872868207695,12,0.896947006781394,0.8571428571428571
all_predictions,X208,17,1491.9093233253009,1421.0183977485724,725.0361512588996,48.59786985196086,13.537003903121766,13.948698682094276,3.3432176575030015,24.696880354241625,767.4723484727351,783.2006291518651,270.1846726974632,35.204483032532565,0.781837280450059,0.7888212918914148,0.06469387238753241,8.274595495151095,1.2986001735953157,1.217583880237081,0.22998936622690452,17.71056025582947,1.2464816184141687,1.1811443443169312,0.17797203602382622,14.277951106110208,1.6267959508892649,1.4984483722118345,0.43715810428135693,26.872337864032094,0.8169946391993925,0.8561679482243055,0.12523438822763733,15.328667070613804,12,0.8107590394738948,0.6896551724137931
all_predictions,X210,18,1515.4891924554026,1497.708346105565,799.330541773687,52.74406084537019,13.669286733097879,14.194829040251062,3.0656568026751247,22.42733554818301,773.7944747980077,818.3918565909453,267.6594219670596,34.59050570720729,0.7827194751003297,0.7896581291774749,0.07309844182072026,9.339034500368147,1.3164404553078686,1.2451606412489182,0.2848438670671673,21.637428864988234,1.2722358217277119,1.2364297282895618,0.2113791760340346,16.6147794633686,1.6909138495707137,1.471895446833356,0.5297337145792845,31.32824979307919,0.8457522371622388,0.8564034583980118,0.08777570743129356,10.378418592873995,12,0.8407841043438465,0.8
all_predictions,X212,17,1618.7846883531029,1482.4626276326271,756.1563926191873,46.711363040409985,14.119747992301518,14.146913903909972,2.7256299000624256,19.30367242778352,804.6316522694354,829.2198290018883,244.60265805374493,30.399333330207888,0.8004636087626621,0.7929465483469432,0.055900870529432725,6.98356176564266,1.3215283871610757,1.3620250459890206,0.24860229826486235,18.811725928862796,1.207884692828387,1.151158332827534,0.20723476509672534,17.156833456632658,1.5925845310661695,1.682089764050715,0.36521548445182855,22.932251150733702,0.8594135172920961,0.8574042005239554,0.07687741552685382,8.945334693953253,12,0.8428435899852355,0.8275862068965517
all_predictions,X214,18,1532.5174227167856,1496.1984537671171,667.1296595016355,43.53161990934985,13.921596091342373,14.19038060618778,2.494097334774653,17.915311710025073,800.7758971193035,853.4587117801016,231.917083858049,28.961546506624796,0.7845842288711427,0.7996991763520722,0.07840366922115265,9.993021314481378,1.2975166307488584,1.234180413432855,0.2192917535621996,16.900881912830354,1.2874465727189428,1.2444385798796422,0.2509330982076606,19.490758181733167,1.6823197980347155,1.5384355688341516,0.47212533071386503,28.063946656598905,0.8329923421667085,0.851928182206876,0.10855614268837976,13.032069707389244,12,0.8358137912536943,0.8
all_predictions,X216,22,1238.9429208851986,1390.2123998988534,583.8605791699598,47.12570444753046,12.591329894900262,13.846985314087847,3.5016253041633028,27.80981304906903,697.3192933546305,740.2315679391362,270.5917675160619,38.80457203676553,0.7442127973903804,0.786368080011315,0.12577181865079803,16.899980636159878,1.4773932506407845,1.2986995801556704,0.4667166237809861,31.590547985687543,1.2644727643210174,1.2338428473552365,0.2401119232469338,18.989094112744016,1.8531190620179658,1.6095862786531359,0.6061384236119597,32.709092256160886,0.7900135637191444,0.8687598231286529,0.17976398988704678,22.754544749937253,18,0.873054197247862,0.8
matched_predictions,X001,4,1251.4071583962739,1272.650504769157,133.87922736749064,10.698294833079107,13.357103536641876,13.438402951994274,0.48121275720507356,3.6026729588865325,694.0789901491,690.7836695073395,72.09297001107927,10.386853806883344,0.8105224955933005,0.8085048847129315,0.03269793145134005,4.034179387878092,1.3523960753863484,1.3539419638724675,0.041154367870048975,3.04307063729774,1.2147799025592556,1.228416288983592,0.07532278255772293,6.200529198666815,1.644086451786535,1.6623002655195693,0.13410278209637047,8.15667460495454,0.8750054992398968,0.8852871703674476,0.06733793891481554,7.6957160810201675,4,0.8207501635686935,0.8
matched_predictions,X003,4,1277.7149353210339,1300.520600849672,144.2991371608206,11.2935313794829,13.448555964574677,13.534755783553202,0.5116578092794171,3.804555750276782,709.4002073621897,708.1606988621113,83.81037706995768,11.814258890844624,0.8050262370386483,0.8006926897271243,0.03952927305840234,4.910308663207531,1.2713441595626118,1.2209883053481292,0.138171510545913,10.868143728559621,1.2642611337412886,1.2284332589137008,0.11323007700271583,8.956225417421289,1.5998505375531091,1.6154781900236403,0.12762943297196844,7.977584779086378,0.8562104616839517,0.8628503249781363,0.07982651194401298,9.323234825584146,4,0.7933208052565504,0.8
matched_predictions,X005,4,1307.4933675515313,1324.1126686379182,143.3021470519506,10.96006684303909,13.553084178453918,13.618426268052996,0.5004089449526253,3.692214542193672,708.5098854453158,713.2831380660398,67.81104752758515,9.570938799952556,0.8167224191046358,0.8143351619451276,0.024026669529975318,2.9418403325227076,1.2556255618302343,1.252569162047985,0.04549912754047639,3.6236222743152515,1.3213716170515726,1.3334884496301527,0.07631469330532385,5.775414903765511,1.660582408176098,1.6813447391222485,0.13730691042220805,8.268599603738979,0.9019803977648397,0.9003825854249449,0.03429649144537654,3.8023544115110766,4,0.7970688994918184,0.8
matched_predictions,X007,4,1324.8047026263732,1345.0624248338809,137.0108434330461,10.341965359983059,13.614105841737386,13.691540152196723,0.4754534909946237,3.492359296465907,712.8710441853511,706.6666781855215,69.27394496347614,9.717598369090787,0.8195540089904798,0.8241015451558756,0.03655312213975631,4.460123645149654,1.2931679994431227,1.28792298801846,0.09424255406757273,7.287727047696544,1.2671388083613624,1.2774858436469039,0.05428097483098989,4.283743380978515,1.6376708238996942,1.6017676224104527,0.12444991305185489,7.599201941908524,0.8773059610164293,0.8857912044745632,0.05949142507123957,6.7811490762372095,4,0.8002048504946329,0.8
matched_predictions,X009,4,1355.537302931862,1360.6856163914308,131.05906576073446,9.668421922234796,13.720297214870904,13.743564818523922,0.4442465575515756,3.23787852838985,722.1802695985467,718.7305828282676,73.56336801006555,10.186288812758445,0.8219910801009842,0.8152354125276844,0.03445679764949991,4.1918700194735425,1.3050896359269215,1.3423133537475211,0.100359748813021,7.689874017100894,1.2194665944855945,1.2178928739974744,0.04182393111966172,3.429690596592704,1.5931948762299586,1.639386907353988,0.15758432217569826,9.891088938761616,0.8822400032496229,0.8784255171209396,0.05807059304153048,6.5821763723742475,4,0.795517697569996,0.8
matched_predictions,X011,4,1380.6078069681716,1400.1525244603013,135.53727830303063,9.817218012164645,13.803907813413376,13.875887532737277,0.45682130175801827,3.3093621598524523,731.4157300262364,733.495822538963,68.58898722477508,9.377565235343619,0.8208401636873388,0.8147108292125682,0.028049625135901063,3.4171847792995265,1.2971166394540552,1.2883931233733485,0.07675691952843068,5.917503267920222,1.2555858708026475,1.2409562811708499,0.08895576261777506,7.084801182169172,1.6271088999108623,1.646500199760459,0.12334418305617138,7.580573313988298,0.8944227428268772,0.8841443524888728,0.0322137175845287,3.6016210279621577,4,0.7893490412935025,0.8
matched_predictions,X013,4,1405.332294010254,1417.3065790832215,127.04856295785211,9.040464201908186,13.88760795868126,13.932850199913513,0.42164323743864035,3.0361113209209485,733.4694882641786,736.264843246166,73.50417632169696,10.021436133035499,0.82921031963938,0.8273517982979373,0.0354682665901253,4.2773547012234845,1.2663267545461956,1.2668623185809968,0.058453592181088816,4.615995987705117,1.244188667403843,1.210019523371991,0.09221966389739601,7.412032138970049,1.576511304120852,1.574533675121576,0.14965215385585345,9.49261533771923,0.9032374205519655,0.9023050855994863,0.03865675927105295,4.279800459045411,4,0.7994198556772115,0.8
matched_predictions,X015,4,1427.047481738902,1447.3576307637168,129.75149581404233,9.092304038540895,13.958616730768926,14.030412635071428,0.4274299505953805,3.062122550103395,741.4713737391024,743.2353353938288,78.1889196838023,10.545102947064578,0.8291550778318606,0.8259311952509839,0.040157236538688565,4.843151493891208,1.2452059175894283,1.2285798905009395,0.12412643082051085,9.968345722352892,1.2692455977758934,1.2865264526824376,0.07547748766255222,5.946641673984283,1.5766861375568895,1.6032880900463855,0.12979612279399738,8.232210565072855,0.8922125771832619,0.8889837603457789,0.05145384616037681,5.766994041130638,4,0.7981326480088652,0.8
matched_predictions,X017,4,1447.5673380329458,1462.9388808674207,131.40450930527135,9.07760943845506,14.025275310571772,14.08010206894556,0.4277158630649973,3.049607609075593,750.839804530853,752.4174855050205,78.7911031585576,10.493730178275328,0.8265715128310872,0.8243630059270202,0.03865366111566175,4.676384380011988,1.2790623767297162,1.2512986581289995,0.15097718202271967,11.803738798785984,1.2060157056953722,1.1997192544883708,0.09485272111361641,7.86496566053637,1.5365535015782774,1.5377237368511358,0.14739237684587403,9.592401220945403,0.894293028016494,0.895381137943502,0.05047158813868939,5.6437416548615325,4,0.7968878082667593,0.8
matched_predictions,X019,4,1470.6770791019653,1483.1336908941594,135.55141343595227,9.21693928341656,14.099232631124579,14.144340533283378,0.43609122599932837,3.0930139065628355,759.6885393338663,767.406742570104,86.86694986917985,11.434547893186492,0.8264757307421728,0.8282035134853887,0.04514184179832551,5.461968224740037,1.260293364532128,1.2185688821535474,0.18558109878947257,14.725230173561043,1.2181429332870597,1.237050696519547,0.11875200752210106,9.748610304839879,1.5231323083117687,1.5095754199716924,0.14867553990933022,9.761170391961638,0.8828433786667905,0.8874763005329747,0.06884258249453813,7.79782509084448,4,0.7904518677427044,0.8
matched_predictions,X021,4,1492.00430838254,1502.5945254785975,129.04456160163116,8.649074327508242,14.168275701213824,14.207106486328893,0.41107171690410815,2.9013531750295543,767.4700410098769,780.0964059066262,81.54301909374753,10.624912340089393,0.8255735224955387,0.8228217056306906,0.04262105082023556,5.162599048889177,1.2289830728902849,1.2161689878725281,0.09670991728335107,7.8691008376471485,1.2246441681170475,1.2032313169288953,0.09461853332772466,7.72620617409263,1.505823840239556,1.528336358141162,0.17066407154455088,11.33360138045102,0.897756310612303,0.9057491381356779,0.049434429674383246,5.506441903000062,4,0.787953852356947,0.8
matched_predictions,X023,4,1521.195560259197,1522.5586575091843,125.17873370760034,8.228970487283773,14.260983521021377,14.27014424305536,0.3921580657067447,2.7498669017370707,776.6465476716825,781.9692737422013,72.57284199996364,9.344384806387229,0.8254209414660726,0.8224194133521826,0.0330378405575327,4.002544507636611,1.2557305659808347,1.2295516939150706,0.08936035440497253,7.116204449094885,1.208062241813309,1.159245952151918,0.11700936724661772,9.685706844954108,1.512565363686197,1.5170472281366911,0.11649549568955281,7.701848692716822,0.8945499753213083,0.8904068669228817,0.03771163268524661,4.215709991127235,4,0.7905324460689582,0.8
matched_predictions,X025,4,1538.7900001474977,1562.214302120361,125.4941705996896,8.155379914586176,14.315786161292422,14.393307343863619,0.3934533707181652,2.748388151968906,779.2964672892776,790.5775852441988,73.85372075486147,9.476973636459038,0.8290911552848874,0.8285668712546639,0.03474016138618935,4.1901498001449715,1.266163396117325,1.2380701414455428,0.08783115671584914,6.936794807461844,1.2167132442186526,1.2013366702110717,0.10967509768681545,9.014046506680913,1.537085343687672,1.5526326279380658,0.12462611490768848,8.107950246190876,0.8880717634065483,0.8920408980770206,0.054634705464081855,6.152059745094132,4,0.7937214791842587,0.8
matched_predictions,X027,4,1565.5486477010998,1598.8082206007962,129.42040357039275,8.266776235950106,14.398027206721267,14.504824008969589,0.40227801348691267,2.793980089849544,785.2669284857798,794.7739250287088,71.88169321555618,9.1537909732382,0.831970999789418,0.8333469790504107,0.03210275062991264,3.858638178258406,1.206221420046805,1.2047946414247521,0.0410392406990304,3.4022974569161564,1.2771539934202774,1.253466030499108,0.12446463412271631,9.745468030005863,1.5394734598983482,1.516589750849129,0.14315819208330097,9.299165968912108,0.8952861588692539,0.8943270364134002,0.046655371510053674,5.211224483686802,4,0.7888837130515796,0.8
matched_predictions,X029,4,1580.637085722116,1598.9550156892565,118.59205656645753,7.502801094425708,14.445650753153483,14.506888291583614,0.3652541441745925,2.5284713746444245,790.6476668767554,803.0838435736455,73.91105934993497,9.348166376295156,0.8322301230071081,0.8338270416170279,0.03921640172141632,4.712206472377518,1.199696694764671,1.2038080692891915,0.01279436045775273,1.0664662588123937,1.2840529308783686,1.2771682477275141,0.14199999523471873,11.058733781136445,1.5413397755563072,1.542651371163045,0.1804462477914938,11.70710382312468,0.8989718787354208,0.9053520485039529,0.047450168269556656,5.278270587985974,4,0.7881838865828066,0.8
matched_predictions,X031,4,1593.6284510508435,1622.0228153044304,119.88894703641202,7.523017486124629,14.485041926181024,14.576098165838578,0.36850557011390184,2.544042136653023,789.1496473355944,803.136641305729,69.38223302967819,8.792024841414223,0.8378343152174861,0.8352843915113455,0.03317725819914168,3.959882950190395,1.1443183810864455,1.149653300236739,0.027979140998712196,2.445048638661915,1.320214744788656,1.3187712844796744,0.14167065173142293,10.73087937327211,1.51245786596351,1.5149500611867728,0.18526722550893618,12.249413995470997,0.909066047191473,0.9065975440678105,0.03616810589644409,3.9786004557297194,4,0.7882941624968232,0.8
matched_predictions,X033,4,1608.129708718019,1623.9940636351816,141.10259694396518,8.774329345389086,14.526390555732446,14.581252614388916,0.4290679497708285,2.9537134371036755,795.3292340794534,803.511366785378,76.57464412227638,9.628043436741894,0.8364379403329004,0.8384765042293425,0.03416135426261018,4.084146906226425,1.1518168592916682,1.152426940082612,0.03906336459463397,3.391456226700548,1.3273037889309802,1.2923530616547751,0.13057964357436558,9.837962090015228,1.5312079454613654,1.4887552525572465,0.18800768759221012,12.278390283271543,0.9009926969955796,0.9040441420042635,0.04031463193152191,4.474468224432202,4,0.7912180287540331,0.8
matched_predictions,X035,4,1635.5279634427689,1655.3872418387414,136.27573097553832,8.332216508770621,14.609349687925343,14.674425292788193,0.410025748107353,2.806598218716334,804.5451712056301,813.0945720480024,72.78234466316832,9.046396307879425,0.8359864340368477,0.841009156671245,0.0323163424520236,3.8656539312453955,1.168304283655256,1.1841424324184169,0.06464047777990212,5.532846081644281,1.2883357255032282,1.269269526603273,0.14799088401758068,11.486981311472594,1.5007750718761748,1.4926768414281835,0.1374901210281367,9.16127430450022,0.9048375336213998,0.9254187606227284,0.052333125835483704,5.783704133716983,4,0.795172718769296,0.8
matched_predictions,X037,4,1662.024476909835,1684.1171377230949,137.4925614871559,8.272595463984548,14.687909129893386,14.759857348547031,0.41028934393605154,2.793381551503578,810.0526521159464,819.6647913281331,71.74289673815284,8.856572045132193,0.8391601635604169,0.8411360906679538,0.03299681231619821,3.9321233000620794,1.1779709126002793,1.1796905010729186,0.05818618704045157,4.939526640094201,1.253659294002075,1.2444540367092094,0.11804719475273531,9.416210234910915,1.4741391344272832,1.4710289482987056,0.1186412001111384,8.048168408284718,0.9071905502973258,0.9166533278581657,0.04165541143360045,4.591693709766726,4,0.794322993243189,0.8
matched_predictions,X039,4,1670.3498554982202,1699.2789732883411,144.69761610785267,8.662713121539037,14.711549881078572,14.8029113384795,0.4307733771371294,2.928130486721684,819.7528360655698,828.9464166759451,81.55621045024182,9.948878108390998,0.8326686988125127,0.8321441044882633,0.038045791149548557,4.569139107042994,1.2015133406755576,1.216749560820936,0.043718805577740584,3.6386450401923494,1.2432451281177683,1.2514551485373007,0.09653560415463731,7.764808561992035,1.4942742844947925,1.5020116957158078,0.13594988933865662,9.09805453719768,0.8985937123178256,0.9008126460896029,0.0505195462831575,5.6220676364235596,4,0.800943199116497,0.8
matched_predictions,X041,4,1698.303834486427,1729.2880835149904,147.87980256819276,8.707499775086601,14.793070736915858,14.889130785457418,0.43527233758040307,2.9424069236293744,830.3783384597523,839.729933447408,87.74322586278068,10.566656402132715,0.8317041383135705,0.8354887821904593,0.04207745472589847,5.0591854467885735,1.1977261562994852,1.1898527118840607,0.06320294007429067,5.276910731378158,1.2194799794259865,1.2136827206176077,0.10442995857919654,8.56348282391254,1.4627350324604818,1.463451129564925,0.17212450788381248,11.767306044094674,0.8950614463802521,0.8955762845171991,0.05277674591307934,5.896438297785648,4,0.7961856445685611,0.8
matched_predictions,X043,4,1727.0442157342416,1750.950844426331,156.24950560041282,9.04722092097592,14.875337283851579,14.950339468291547,0.45346713334825983,3.048449421315215,833.6099136649427,843.2763320076975,87.37042772014544,10.480972729321774,0.8374782360787805,0.8349756013186957,0.03838484294750483,4.583383936904363,1.1481662014200784,1.148606399828497,0.03613865167603715,3.1475104938065614,1.2805062707700265,1.3086839296318442,0.13115489248944426,10.242424850490961,1.4692650033073422,1.4644637359432453,0.14696194052537379,10.002412103640921,0.904364004953996,0.9023262304315298,0.04156664839113398,4.59622985473072,4,0.7972744149196461,0.8
matched_predictions,X045,4,1748.8328010071198,1785.7203096644753,175.4268880925686,10.031084045973037,14.93520766187229,15.046715435829128,0.505955964552461,3.3876727796969504,843.2413057938319,852.5951297721483,89.98561230174178,10.671395208401092,0.8344606916058528,0.836694977096229,0.03453704710497084,4.138846497191744,1.1965075011271702,1.1968719601010216,0.04931654000142466,4.121707549260326,1.2687366965744336,1.3000189088953629,0.1325440153824708,10.446928487237523,1.515618568271652,1.5010966646980382,0.1421877333568986,9.381498507176746,0.9106260749219632,0.9136431239584131,0.03877135620260247,4.257659347820126,4,0.7995577773505095,0.8
matched_predictions,X047,4,1771.5860397184506,1811.3045965103956,180.9210311591647,10.212376204314502,14.999165930942345,15.119267546827405,0.5188531115931171,3.4592130921277127,854.3972463856371,866.8796701645675,89.78171525381528,10.508193423330836,0.8304327753693892,0.8298314994491403,0.031604247671199064,3.805756300639869,1.2208763507175635,1.2105225487595952,0.048242257911217626,3.951445032321537,1.2492684706432837,1.2710435842749055,0.12061810706520552,9.655098955879023,1.525579645134619,1.517120746215514,0.16548596898346696,10.847415899342591,0.8997302585910132,0.900968852959992,0.035054254254349486,3.89608484538964,4,0.7997412123178383,0.8
matched_predictions,X050,4,1802.9897032854715,1830.7444603679107,186.81532841317167,10.361419595062033,15.086971198674437,15.172528900806777,0.527374191893828,3.4955604073809314,865.0080622588297,872.8785102433649,87.87895523801124,10.159322100250657,0.8295022875481475,0.8300207284124246,0.0275404580052331,3.3201183913111927,1.2194140065760197,1.2102684377515371,0.03914873159004586,3.210454478866549,1.2415842875809793,1.2512451349931073,0.1079488555933268,8.694444402453515,1.5124808343908405,1.4867930732793506,0.11901413334978053,7.868802740744421,0.893183436330629,0.8944631245183746,0.03552627963150407,3.9774897503085063,4,0.8021446582020876,0.8
matched_predictions,X052,4,1831.9188210755922,1868.8482711867937,199.88179547580563,10.911061842710208,15.165694516127203,15.275556085230825,0.558985186024645,3.685852866350565,870.1026555238186,878.0110550943859,85.77866430925943,9.858453340499118,0.8328861384615469,0.835874540266323,0.022585939447573533,2.7117679601791442,1.1928702545038168,1.1909658725143981,0.05588183051007053,4.684652861372169,1.2797973284341058,1.3120782227646886,0.0949506475501752,7.419194073982943,1.527356041214722,1.520797348972917,0.14676075758641766,9.60881114986767,0.9016699160843533,0.9073522086042713,0.019278784405425874,2.138119955154664,4,0.802647626837942,0.8
matched_predictions,X054,4,1865.7760596925912,1896.9280745365377,215.09427896972284,11.528408130885879,15.25679923366146,15.350454450500694,0.5932741615760964,3.8885886383504387,880.4385441748592,888.3549367643449,91.9300117653376,10.441388825326106,0.8333234110338896,0.8344709797565141,0.023434481735776603,2.8121712921399693,1.2099864501970012,1.2115096786253643,0.05633553630959388,4.65588158449392,1.2817759825090442,1.2904288809029199,0.09044282725668916,7.056055698566734,1.5518175239593024,1.505796326421931,0.14751757992400258,9.50611638587678,0.8936413657907296,0.8937216147412752,0.02491881464686441,2.788458054962043,4,0.802344804683834,0.8
matched_predictions,X056,4,1877.876169127096,1919.0731621671048,205.1623605074341,10.925233723094792,15.29137115692574,15.412122266333391,0.5656108675242271,3.6988891429010384,883.9513534252227,899.6581277514824,91.59060988972263,10.361498914484176,0.8339143105878046,0.8335844470667384,0.02670309329898493,3.2021387521414053,1.1730035023850138,1.1958252076385834,0.06795443162140899,5.793199379476735,1.314345554789519,1.3121166694350248,0.11234708254685546,8.547758398653912,1.5410613402659008,1.4883773350301397,0.15512765518532573,10.066286859065544,0.900137685005129,0.9034376795721475,0.03367843030266558,3.7414754280034037,4,0.8094004514138504,0.8
matched_predictions,X058,4,1927.1049505785697,1955.9397000975378,212.02870399308372,11.002447164562932,15.42375436786219,15.50848918187783,0.5715996151077694,3.705969386408194,905.4077110510741,919.3703841859797,97.37611271282755,10.754946255072767,0.8287117874117569,0.8270015120065832,0.03165538515079489,3.8198304442683733,1.1878621293947915,1.204307109588578,0.09395311701615028,7.909429443972494,1.3159666502121703,1.3241923798671897,0.15014073805847777,11.409159801600666,1.5551512742154776,1.5035751867766087,0.1219827529854014,7.84378696837307,0.9028214947469992,0.8974984482423924,0.036805027491447574,4.076667171261975,4,0.8110758823292546,0.8
matched_predictions,X060,4,1951.095462178351,1983.13873291652,223.70446120995706,11.46558256868664,15.48607277590497,15.580307247353629,0.5992526022186638,3.869622795206352,907.5344495313798,916.2876098718652,91.44451641192245,10.076148234278193,0.8328606150213046,0.8381142324045014,0.02940633590653446,3.530763176474883,1.1952444214362337,1.1969539568174183,0.04721995761707695,3.9506528347010685,1.317467025248033,1.3155397440332457,0.08769301251174055,6.656182722693271,1.5747843506655972,1.549839484806156,0.12496789479637752,7.935556048900199,0.9011824346506461,0.9081607949684396,0.0421963186312337,4.68232812899772,4,0.8063318154718188,0.8
matched_predictions,X062,4,2001.1421019798174,2032.105380281458,220.73550441830912,11.030476256530001,15.61873101676251,15.706510279983291,0.579989124744692,3.7134202780125323,927.6551608171252,939.871524603123,87.88822817930507,9.47423481176871,0.8283859018826905,0.827692372500108,0.023677550038948593,2.858275350309091,1.2306113333620703,1.2489527620634484,0.05631530788606584,4.576205854712112,1.3073782333964188,1.2889167723397617,0.1308810391805898,10.010954430576366,1.6055919226408735,1.5576316626377862,0.13364199182653239,8.323534139778081,0.9020374647680375,0.9002499148737656,0.028170117835065758,3.1229432185845867,4,0.8029071721449217,0.8
matched_predictions,X064,4,2025.9609572930524,2061.1498370696545,229.07647673292635,11.307052878205626,15.682225540898546,15.77950446577399,0.5967416450166149,3.8052101945628776,944.7939124899792,957.3832603789266,95.42633082388208,10.100227103748852,0.8204093791324631,0.8175513981572697,0.026824385807529907,3.269634220405328,1.2503010804464534,1.2946883077300155,0.09801930735882149,7.839656294931864,1.3014026550676185,1.3105280808019968,0.14926442456589217,11.469503614785285,1.6197593070555323,1.5917764692669647,0.1439106020550254,8.884690548043972,0.8917872751249205,0.8900094657275918,0.04092578089352374,4.589186461288193,4,0.8100852518320499,0.8
matched_predictions,X066,4,2079.7089303964085,2110.032601526901,217.10772828763118,10.43933240437876,15.822236778455622,15.905481881735408,0.555538497025094,3.5111249111221996,963.7800844459398,975.3997431423495,95.96153923204092,9.956787941639977,0.8189101007864767,0.8172724127342077,0.033657177618117505,4.109996638922067,1.2097152652694352,1.2325939893137785,0.10578534567844103,8.744648324734488,1.3190062100330273,1.3218941705028535,0.1308733741678,9.922119636155694,1.5905965255084877,1.5349909818862986,0.15871204934728628,9.978146362198837,0.8845352387601758,0.887421555367331,0.045357831015503655,5.127871567794207,4,0.8076084181818769,0.8
matched_predictions,X068,4,2113.062871567258,2138.2382292381817,225.3815107705531,10.666105292143424,15.905743975232395,15.976033086194025,0.5702900548791981,3.585434644033152,972.7426203124608,982.2346118104713,98.1309888417376,10.08807332922416,0.8198462544016434,0.8166286934721027,0.02885015958940492,3.5189719333975518,1.2123076383764158,1.19009967161894,0.08724180267262603,7.196341911155877,1.319862646780226,1.3130622990178167,0.07869977460684441,5.96272459098912,1.5999340467657972,1.5612654933025618,0.1484401390824957,9.277891134485294,0.880415896611456,0.8820178255321718,0.04125804663576136,4.686199646616479,4,0.8059176413031603,0.8
matched_predictions,X070,4,2159.963902330291,2182.04607778009,219.44661519824493,10.159735306756447,16.02401618319458,16.085018935339466,0.5466412908714561,3.4113875361955395,985.1211532900894,1004.8356857698627,87.81841343342076,8.914478502479257,0.8209202595747063,0.8107602383758221,0.024445784505868852,2.9778512858890176,1.1847534196335854,1.1755549664774316,0.03592919103176537,3.032630287142566,1.3475959956561518,1.321215069028988,0.10583349033373834,7.853502880305566,1.5961686662686476,1.5937974010188694,0.1264620815026854,7.922852025300993,0.8893374289731913,0.8773545770044804,0.0341111115402297,3.835564593251586,4,0.8062571551785653,0.8
matched_predictions,X072,4,2192.479014424225,2205.805911383719,227.32576320357384,10.368435077736544,16.10350042732088,16.141406936321587,0.5592548385773687,3.4728774722081415,983.6945163103666,1000.9096298754208,79.39849439693681,8.071458474196241,0.8300797704409653,0.8321582399216316,0.034609171985578085,4.169379042594012,1.1797753722598898,1.1739777926807355,0.018816870779276088,1.5949536853979154,1.3131099263175012,1.3263139234385315,0.13125965463592248,9.996090350487897,1.54787477791915,1.5724401818054257,0.13814749324384784,8.924978636163532,0.8949672254610256,0.9021627318515582,0.04870073082474541,5.4416217085109615,4,0.8056064341725512,0.8
matched_predictions,X074,4,2218.598054806679,2233.130768564239,245.91191938831446,11.08411317929071,16.165054351371065,16.209490070584238,0.6014218332532387,3.7205061002608266,988.097292188118,1003.689242957139,71.97315456262793,7.284014958005308,0.8320000397460436,0.8310397528607234,0.027726812404404104,3.332549408635524,1.1224807759622102,1.1144750986547316,0.07278052845189403,6.483899770087848,1.4087837191860015,1.4184389203585146,0.09195594977880601,6.527329108540406,1.5769815867327632,1.5790850798663394,0.05279997944660827,3.348167149877813,0.9066553872950603,0.9122915147430364,0.03857130332293654,4.254240791312252,4,0.8031720922861163,0.7272727272727273
matched_predictions,X076,4,2299.0207925559457,2265.782190383172,314.41815307329966,13.67617700941904,16.349636556760725,16.28384819452583,0.7434388361826062,4.547127598840644,1023.0095238289673,1052.442630114941,67.99438511301655,6.646505582716769,0.8224813117952877,0.8283310547479166,0.05560755898864617,6.760951062494983,1.1321713383503376,1.1312365161068092,0.030502322416324574,2.6941436674036328,1.3627451702381026,1.4142665513872585,0.13133806523734332,9.63775679457338,1.5442421485296671,1.591149146396254,0.17087239531084283,11.065129615425732,0.898105417542455,0.9141134335340269,0.06084843814100927,6.775199987938261,4,0.8119909275729517,0.8
matched_predictions,X078,4,2378.3215964148376,2387.810850347443,359.69363049055454,15.123843261263275,16.529267533094497,16.564200318719184,0.8394947088599293,5.078837929019621,1036.1217766630855,1054.0163400326142,54.98522769110402,5.306830618712447,0.8298595787385736,0.840724940367589,0.068558257533062,8.261428715117543,1.1629634692500979,1.1484400524665497,0.10646942716457707,9.155010452153814,1.2016191769584537,1.1761891719242366,0.14918148516690055,12.415038643483513,1.405076938245601,1.3917697123720423,0.27204245330300025,19.361391956420288,0.890761773403447,0.9145291618396719,0.08425850429112906,9.459151347412659,4,0.8129248399795781,0.7272727272727273
matched_predictions,X080,6,1568.3517348664589,1412.8188435217241,339.48854123621857,21.646199235092194,14.355585634322047,13.919507559179447,1.007417653402666,7.017600528912466,792.788666994184,690.9845876220577,180.80953664618815,22.80677615280726,0.8319672898124745,0.8620229161365275,0.06502957107083275,7.816361516507508,1.2156590536768148,1.2151682300662148,0.07834307672489135,6.444494160425922,1.129429539990597,1.0915038032881639,0.08190856962611091,7.252207129874861,1.3735632506399247,1.3681373078958265,0.13704014683952837,9.976981167462306,0.8900477705720419,0.9255345778016364,0.06613212966553106,7.430177553619098,6,0.809316381679282,0.8
matched_predictions,X082,6,1591.9228319277825,1369.1787607951992,405.5711699303394,25.47681092300196,14.405878502499922,13.776954828721703,1.1759282714763382,8.16283624266492,822.176801898709,699.8173947806965,201.78688477147435,24.543003926342138,0.8087481603571341,0.83224431602367,0.057097610303527675,7.059998786063885,1.2196493438764922,1.1965071042773954,0.13704130203258288,11.23612313003141,1.1562394270192466,1.141782015771838,0.09072296301162656,7.846382063402549,1.4069912043242685,1.4051446641169871,0.16046463295220448,11.40480711315252,0.8624432488227134,0.9017737069571488,0.07289121105498725,8.451711014549435,6,0.80106253140929,0.8571428571428571
matched_predictions,X084,6,1597.459103835424,1336.9257827878014,456.8536260261848,28.59876818938906,14.401778556097893,13.667500336545576,1.3184613378169865,9.154850789305696,824.5745982356775,717.6331177444683,203.57949625401864,24.689033192340972,0.8053067772400174,0.8071018069845615,0.055414767797789616,6.881199732070992,1.265218072612665,1.2486829412038583,0.16690803384648112,13.192036808470291,1.2320739062687365,1.204614337848653,0.0904019777202439,7.337382705719414,1.5544276572273674,1.5194784886008657,0.19606857704840427,12.613554328937493,0.859424858868228,0.86761721043697,0.07414483472555779,8.627262053275807,6,0.811839311544654,0.8571428571428571
matched_predictions,X086,6,1604.2116779045934,1317.1713580264432,506.04206181854516,31.54459407000033,14.400494944172443,13.600230366335378,1.4517203188206427,10.081044606096134,804.1177399590835,723.5357932798651,161.31586964435087,20.06122507041807,0.8164477744566806,0.816169932180705,0.013165781746177451,1.6125687592129025,1.2403382531943052,1.2346654592957993,0.046265197013467395,3.7300467750888373,1.2145204148438278,1.2013603949774643,0.12281084472781355,10.111879819130541,1.502443189836136,1.4886529271129492,0.10845194129043252,7.218372183660458,0.894590654222371,0.8956770036383582,0.013358073173995469,1.4932050889361306,6,0.8153536049520946,0.8571428571428571
matched_predictions,X088,6,1635.1085489043114,1336.1708366185771,533.492848141306,32.627365840561495,14.483743922816856,13.665275954835412,1.5103736483605383,10.428060979324432,815.0407877198037,729.4709313631463,158.74875147882597,19.477399643145333,0.8136541944252348,0.8073341800458466,0.014669718715494582,1.802942677123083,1.2752251264527572,1.2850837945459705,0.03603850034250748,2.826050051472428,1.1783214954721621,1.1589593745548636,0.10290313527841358,8.733027079097758,1.5012718110215282,1.4558714426571728,0.11853126957219708,7.8953903418424565,0.8926433030951944,0.9015979799029621,0.024190073435659556,2.7099372562121657,6,0.8169193150005972,0.75
matched_predictions,X090,6,1642.9865519850089,1330.9071841609334,554.6983221789135,33.76158627158226,14.498002947964928,13.647361675606092,1.562087912474658,10.7745040339775,820.4239943309677,723.246434910807,169.20139438778904,20.62365259389664,0.8108842598175392,0.8075005514707381,0.021033429658485217,2.5938880183983404,1.2384100789999148,1.2376862388483238,0.10255998421301057,8.281585070418151,1.181935526662879,1.185433917209218,0.09488489553880994,8.027924823167936,1.456707448293695,1.4760990019812634,0.06431538319024446,4.415120089183307,0.8869021443861794,0.8792086381432611,0.027781045393957197,3.13236872520861,6,0.826153313093981,0.7058823529411765
matched_predictions,X092,6,1672.4713940385857,1341.7909914339107,578.5051091523816,34.589835809116074,14.577380916789258,13.68449303432827,1.6079488530770243,11.030437238729872,821.8163970805263,721.2470853963046,167.12499616112535,20.336050333727947,0.8176756938698797,0.8157219539383842,0.019811519285026346,2.4229067139397005,1.2215284049564366,1.209080981945601,0.11540321922485755,9.447444591267871,1.169075772933992,1.1578412172944668,0.11062407593678444,9.462524029486534,1.4198872855480407,1.435111294173053,0.08676282863369655,6.110543387266707,0.8962834556001242,0.9005250955283319,0.01927105796454998,2.150107518346042,6,0.8202602779843369,0.8
matched_predictions,X094,6,1700.4183827844845,1350.1163700222962,622.5614348962628,36.61225032611094,14.640422248545647,13.71166709508134,1.7081959077251496,11.667668313971195,834.2333738466538,736.6604707516774,163.96241944186144,19.654262773716425,0.8112583727979971,0.8087448298379082,0.03840584443632025,4.734107618989504,1.2589556852783244,1.24497944142374,0.14060481519101725,11.168368897745035,1.1600241460999412,1.1564395949847084,0.09343827572519003,8.054856102722875,1.4564729134613377,1.4460790801695447,0.16474824482660652,11.311452709070911,0.8851282736654992,0.8967465227403693,0.05135921278218368,5.802459859235381,6,0.8197706938829611,0.75
matched_predictions,X096,6,1764.3161877185169,1354.394398314565,702.6055869752005,39.82311061169585,14.791137596524301,13.726604778130598,1.87523778750378,12.678117387971788,839.8087650726578,750.2842625972017,159.46550463295426,18.988311537705584,0.8209804776462462,0.7952998913695919,0.055104588241925614,6.712046113436297,1.220602400092318,1.214778481529695,0.1470944141833458,12.050968781662283,1.1536424384705286,1.1261348005196863,0.11730662821913009,10.168369705144723,1.4146495568821982,1.4543269505138627,0.26444748309960503,18.693497750950506,0.8869509034092081,0.8685687789921283,0.0588360670527348,6.633520167416741,6,0.8231254428302184,0.75
matched_predictions,X098,7,1513.3255460268513,1356.5963246414678,471.95195231445575,31.186412834537705,14.140112663306722,13.734641814195928,1.2830014304814614,9.073488033874169,774.2277569104873,730.1561531962718,143.24500452159072,18.501662236084368,0.8171943259451114,0.795976190581106,0.045434157401682496,5.559773967977132,1.2174607839393752,1.0959954000961214,0.2011549111678409,16.52249615112511,1.235185632213619,1.2114578766721678,0.11106441112104279,8.991718185873033,1.499237549602521,1.533362368158189,0.24411210007978065,16.282416361870062,0.8714157789574902,0.8546637815441405,0.05888929082191751,6.757886676365803,7,0.8249585136147604,0.7368421052631579
matched_predictions,X100,8,1286.139924862303,1292.6356075266667,92.81560870124281,7.216602712273306,13.485713744637783,13.515189976265702,0.32686820477978984,2.4238109377767256,731.921171264959,754.162256656775,84.30627646023906,11.518491303446636,0.7871870932447274,0.783919664329055,0.06463231241187876,8.21054015830838,1.1788559126902416,1.1020116143305239,0.14484916248907878,12.287266062781297,1.3570969726681787,1.3399517812028288,0.17058720086910809,12.570008209046241,1.5981929018245276,1.6447609394127007,0.2583631795434256,16.165957141248295,0.8335936284750336,0.8413356376210018,0.08501267325385622,10.198335297904977,8,0.8073161487455407,0.7272727272727273
matched_predictions,X102,8,1294.8847179891463,1307.2312334649955,100.90472509834541,7.792564364729122,13.515142092891082,13.565982819504462,0.35155665445494855,2.6012057589824833,734.3821407267179,754.724290511436,73.58851274249331,10.020466002845982,0.7858868456379192,0.7919190936377608,0.05099063252631799,6.4882918971532,1.2463366108250984,1.1928312518200954,0.20441724993382104,16.401447904069265,1.3738986614284463,1.3999201521098663,0.06857218537952052,4.991065739028076,1.7117920364109163,1.6527010625591099,0.2880259084932082,16.825987174067414,0.8508333146712554,0.8717813132237064,0.07770878210833888,9.133255688085505,8,0.8126836002781901,0.7619047619047619
matched_predictions,X104,8,1312.9824553235967,1309.139569614978,107.3341248886828,8.174833140647664,13.577008626927375,13.571583928040432,0.37047538775455535,2.728696710259055,728.8934350990133,745.7250941836331,58.911669511103725,8.082343271907934,0.7971118770107914,0.8028916897704363,0.038320343847863064,4.807398428382002,1.339634054065138,1.3171104456779843,0.1726134607496914,12.885120397312496,1.257752652083159,1.2746961016952896,0.07551067015545672,6.003618440429587,1.6810111575699467,1.733725645767,0.20572165050885763,12.237970556141152,0.8591126797855163,0.8773539252225006,0.06069699413001947,7.065079535919889,8,0.8123322951143795,0.8
matched_predictions,X106,8,1336.7947157445333,1299.3042986881446,120.91644650374823,9.045251681474767,13.656786327583673,13.53701874156486,0.40812135822617013,2.988414319713385,734.1059307708726,735.7343156910817,47.59548670806341,6.483463041646342,0.7995741227494549,0.7991486036925401,0.031640858145099864,3.9572138773448606,1.320984221092901,1.2504085501210047,0.2339677936350021,17.71162667192433,1.2086550179816502,1.1698515609307965,0.11147926809679241,9.223414989245914,1.5905580172573484,1.5587941079010688,0.2739403669636254,17.222909443818327,0.8658151097480402,0.8677641674055755,0.05099660029836203,5.890010433428736,8,0.8097488739122263,0.7619047619047619
matched_predictions,X108,8,1365.4302433577334,1328.6004041994156,122.30253678329092,8.9570695667716,13.753855749360941,13.63784960744297,0.4062216146043572,2.9535107973139234,735.9408055776823,744.4873855639682,44.729438719862564,6.077858216429765,0.8086267248273631,0.8101299855634749,0.026797538465960412,3.313956568982001,1.3207411368324962,1.2855156836918267,0.26118990822160676,19.776010675946132,1.2321347198489092,1.2323727016091857,0.09051837977211687,7.346467745281677,1.6121360521781676,1.5899245237138586,0.22117028833638597,13.719083326594014,0.872436609459903,0.8781210875989651,0.04790917514429892,5.491421912470859,8,0.8159430386939615,0.7619047619047619
matched_predictions,X110,8,1379.328592625876,1340.9731330839181,123.81624586644409,8.976559068548763,13.800316110315086,13.680882172467237,0.40852862389485944,2.9602845371745037,742.6832490463603,752.4927608742375,41.78141623351093,5.625738332884202,0.8064993965847359,0.8091879154179134,0.02665452625226864,3.304965430246066,1.2708234861839767,1.2510566713926674,0.13695215095935578,10.776646202109085,1.2401121757786886,1.2176463241454059,0.10682931815907588,8.61448828949654,1.570966349682724,1.6161387752392602,0.1641388313619729,10.448271625622203,0.865274715983789,0.8723628706332014,0.054321352320776756,6.277931310984299,8,0.8150488008329325,0.7619047619047619
matched_predictions,X112,7,1415.6319167475226,1411.2460390025076,132.26816695002813,9.343401020084384,13.919611544255805,13.916649986264272,0.43059791358392463,3.0934621430697833,737.9384004300791,741.9432027684798,50.4568091852464,6.837536731499483,0.8261214423791126,0.8231995157440369,0.0223009130281512,2.6994715164307723,1.260625598027348,1.2650327511242851,0.16918526670040412,13.420738636844169,1.220405381203599,1.208980744521975,0.12183601012978124,9.983240979290262,1.5320314796370516,1.551559550456854,0.20105739667035594,13.12358129338098,0.8870085113148983,0.8978090056685821,0.05029167753236475,5.669807774201912,8,0.7722949305327373,0.6666666666666666
matched_predictions,X114,8,1421.9725658235634,1409.8829417525199,115.76834994609035,8.141391242596923,13.942948015509995,13.911762316352014,0.37557613137052065,2.6936637141064685,750.0487555015086,766.9766861221,48.935152249168986,6.524262841613442,0.8159578991549592,0.8112150114886008,0.034606676909603715,4.241233150073535,1.2209314802064861,1.252762845144626,0.14434829079756442,11.82280030761038,1.264210434080872,1.2226078720500535,0.1816187143736625,14.366177455710218,1.525604691235931,1.5337804542442535,0.13401369319372472,8.784300019761794,0.8720550927940209,0.8814541982233352,0.06321565184130025,7.249043364767294,8,0.8184193615452947,0.7619047619047619
matched_predictions,X116,8,1444.5580387195114,1428.1694156292765,118.1015225885978,8.175616307759128,14.016348495326154,13.971930213833069,0.378039216440774,2.697130544141605,756.6512487152035,771.4227624583726,51.90284479795785,6.859546572623659,0.817747249128383,0.8141894158816857,0.0395763716348844,4.839682637522523,1.2207858182480162,1.1888058114565616,0.12229060792995751,10.017368001985817,1.231429106401356,1.2037120193052777,0.14527590138348165,11.797341854946565,1.4961609166470276,1.4920092475106128,0.16928317287205408,11.314503071730163,0.8667684691744673,0.8786279196449469,0.06970790129923776,8.042274699451097,8,0.8213158626887425,0.7619047619047619
matched_predictions,X118,8,1463.9769318501035,1456.8783407867068,120.15265996714366,8.207278226392578,14.078746127278684,14.06504145935388,0.3826950260585781,2.7182465156969924,765.1188456177325,771.5815626301551,51.56970730780795,6.740091111750386,0.8157233596360809,0.8185229492468546,0.03694610918085308,4.529244963309114,1.209499044779272,1.265090206868615,0.13484497154601693,11.148828279614353,1.25395859263856,1.1627223026711806,0.19837222151965622,15.819678790369348,1.5016571945791681,1.4703502535343393,0.18580201782107236,12.373131397218952,0.8724892445816098,0.891424741169619,0.06930171900515797,7.942988344617434,8,0.8226741945096758,0.7619047619047619
matched_predictions,X120,8,1481.2148693807153,1466.902348255846,115.73777164948602,7.813705765583835,14.134674135957457,14.097197030600022,0.36500978290335256,2.582371403772213,770.9142091440701,769.2859395393668,50.31100656885711,6.526148561292749,0.8159884000030148,0.8303340402270061,0.03741776975721548,4.5855761867542775,1.1653776136977823,1.139501984092969,0.10772256792956411,9.243576216275237,1.2481235712393504,1.224964351747504,0.15242247102044312,12.212129834956329,1.4506690841427836,1.4311218026110941,0.1958255680237941,13.498982653201685,0.8650244948045478,0.9082615891468385,0.08264209625220377,9.55372902716203,8,0.8207489479668242,0.7619047619047619
matched_predictions,X122,7,1489.5147835149803,1470.7609620096569,117.69361951782535,7.901473743019194,14.161151031740284,14.109593133894473,0.3660590517056356,2.5849526700560164,774.5363470874317,764.764845022465,54.947655219253576,7.094264255754926,0.8155968849514619,0.8240454362907439,0.040885209715812665,5.01291881690375,1.138259051483581,1.132612420654577,0.09022571206039488,7.92664129863907,1.2714817407119205,1.2595470197382947,0.1611657770364232,12.675429923687636,1.4444815649978648,1.3805769658414184,0.19992421208303374,13.840551304185682,0.8630773325711028,0.9064685264309283,0.08839723607872192,10.24209914253999,8,0.7647151415482204,0.6666666666666666
matched_predictions,X124,8,1510.6577699804466,1493.9126445325226,119.9188759795363,7.938189467035176,14.227496848427581,14.183239591776422,0.37198168059510467,2.6145265365932304,775.226197203688,775.8451783339542,53.64543898742385,6.919972413332762,0.8225085746194035,0.8305026233116579,0.041846501566787535,5.0876675159466895,1.210638480445306,1.2093303082910025,0.10326610836661765,8.529888156919771,1.181895830486647,1.1158643096104157,0.14520324166858722,12.285620942481845,1.4216341106491681,1.3791817897584329,0.1233500980250475,8.676641697118642,0.8781813360867039,0.9054849363787354,0.07980084666469818,9.087057921351605,8,0.8210258655754685,0.7619047619047619
matched_predictions,X126,8,1535.5080813840661,1528.9966706745101,123.37604140605309,8.034867605180247,14.304706487100333,14.293169286657237,0.38293451865348077,2.6769827049496095,779.2721422769578,784.4999019385132,54.306176296763304,6.96883326768052,0.8267877895613146,0.8343187926552758,0.033606478223780115,4.064704226172883,1.2352966661180953,1.2534945221386564,0.08507121739930668,6.8867033913919595,1.146556097011438,1.0977199011148921,0.1311330201612452,11.437122047761177,1.4086078788726024,1.389312411849621,0.09380735544003377,6.659579067178987,0.883098399762781,0.9006633858692882,0.06279472229765413,7.1107276736683165,8,0.8224398491805858,0.7619047619047619
matched_predictions,X128,8,1559.7345136617296,1550.2400170473934,121.9250315224281,7.817037480063792,14.380018138295751,14.359118802578436,0.3747498823459055,2.606045964211273,784.9221047446256,793.2067597565926,53.923546816256795,6.869923332558053,0.829606752048011,0.8359863294704117,0.03697650345726684,4.457112163803476,1.2117816305292313,1.2366035425128437,0.10639129795180233,8.779741767940251,1.1487132357891505,1.13876152748075,0.09524876184471494,8.291778912017177,1.388555578164993,1.3330512156301437,0.13723115647499914,9.883015028923305,0.8870312810775434,0.8993771021638276,0.061658484972098464,6.951106041852016,8,0.8234951324296412,0.7619047619047619
matched_predictions,X130,8,1579.2844738355898,1561.1028535934481,130.96767193780957,8.292848698735694,14.438716622441476,14.392406387651956,0.4006127835131052,2.774573350171926,794.8735015275831,801.0928721088324,52.34854907153576,6.585771065576173,0.8255224784833253,0.823437961230677,0.0317150743563784,3.841818385690271,1.2415471092033754,1.2091290302215854,0.11856109030444346,9.549463683300495,1.1560803942952154,1.1279469497553773,0.12062034003253945,10.433559865538035,1.4262485678889525,1.436729678258072,0.09723989572601455,6.817878588298475,0.8779174829211347,0.8840947920038803,0.05182826184289987,5.9035459312701395,8,0.8237240327319132,0.8
matched_predictions,X132,8,1606.6879712420705,1589.0778033085774,130.556905087023,8.125840699864973,14.522167451110107,14.476909292017691,0.3941172575642019,2.713901068081092,806.6577828237994,814.1939945320539,56.97776237692978,7.063436762175963,0.8232998444880422,0.830266168618856,0.035292267992316224,4.28668464212601,1.2842035489700967,1.3078263891601933,0.12940227692593342,10.07646155702585,1.1256396340170056,1.1416493204433578,0.08085695666298555,7.18320093034002,1.4448976166894725,1.4324802606382643,0.17294290281128966,11.969215037362565,0.8745328955433992,0.8942017724829554,0.0577868836530541,6.607742710141015,8,0.8267108827591848,0.8
matched_predictions,X134,8,1642.3958765100137,1623.0923223774978,130.41602365954108,7.940596145228201,14.629333345178267,14.580295442470359,0.38936951760916916,2.661567061341881,820.7884085168878,835.6185216695061,59.23961716719538,7.217404211913467,0.8213612592963276,0.8211684962698973,0.03895537273163755,4.742781850340884,1.236890486795824,1.2138778557988221,0.12466249826846099,10.07870135628582,1.1600377589618327,1.165595240343349,0.10475518185783986,9.030325181103565,1.4315523964042545,1.375864005926418,0.17071068042320192,11.924864283835484,0.8760581754104001,0.8873464481409332,0.058857769758439184,6.718477312407541,8,0.8203463713357184,0.8421052631578947
matched_predictions,X136,8,1663.7807752896265,1634.8988416350824,129.1196589050677,7.760617313455308,14.693047636303582,14.61527949640324,0.3798970924894268,2.5855568013730323,822.5407606595192,839.8271203745094,53.47418630980245,6.501098652780009,0.8262596622092785,0.8269257525869296,0.03484718861551348,4.217462162238199,1.2177141605220343,1.1959635453512916,0.11816547016840409,9.703875835503673,1.169722957395492,1.1565506711941036,0.09276722648348885,7.930700675486834,1.4198403823987502,1.4025336925767171,0.13285203810244586,9.356829102014897,0.8825356253352769,0.8813377184007829,0.04918886925205888,5.573584548881178,8,0.8199892617829687,0.8
matched_predictions,X138,8,1685.994017782693,1663.5238838848213,138.240698380345,8.199358771281405,14.757007151978694,14.700353868716888,0.40660002430055214,2.755301397587472,833.9111042565619,861.7794597929758,59.90216423210252,7.183279359915199,0.8224863826688069,0.8302361977727083,0.036797501651009014,4.4739344536754935,1.2620829983249748,1.2480123954842521,0.15277541553617374,12.105021281400342,1.1540777028097933,1.1588187365648457,0.07686101056113763,6.659951091161953,1.449463891610244,1.4331200554896686,0.12912829716645813,8.908693615196334,0.8739256985947137,0.895012898102572,0.06277162665287171,7.182718937526322,8,0.8189791228057962,0.8421052631578947
matched_predictions,X140,8,1716.364873048762,1688.0176929307513,142.79954108038794,8.319882521642063,14.844830702271823,14.772598683616465,0.4142223514500168,2.790347426371289,836.8382068668539,861.4098870334315,56.895775407032055,6.798897916008336,0.8291061806836606,0.8339602187388244,0.03547518266086006,4.278726113416269,1.2375107433981865,1.2609490065040765,0.13997390853030342,11.310924715363448,1.140376894052217,1.1297198586405233,0.09385177218411896,8.229890720656917,1.4050586553908326,1.4325318726402232,0.1357053817664329,9.658342820477126,0.8802728602492379,0.888890174107185,0.05579884547089993,6.33881242858052,8,0.8179920973926081,0.8421052631578947
matched_predictions,X142,8,1739.364517801437,1712.4276190689902,151.07910286402202,8.685879314991809,14.909881346126907,14.843261255240801,0.43559778748023337,2.92153758549787,843.1647469786565,856.1709291801697,58.22356240078463,6.90536014573893,0.8298994005571313,0.8275397659820606,0.030068497189343214,3.6231496455061314,1.2531993162423642,1.2763175126812043,0.13651569534098776,10.89337454718066,1.1495910126059399,1.1418885677722392,0.0924507644921839,8.042056999263828,1.4336812461926427,1.4511350845858142,0.1201410036826742,8.37989643804903,0.8810949720714356,0.8832270070417423,0.04939717187964407,5.606339094582774,8,0.8189349817703653,0.8421052631578947
matched_predictions,X144,8,1773.6044721847784,1750.0281324417242,159.82452178950516,9.01128319735395,15.00607602225357,14.951267676914231,0.4583349294896579,3.054328985205464,846.5405310515831,853.6578251886172,58.34297392138943,6.891929184880855,0.837040727935306,0.8393687108806913,0.023641104221764797,2.824367253918377,1.2169720246869415,1.2034206390766107,0.09666525697741064,7.94309606272808,1.1455532681946416,1.1407069971578734,0.08298968553616648,7.2445068981345395,1.3895276179787979,1.4082263110761373,0.08610501820367203,6.19671153632197,0.8980229481666504,0.9031137047808067,0.035065692544523616,3.9047657541615863,8,0.8174656197702032,0.8421052631578947
matched_predictions,X146,8,1791.8961887432652,1755.899935980132,163.0523967699354,9.099433203454222,15.057347856415685,14.968112635886076,0.46213803773722983,3.0691861684016324,856.3420178266877,870.3824230470843,55.00502296484613,6.423254005968725,0.832885342127506,0.8288937603792073,0.023279394075482625,2.7950298676187764,1.2743898910945322,1.256664319898321,0.10492752192719025,8.233549454560677,1.146052782158371,1.1212876521982444,0.06854806771628806,5.981231299590835,1.4568955163889807,1.423581020747775,0.09960479136446368,6.836783437383434,0.8963292890961194,0.8998455514664705,0.034819989422813925,3.8847318554018537,8,0.8187463866768617,0.8421052631578947
matched_predictions,X148,8,1826.4349759852578,1790.0822208644358,163.2303371384104,8.937100925279692,15.153995933637244,15.064607996979515,0.45495922964182084,3.0022393541227648,863.4169510285694,874.7455859495701,56.127785038445204,6.500658224462864,0.836824154582074,0.837483500305463,0.02578527379771428,3.081325229025199,1.2687098297512158,1.2406780568756186,0.10096038355069964,7.957720605861247,1.114844959147279,1.1047238377456958,0.06060664395488447,5.4363293709684255,1.4129038637032907,1.4023722307418949,0.11447796631178721,8.102318158557145,0.9047907823649333,0.9033446619699008,0.035876615422798366,3.9651835675231375,8,0.8188006702249897,0.8
matched_predictions,X150,8,1857.6551456917036,1837.455092983234,173.67711716754548,9.349265797278873,15.23861608353911,15.196335161812264,0.48097037921685964,3.156260231113823,880.6968587502727,899.9898110461312,57.04423647900362,6.477170426149877,0.8295485729940713,0.8336430024777883,0.026804302981574896,3.2311915003157345,1.3080670619535864,1.300197124181969,0.1558434466236875,11.914025752696249,1.1162197513863252,1.1284520321091807,0.0593729010652591,5.319105041056567,1.4550515683985958,1.421733770890366,0.14259668616154708,9.80011219248308,0.8931853445517011,0.9006793725890517,0.041703731153516485,4.6691015932922655,8,0.8209787303332274,0.8421052631578947
matched_predictions,X152,8,1884.3770944731905,1855.972244856142,175.678316503403,9.322885372501137,15.31135623975839,15.247077748816555,0.4831103529051199,3.1552420656940003,884.8501651337554,901.5920792091713,57.225259089845956,6.467225903856355,0.8336005370583911,0.8350731038352697,0.028509824305321747,3.4200822861663682,1.2887081469719037,1.270040354817394,0.14041631735201857,10.895897390107825,1.1290076726662477,1.1221631699081491,0.038161949983231615,3.3801320316193175,1.4523794551811544,1.416018095157777,0.13785104177847254,9.49139298870614,0.8986314332236851,0.9030390139481779,0.03985208203995279,4.434752732495716,8,0.8211436305944483,0.8
matched_predictions,X154,8,1919.497819387293,1889.357642117376,195.7863780474231,10.19987499177876,15.403336548729381,15.338104379171009,0.530393349338443,3.4433666216440293,912.7448563178506,927.6257728522075,63.36844916521473,6.94262462577467,0.8179393250643837,0.8206029443654081,0.027375615669041915,3.3469005377491854,1.3368463269227162,1.3019514135568615,0.16614195915632032,12.427902580153857,1.1410298890042594,1.1412289757160712,0.06772620653518426,5.9355330818096945,1.518689113786314,1.4911716875259615,0.14330109884916833,9.4358415786558,0.8780618459923806,0.8820987806945743,0.0393955741699551,4.486651407274216,8,0.83421458986477,0.8
matched_predictions,X156,8,1953.6643762264048,1922.2397419324607,204.09899236978808,10.446983363847528,15.493385755060114,15.426542708173027,0.5468689369818717,3.529692900102647,920.829834771127,938.3047751574494,62.328623155199686,6.7687449734609775,0.8201086813240623,0.8185458614312281,0.026522581437407967,3.2340325180544807,1.2925856091090253,1.2684901839646816,0.1543999516048572,11.94504646475869,1.160511612083957,1.1328917336138935,0.07514816387767856,6.475434032300056,1.4931733386142396,1.454837449978657,0.12914347846757496,8.64892743045013,0.8834607484886233,0.8788048628915267,0.03952550484629915,4.473940117194481,8,0.8478880856913042,0.8
matched_predictions,X158,8,1972.8421059973834,1953.821656678326,204.6093120319373,10.37129689243406,15.543943691913253,15.510433152762136,0.5489387577289575,3.5315282183796337,920.3157895905354,931.9090072579576,62.79379368843902,6.823070341581022,0.8258488936617862,0.825907746211087,0.022707865323640646,2.7496392497366844,1.2597130451871945,1.2375724601874865,0.1426890716969127,11.32710915728502,1.1552659257527351,1.1642245741485486,0.06575956718086436,5.692158464555897,1.449394573631695,1.4149371055355857,0.12340805914690832,8.514455717720072,0.8943313273521409,0.8970744042313703,0.03380553356993815,3.7799786875437604,8,0.8370526017606178,0.8
matched_predictions,X160,8,1992.926819707777,1980.5173920511593,204.581288398185,10.265368822131801,15.59701055338042,15.580755203403406,0.5421423824033734,3.4759377801784725,922.4658739823683,942.7832284326354,59.69355743554256,6.471085719175724,0.8293694996383832,0.8275451266913273,0.020600013091197144,2.4838160916429937,1.2386399563059107,1.2210470239212303,0.1482740349377884,11.970713053694572,1.1883931463605695,1.1851562831736682,0.07345957792038234,6.181420529506657,1.4650762417813354,1.4452812835873492,0.1287132756101551,8.785431907192564,0.8964924105244653,0.8892078046037358,0.03035480780874793,3.3859525694132517,8,0.8449814646308552,0.8421052631578947
matched_predictions,X162,8,2026.6005644642005,2026.3174596507415,206.00613541173124,10.16510796572268,15.68471974780196,15.700097271383825,0.5392148972565877,3.4378357148023166,935.2405774013872,950.098705122668,55.441969263263495,5.928097069666479,0.8271662734871031,0.8234042848839898,0.026367565944478245,3.187698385394742,1.2293055509646829,1.2820053546707912,0.14977324959544885,12.183565711382014,1.1708401088046387,1.1728365151750737,0.0629916701422676,5.3800403375810655,1.4349785573197584,1.4537284704987932,0.15095864250895533,10.519923223864382,0.8938826002321197,0.8900537250517051,0.03979602255439295,4.452041302074666,8,0.8489059455024104,0.8888888888888888
matched_predictions,X164,8,2054.1927984129875,2043.9957824467342,191.3011076065219,9.312714354481033,15.758368949004002,15.745403628642295,0.492214048068052,3.1235088457499414,947.8072636494553,952.4194978069029,47.58955841471475,5.021016428115881,0.8235554183123942,0.8276695239108014,0.021941923545000363,2.664292293767323,1.2552302903035968,1.2875556936907975,0.09715681482362654,7.740158564858059,1.180573391778605,1.2040444419941334,0.06063034123686509,5.135668960446569,1.4813522214416814,1.45750895609114,0.13027928395916893,8.794619002385438,0.8884878305291944,0.8919792546173422,0.03802026492431989,4.2792105437926535,8,0.8547903154101143,0.8888888888888888
matched_predictions,X166,8,2091.8929227386047,2083.21104179253,195.06487793657416,9.324802231330496,15.854093427941992,15.845689042710845,0.49717088278895516,3.135914929785377,951.3442974093496,955.7973600103802,48.261110102702226,5.072938391928592,0.8306169732037911,0.840364865994139,0.02657542321241708,3.1994799130954945,1.2276190675473915,1.1974242908867776,0.09159301756042607,7.461029237955379,1.1510276860461741,1.1253837552186956,0.08655751182091444,7.520019967394784,1.4116452839769105,1.4579735321274692,0.13074964943449122,9.26221699732819,0.8955851165485237,0.9031929246691484,0.04114271353597258,4.593947886777262,8,0.8607899357129982,0.8
matched_predictions,X168,8,2122.0488280537143,2123.5796911190846,202.9193607457464,9.562426559800631,15.928920126161472,15.94722573121258,0.5183917158128198,3.2544058963634286,956.0795348235607,966.8134417280253,45.372830659239256,4.745717171700842,0.8341281922568211,0.8391528489346478,0.025538587470654843,3.0617101433243157,1.2116550751217585,1.183699557112821,0.1242284676076965,10.252791422114322,1.1434982950461052,1.0969901451388613,0.11754848792798926,10.279725683653055,1.3755785722333271,1.385126528076353,0.0861557314092263,6.263235932015702,0.9010096009765654,0.9152679708772917,0.0443938123074647,4.927118674356874,8,0.865057610033019,0.8421052631578947
matched_predictions,X170,8,2158.0031393630015,2152.24667482267,203.40067337598944,9.425411375260055,16.018837574238162,16.018747552600622,0.5129859659952289,3.2023919564564656,966.9057517948493,982.0787951882714,47.7819978116194,4.941743052300863,0.8342079662458866,0.8387213012833363,0.02508397691145875,3.0069212865878026,1.2640426887163745,1.253185660364879,0.11421620760822211,9.035787210968941,1.1347412119375628,1.1227289215205372,0.08105171638553152,7.142748983897066,1.4311764415076034,1.4320736761340078,0.129041621701977,9.016471900979894,0.9004054120794072,0.9052937444148679,0.03464496606877229,3.8477074442236847,8,0.8678707920880753,0.8421052631578947
matched_predictions,X172,8,2199.0638226780115,2205.805911383719,207.28050339547343,9.425852094781316,16.119770104573533,16.150557688018438,0.5167842566219757,3.2059033923526776,983.305732934193,1002.7888758933558,47.75144760898476,4.856215723109233,0.8305932667138161,0.8230543561800991,0.02311199702189142,2.7825890177670733,1.2428593344134105,1.2553422314351943,0.14061213548408946,11.313600146910742,1.1663759694458837,1.1406688747959606,0.09878230854010067,8.469165271557308,1.4457738582989934,1.480944398567083,0.16568502823183964,11.459954631270913,0.8934818450722479,0.887374535211841,0.02678597918227418,2.9979321158012153,8,0.8707605837454655,0.8888888888888888
matched_predictions,X174,8,2239.3695598237973,2250.6622962717715,211.89853530398526,9.462419205191765,16.217505159249455,16.259325090598956,0.5228098071727111,3.2237375726964568,997.4255609689329,1014.2017083457038,50.743293365834795,5.087426606206186,0.8290152701659924,0.8151581836616513,0.028293855836499435,3.4129474877868295,1.2292584244875124,1.1885770215921938,0.1599836435421099,13.014646908668398,1.1412885722448394,1.1130120068048308,0.09786565740400065,8.57501422374758,1.398832093810661,1.4419132367796823,0.1780001386381799,12.724910975789573,0.8883396033250092,0.8839888442366612,0.03627657968103494,4.083638683365414,8,0.8726458754415459,0.8888888888888888
matched_predictions,X176,8,2277.793174228255,2295.183149529058,224.98614850634394,9.87737390084032,16.308436542465007,16.365840904725196,0.5483886137756192,3.3626069080729346,1003.1546976961129,1024.006610458515,48.54871527036151,4.839604039323199,0.8336075086201653,0.8339993027253663,0.035077947666242136,4.207969254536245,1.2185125995707002,1.180915039330909,0.11259649038523346,9.240486345804126,1.17169577398011,1.1221269822955318,0.13279401811154665,11.333489550829505,1.4269554068759116,1.492068154745438,0.19512497642866344,13.674216831754963,0.8880525147857263,0.9030046577806774,0.050346594811701686,5.669326303732112,8,0.8766880425121945,0.8421052631578947
matched_predictions,X178,8,2323.17906997111,2315.8393155481,226.88756135912263,9.76625367763597,16.416627530472038,16.414674329192366,0.5410868436903281,3.2959683265395365,1009.6296268792653,1028.5457979472726,53.17593801181932,5.2668757528624175,0.8390980964894691,0.8359168350619441,0.02259380751203744,2.6926300520240782,1.1724814733862354,1.1351133699499643,0.10920665712002225,9.314147779633847,1.1850380049477374,1.1804457266326494,0.09577687376679943,8.082177395738746,1.3897718839165205,1.3431869998794956,0.17583279089597867,12.651917406795116,0.9047576264720623,0.8962330390612119,0.02341624278300253,2.5881232827304155,8,0.8769681440972886,0.8888888888888888
matched_predictions,X180,8,2367.3958476880143,2324.7099330364804,256.0992672222824,10.817762795030138,16.51667878616513,16.435580364307576,0.6011772723626061,3.6398193616634984,1017.1301167540938,1028.0286049797355,46.22264686634851,4.544418271071952,0.8428321927183919,0.8462361174611414,0.02934611220556753,3.481845195176673,1.1742171940749726,1.148790099518222,0.07371090496108586,6.277450656746174,1.165819989328703,1.1794222844876194,0.0910520383442212,7.810128422712186,1.3678346479593628,1.362460131330141,0.12343920259735625,9.024424317772034,0.9106421252939185,0.9106030843847288,0.022292790360887212,2.448029773901795,8,0.8792380495986583,0.8
matched_predictions,X182,8,2437.0343891171865,2330.3091171248907,326.92557673137486,13.414893864087135,16.66719877161252,16.44723096354086,0.7450439710253035,4.470121111738694,1054.1311376128288,1058.0106968661617,49.1588072505571,4.663443237421245,0.8284730460094236,0.8309939160833152,0.04767117242153708,5.754100589169299,1.2039559939646136,1.185124521597476,0.10847591234735907,9.009956584056622,1.1408249246284603,1.1122393086817481,0.11282651713921775,9.889906391724626,1.368608076041431,1.3984898953120384,0.12875545022349744,9.40776636331932,0.8909200191040821,0.905790376610297,0.05595585705307717,6.280682424146999,8,0.8805703759836441,0.8421052631578947
matched_predictions,X184,8,2494.7615576541593,2444.138222862314,318.27204910517065,12.757613974316806,16.800522817597454,16.712351715018634,0.7150675742986426,4.256222154882322,1066.108841935004,1092.504305848939,62.13156987328985,5.827882429013542,0.8324042076604339,0.8316359226377648,0.03699086650260099,4.443858664118002,1.1912611563796451,1.1999282965913436,0.10029990040464408,8.419639964545215,1.1399800219948688,1.1032761830061553,0.1133615522933832,9.944170082473029,1.3554317214512959,1.390478112574944,0.1445603838886753,10.66526491898026,0.8868256399931609,0.8971313848324578,0.04723640935092935,5.326459590330929,8,0.8856735853807691,0.8421052631578947
matched_predictions,X186,9,2260.555819217835,2371.4117418937467,492.30977966386524,21.778262473262316,16.198275428368603,16.545101960146628,1.2589785278948302,7.772299794890124,1017.4343455757312,1062.7647354836918,156.25529874476513,15.357777081561526,0.8161395794656376,0.8082138431984591,0.03979652435945855,4.8761909556592125,1.1860040527137974,1.1780220600503952,0.11800498965906907,9.94979649429121,1.1708866959217097,1.175651441846512,0.07691632445132557,6.569066393804897,1.3877100469325772,1.4348096645549495,0.1539231213717541,11.091879150978905,0.8662781140834521,0.857323647836272,0.05398683652166132,6.232044379740678,9,0.8912032361588007,0.8571428571428571
matched_predictions,X188,10,2065.5369131419225,2081.7011494540825,568.3697965691024,27.516806548111777,15.679040442553145,15.831819362129906,1.461326263615597,9.320253168360587,961.5610019456117,1032.329220784191,170.9068015059797,17.773890700659532,0.8107671261491157,0.8188919118420384,0.0545669866970063,6.730290972227995,1.2124808668593499,1.1713132531484236,0.12778453576297125,10.539097090576565,1.1648247806433298,1.175252805618788,0.10868468058593334,9.330560475019002,1.4143508818010964,1.3801322855654554,0.2168061133554602,15.329018855587647,0.8612507543877257,0.8741356969947358,0.067747710107759,7.866200379228895,10,0.8796710670387611,0.8333333333333334
matched_predictions,X190,10,2088.9947682778625,2139.286765584326,644.1471440097833,30.83526841672318,15.705243118238565,15.980678221757556,1.6536738716420318,10.529438221313578,951.6620673356931,1031.084895398028,187.1441108465788,19.66497533841126,0.8233189390576465,0.839334444411451,0.05960823231108125,7.239992848859711,1.1815893736013439,1.139355506131591,0.10552371396854537,8.930658681105234,1.1950562139554675,1.1784641145247359,0.12609797832014544,10.551635717852879,1.4135482329216091,1.362697294175578,0.20885854568215725,14.775480653424573,0.8808190062099748,0.8874603039423039,0.0670498987801675,7.612222069170899,10,0.8892301427629831,0.8695652173913043
matched_predictions,X192,9,2011.6332906431833,2117.707887580677,701.0897308235371,34.85176617848556,15.473208023915682,15.932691384570433,1.8197333666501625,11.760543539759489,954.3314246825232,1023.3158498632956,212.03861102450713,22.218550656554754,0.7978076975696919,0.8091578042686097,0.048613840240992696,6.093428327287612,1.206688828578618,1.227130693294084,0.10850303558499057,8.991799129589888,1.2680233486223338,1.174734938865306,0.21774260082957636,17.17181320565955,1.5306242911390822,1.5024548071348751,0.29386768388916773,19.199204245639734,0.8330979943231286,0.8328302995380032,0.05741251777273607,6.891448324681458,10,0.8827523941930088,0.782608695652174
matched_predictions,X194,12,1711.6307314459207,1490.8928598556272,520.0879432083981,30.385522627830333,14.712410419627624,14.167824070991198,1.4294835915406594,9.716175329323365,868.0485414987521,789.5210187750911,181.45767512508345,20.904093083525364,0.7929717353424893,0.8060899023681745,0.0558780573789558,7.046664450760243,1.3516191996651044,1.3366938961019232,0.13394459506985734,9.909935809068507,1.1722140905414449,1.1294537466916141,0.14927483515477727,12.734434465450533,1.582967731545974,1.5623299652258016,0.23919499794170632,15.110541622228855,0.8497620379827313,0.8634250337642178,0.07295421371228082,8.585252159000705,12,0.9041028224123248,0.8888888888888888
matched_predictions,X196,12,1769.4784816627005,1477.7861555288237,559.8528127132863,31.63942475227037,14.866143414759842,14.128205228187133,1.499435335048668,10.086242902513334,890.1785573514718,815.646280181207,164.40684338137294,18.468973670914846,0.786026712056796,0.7921222673307724,0.05314868075622793,6.761688876597309,1.3094913470139506,1.3007478841501845,0.135085517562505,10.315877067117869,1.220804779841879,1.1821329465898471,0.13610854525198812,11.149083579900232,1.5966516106151047,1.5439592985874997,0.2315727077678943,14.503646645787784,0.8340044447814788,0.84676574883506,0.0745165581880539,8.934791493536741,12,0.8776292315034626,0.8888888888888888
matched_predictions,X198,12,1771.4007982972983,1495.6322441401992,562.3954241870904,31.748626551804357,14.870222261716497,14.188051992445665,1.5072290061131361,10.13588754482513,874.8657059692047,783.945168988484,161.87717433439946,18.503088328861477,0.7999040885880425,0.8049138639042608,0.04962502495298729,6.203871896764939,1.2564162674051482,1.25247081215173,0.13639087975581238,10.855548697845004,1.2129096818026741,1.1666858354228518,0.15795486435597705,13.02280513757779,1.5269211738341435,1.4540265343525745,0.28194292484346317,18.464798948035824,0.855958939414846,0.8699176791058434,0.06841141993472197,7.99237168800289,12,0.8843353442895777,0.9230769230769232
matched_predictions,X200,12,1798.4390555432053,1501.000750232458,558.066418532474,31.03059938630582,14.953298246563874,14.205608627344093,1.471337410931522,9.839551025270437,874.1115641561078,784.7224000471381,151.42224142972918,17.322988007362255,0.8087054050804956,0.8196129969829806,0.050072271737382074,6.191657854988376,1.2231143770755095,1.199744055222339,0.09046855986151504,7.396573988266506,1.200466092415634,1.1301268741190098,0.21152033562742217,17.61985090322635,1.4654429088398924,1.3726725166067038,0.25213443645345135,17.205340101106483,0.8624735670138177,0.8944289041026414,0.07250271865748927,8.406369937634008,12,0.8851794552383249,0.9230769230769232
matched_predictions,X202,12,1825.8163395410322,1460.6950130866717,632.3441978670842,34.63350525311,15.000325133347232,14.077330073976592,1.6215324408406142,10.809981959896218,876.3257894469292,781.616270183674,167.82447326486945,19.150922554816926,0.8118314988294575,0.8151542968421408,0.0389043359042761,4.792168813401608,1.2146864553368812,1.2016299095477643,0.11349205410580411,9.343320953910549,1.2234873690315096,1.1573552142133225,0.16523917328276239,13.505588816463444,1.4824627450098744,1.4114450463846473,0.21636011594145313,14.594641023509295,0.8751489357853107,0.8822373533413927,0.0492337726090895,5.625759296034544,12,0.8854119595581682,0.9230769230769232
matched_predictions,X204,12,1832.6388160332783,1459.2060914751469,656.5558123591055,35.82570698683615,15.008369974243571,14.072542627552991,1.6742811610642439,11.155649573788098,887.0149205971369,807.6927147661785,159.35187893742096,17.96496036731215,0.8012198667904912,0.7974427732730309,0.04389430357442187,5.478434246800782,1.264167247060197,1.2045386969730965,0.1650787730030457,13.058301691246472,1.2469443743418072,1.186815551484027,0.15812426818771752,12.680940019572448,1.580509891381306,1.5369987605155402,0.32163873822514893,20.350314792655226,0.8509385470149979,0.8645511823119878,0.06190607045714016,7.275034216548313,12,0.8820414679695078,0.8571428571428571
matched_predictions,X206,12,1839.0139170178352,1429.4486299715722,678.7563858541419,36.90871393484724,15.016295344380552,13.976110861911323,1.7194214204423712,11.450370287807498,892.6696673355145,813.2224364380179,158.05889438725487,17.706314011882696,0.7965092738262691,0.7892677844193101,0.04950751570700827,6.215560487975765,1.264982223921806,1.1743169077222184,0.2026499657310191,16.01998525344857,1.2392829261036098,1.2229800612400625,0.1259117305794867,10.160047227904753,1.5712899051950073,1.4837514727448284,0.3266785480557936,20.790469471975044,0.8412883118991733,0.8662063865117714,0.0701289746837991,8.335902649768883,12,0.896947006781394,0.8571428571428571
matched_predictions,X208,10,1767.2031577915673,1527.3190125206793,559.5502495397357,31.663040385180878,14.861136076479166,14.281816981775115,1.5063025116000852,10.135850340433405,873.0132895677285,814.2597667013789,146.39301764058354,16.768704370247313,0.799015795224218,0.8044594199380717,0.056048399668933144,7.014679810329027,1.275829429364455,1.1966044609846835,0.23853467496609304,18.696439310458402,1.19293092177721,1.1742419758382874,0.1039182837145378,8.711173615964448,1.5129783095120946,1.4617021519906817,0.25635022032022725,16.943416750164456,0.8413764194154922,0.8562159133739573,0.07857452887947847,9.338808060970443,12,0.8107590394738948,0.6896551724137931
matched_predictions,X210,12,1798.6837140239725,1522.5586575091843,608.0190406384266,33.80355511632342,14.936766870928144,14.27332421311886,1.5542479202240682,10.405517697736485,878.0395795154221,836.8055984858497,138.74845275127473,15.802072707001212,0.8013081228474187,0.7914169718756809,0.05930257736553642,7.400720855643758,1.2482273276977518,1.2338047843344129,0.1702065938817373,13.635865046767464,1.1986453113102131,1.1816906721429645,0.10316949591158282,8.607174694473255,1.4968079756252433,1.4358030727442754,0.2531132292368772,16.910200463833533,0.8654648229374716,0.862210814805516,0.06746512272806561,7.795247240561718,12,0.8407841043438465,0.8
matched_predictions,X212,12,1805.69143193737,1491.8365425671568,632.0708649068155,35.004367508608674,14.946086774038896,14.176607028052578,1.6051616487514602,10.739678372131488,875.0704301287897,830.1433631551834,138.94883150158057,15.878588364725179,0.8051678166947692,0.7977165206005142,0.06493270999881452,8.06449396665712,1.3687739314425065,1.4046377121532676,0.2654302877580605,19.39182809233751,1.1246713010317728,1.1450828988545836,0.06618581133308912,5.884902661992912,1.5432597691540002,1.650027025295589,0.3261179724088394,21.1317614135444,0.8567312180255696,0.8734961250561961,0.0867455693207466,10.125178993787715,12,0.8428435899852355,0.8275862068965517
matched_predictions,X214,12,1706.779503284426,1508.6131241054654,524.4159375619743,30.72546492108788,14.70976377965471,14.229612245850532,1.349002539962085,9.170796759006492,879.751176628925,872.2319997963459,120.04780650391235,13.645654554725077,0.7792018406321378,0.8016355843041195,0.09368962949509434,12.023794684453952,1.3440276345896258,1.2766521580506103,0.23650912317393935,17.597043177326714,1.2247564969024805,1.1922094531835943,0.21519893213337954,17.570752445701416,1.6602413665513505,1.5106553289356697,0.46422567576017715,27.96133653292025,0.8209860958502624,0.8517083089806449,0.12787209251220227,15.575427301210294,12,0.8358137912536943,0.8
matched_predictions,X216,16,1434.3531587306622,1412.5671947986496,113.08899415928889,7.884320083302744,13.983240832225004,13.920973503388742,0.36507682738442304,2.6108169898861155,801.017944033888,776.3374458185637,98.83303651216758,12.338429775299307,0.7757870964787446,0.8049179226939507,0.07865249251114619,10.138412055078716,1.450037680983339,1.2986995801556704,0.38893557836323744,26.82244630356653,1.2562139569347583,1.2338428473552365,0.2174725104941959,17.311741307574913,1.823629425110412,1.5143490367271482,0.5908771555859441,32.401163715055176,0.8262637498242916,0.8687598231286529,0.10113369774574563,12.239880760501974,18,0.873054197247862,0.8
unmatched_predictions,X001,2,784.053538192846,784.053538192846,41.75717768945164,5.325806932227763,11.438802330009715,11.438802330009715,0.2031549084210593,1.7760155526779418,540.469300774113,540.469300774113,14.627310643992786,2.706409156457568,0.7606042641700002,0.7606042641700002,0.006430666889308358,0.8454681615972456,1.4053251627655086,1.4053251627655086,0.1330169863371861,9.465210604741815,1.2688850710765927,1.2688850710765927,0.11933484700169034,9.404701002624298,1.7752593381848492,1.7752593381848492,0.0010790048766069562,0.06078012679038811,0.8518939204068176,0.8518939204068176,0.004290090748586941,0.5035944788217563,4,0.8207501635686935,0.8
unmatched_predictions,X003,2,890.6896845957192,890.6896845957192,113.37904141106101,12.729353822316169,11.92660835287676,11.92660835287676,0.5072803741009596,4.253349813223312,611.730501834376,611.730501834376,67.72511452131003,11.071070400809665,0.7322139864572099,0.7322139864572099,0.018921993944487004,2.5842164031911445,1.410951430334411,1.410951430334411,0.1593322234656743,11.29253778976012,1.1973245646379047,1.1973245646379047,0.05479031567744686,4.576062105099846,1.685001875639741,1.685001875639741,0.11346591082025999,6.733874452049535,0.7961244448290503,0.7961244448290503,0.07535549137184731,9.465290490863925,4,0.7933208052565504,0.8
unmatched_predictions,X005,2,872.5919472612688,872.5919472612688,80.78590342760405,9.258153674367497,11.8503272288715,11.8503272288715,0.3661726627683225,3.0899793372473217,576.6013611667738,576.6013611667738,37.724415684811035,6.542547108885471,0.7655864129913084,0.7655864129913084,0.002804170435143024,0.3662774557592442,1.3906618972614513,1.3906618972614513,0.12690187338270983,9.125285853636331,1.283426416010276,1.283426416010276,0.15155843918257378,11.808891985698407,1.775195689754701,1.775195689754701,0.047897330039060784,2.698143664695316,0.8519244400686261,0.8519244400686261,0.03590933044922263,4.215083962884077,4,0.7970688994918184,0.8
unmatched_predictions,X007,2,889.6201775226519,889.6201775226519,94.96199073979005,10.674442097776282,11.925037332710728,11.925037332710728,0.4250289368224581,3.564172798491718,567.0164641348348,567.0164641348348,31.145157667503014,5.49281363725918,0.7880514703740409,0.7880514703740409,0.012878372232757559,1.6342044545193177,1.3859906179148083,1.3859906179148083,0.13294240577112254,9.591869097290962,1.2658828479405295,1.2658828479405295,0.08365148075992848,6.608153423993497,1.748941336075581,1.748941336075581,0.05234934372167159,2.9932018096808997,0.9109963668341758,0.9109963668341758,0.0020975402249785156,0.23024682658919104,4,0.8002048504946329,0.8
unmatched_predictions,X009,2,953.8115726336048,953.8115726336048,155.96661752047345,16.351931764659575,12.19473828546042,12.19473828546042,0.6673445185906842,5.47239721730107,620.058763600633,620.058763600633,75.54498112769292,12.183519621432183,0.7551725602135393,0.7551725602135393,0.00954160902463625,1.2635004934419465,1.3627987947938862,1.3627987947938862,0.20664784704619465,15.163489125146217,1.2304603893372064,1.2304603893372064,0.1610818564098471,13.091185852525872,1.6602263262177113,1.6602263262177113,0.03474983055365444,2.093077913830019,0.808801983699704,0.808801983699704,0.07249274970688169,8.962978722588934,4,0.795517697569996,0.8
unmatched_predictions,X011,2,1007.5176042831147,1007.5176042831147,129.72009603242992,12.875218803221852,12.426532417132375,12.426532417132375,0.5346302289147052,4.302328364569461,627.9002590430109,627.9002590430109,58.052471532154314,9.245492527847125,0.7735558450001021,0.7735558450001021,0.005038793231762658,0.6513806681613262,1.3748443304027447,1.3748443304027447,0.22640974071587106,16.46802737656466,1.245947746423393,1.245947746423393,0.1344548093809306,10.791368238908529,1.6977632558833093,1.6977632558833093,0.09724027384049032,5.727552030798211,0.8543455531573562,0.8543455531573562,0.03995430731653705,4.676598030958339,4,0.7893490412935025,0.8
unmatched_predictions,X013,2,974.992006825719,974.992006825719,108.15939419987947,11.093362144784546,12.29428030923126,12.29428030923126,0.4554480252177288,3.704552147519786,601.1231333472708,601.1231333472708,31.656795744217867,5.266274742737214,0.7900338231761379,0.7900338231761379,0.016921930989064585,2.141924876207717,1.3199039632104848,1.3199039632104848,0.1151008720351522,8.720397486737228,1.3133815451900546,1.3133815451900546,0.08189287173747489,6.235268954203592,1.7288245362286405,1.7288245362286405,0.043080635201270256,2.4919032729168045,0.8827712086330902,0.8827712086330902,0.003654103928832872,0.4139355580582422,4,0.7994198556772115,0.8
unmatched_predictions,X015,2,975.8308359026344,975.8308359026344,98.55049819747717,10.099137532000501,12.299251624464631,12.299251624464631,0.41466683830037976,3.3714802409242495,612.3899439148195,612.3899439148195,25.836363952719292,4.218939943323598,0.7760591152100406,0.7760591152100406,0.019586010736978084,2.523778195901626,1.3383174502730268,1.3383174502730268,0.07494553020327288,5.5999815430922935,1.2777255402999401,1.2777255402999401,0.0959692443826185,7.510943575573371,1.7064061542912106,1.7064061542912106,0.03267749637473236,1.914989364786111,0.8752848685560272,0.8752848685560272,0.008167018408578395,0.9330697584263816,4,0.7981326480088652,0.8
unmatched_predictions,X017,2,1013.7878516330574,1013.7878516330574,153.59405060629982,15.150512048342588,12.4478097929558,12.4478097929558,0.6307870925776188,5.067454460419056,613.0702671500312,613.0702671500312,58.07215515804268,9.472348973634242,0.7947829303392323,0.7947829303392323,0.005187491143872377,0.652692822889167,1.3034450447324935,1.3034450447324935,0.03752474238095717,2.8788894884830674,1.2818898139811816,1.2818898139811816,0.05832868164783565,4.550210245191318,1.669778541550701,1.669778541550701,0.02792564602923345,1.672416151862826,0.8951799291548885,0.8951799291548885,0.020329940984617052,2.271045219234296,4,0.7968878082667593,0.8
unmatched_predictions,X019,2,1068.6053318094803,1068.6053318094803,142.32435776397625,13.318701818844286,12.671945235507533,12.671945235507533,0.5640653031210273,4.45129214684801,635.4700311808723,635.4700311808723,47.209428357785875,7.429056610279198,0.7942082782429827,0.7942082782429827,0.01167145869280741,1.4695715233072157,1.27039229307744,1.27039229307744,0.11154357849612048,8.780246787070286,1.3319537948942546,1.3319537948942546,0.08061280903701702,6.0522226330994435,1.6876079151726038,1.6876079151726038,0.04616100135004303,2.735291825490272,0.8928765137409496,0.8928765137409496,0.0223956492163975,2.5082582945949405,4,0.7904518677427044,0.8
unmatched_predictions,X021,2,1106.9398206245153,1106.9398206245153,160.1186096202767,14.464978731178059,12.819409865104614,12.819409865104614,0.6200355226030909,4.836693179542325,654.3278966659844,654.3278966659844,71.48814788164205,10.925431766840088,0.7904958714016277,0.7904958714016277,0.010039696271112841,1.2700504372415586,1.2924116130845587,1.2924116130845587,0.12352495092514237,9.557709763248662,1.3065462647727748,1.3065462647727748,0.08453942467087924,6.470450144035407,1.6833742014827315,1.6833742014827315,0.05213132902935346,3.0968354500999067,0.8840037166694712,0.8840037166694712,0.04668967151857955,5.2816148437118855,4,0.787953852356947,0.8
unmatched_predictions,X023,2,1117.8236278974928,1117.8236278974928,200.8971034576319,17.9721646996761,12.853068636950194,12.853068636950194,0.7737095148018985,6.01964819963403,659.5930486045197,659.5930486045197,66.19939802010491,10.036400195569207,0.787479829787304,0.787479829787304,0.015695596502981423,1.993142669726634,1.2741960620514403,1.2741960620514403,0.19773651061744985,15.518530978591823,1.3316176697938378,1.3316176697938378,0.12531347065133036,9.410619391280045,1.684352466799445,1.684352466799445,0.10363550067564914,6.1528393087804325,0.8868790636145016,0.8868790636145016,0.015300757937174227,1.7252361189828453,4,0.7905324460689582,0.8
unmatched_predictions,X025,2,1111.0710538283236,1111.0710538283236,133.33826057654454,12.000876102127958,12.840024337541188,12.840024337541188,0.5147387985450046,4.008861548961636,649.7227613436698,649.7227613436698,44.15128168420457,6.795403256751662,0.7974848717329255,0.7974848717329255,0.0097229438850884,1.219201044398567,1.2987700849074697,1.2987700849074697,0.14629050819276027,11.26377254086374,1.3014985975679512,1.3014985975679512,0.04708186213557252,3.617511553493194,1.6869036293010433,1.6869036293010433,0.12924837716696103,7.6618708337543975,0.9074014178492975,0.9074014178492975,0.010276804913392567,1.1325533232855665,4,0.7937214791842587,0.8
unmatched_predictions,X027,2,1154.753078008694,1154.753078008694,86.62834945375594,7.501893790414623,13.012504323552319,13.012504323552319,0.3256664754505659,2.5027194408774753,682.7693571620739,682.7693571620739,15.909062645142557,2.3300785951010554,0.7791090912443082,0.7791090912443082,0.020843917084920668,2.675352825318857,1.3296276855089348,1.3296276855089348,0.09998250766199106,7.519586779942934,1.2509763783063566,1.2509763783063566,0.04216680373417794,3.370711427122691,1.6612248551251136,1.6612248551251136,0.0690096056746006,4.154139968571756,0.8863797770885071,0.8863797770885071,0.005303252650039058,0.5983047884348918,4,0.7888837130515796,0.8
unmatched_predictions,X029,2,1149.1538939202837,1149.1538939202837,107.18071034778292,9.326924001635764,12.989215193435035,12.989215193435035,0.40435311417941,3.1129911096074285,669.4841982325872,669.4841982325872,25.234464787946752,3.7692397900599866,0.7917438959381835,0.7917438959381835,0.01945004604022385,2.4566082719433355,1.31945329700942,1.31945329700942,0.08714667959073479,6.604756666132506,1.2271188914215365,1.2271188914215365,0.04500537921594341,3.667564694062173,1.6171650324274953,1.6171650324274953,0.04755684086081488,2.9407537206903505,0.9057116564005869,0.9057116564005869,0.009186555681009078,1.014291426646491,4,0.7881838865828066,0.8
unmatched_predictions,X031,2,1180.6728964853808,1180.6728964853808,130.69877988452674,11.069855187968658,13.10430181916351,13.10430181916351,0.48442325070599423,3.696673484714629,680.5689848764184,680.5689848764184,31.640373711547294,4.649106029610317,0.7927298516944525,0.7927298516944525,0.021751756072529715,2.743905256757462,1.266791426096085,1.266791426096085,0.10987145806887051,8.673208217667307,1.260474848873029,1.260474848873029,0.020775592008728135,1.6482353477582887,1.5956174090689905,1.5956174090689905,0.11217186767609162,7.029997732447753,0.8857507923593089,0.8857507923593089,0.011320472400465792,1.2780651734233608,4,0.7882941624968232,0.8
unmatched_predictions,X033,2,1190.3823430506768,1190.3823430506768,121.47542600567772,10.204740242900789,13.141475714090163,13.141475714090163,0.44770946620512936,3.4068431578433738,673.2854548217167,673.2854548217167,29.18635597795372,4.3349155650009035,0.8058563536481251,0.8058563536481251,0.019972964778822846,2.478477049713004,1.2859529090633437,1.2859529090633437,0.10849966591199338,8.437296976218349,1.2595034248127532,1.2595034248127532,0.01510327769398306,1.199145424811244,1.6188427428212182,1.6188427428212182,0.11723359692022668,7.241815021261378,0.9191402074309244,0.9191402074309244,0.003996420515924461,0.434799879671764,4,0.7912180287540331,0.8
unmatched_predictions,X035,2,1173.0814933392962,1173.0814933392962,173.1084134753759,14.756725296433167,13.069189814290267,13.069189814290267,0.6449480453430556,4.934873963172904,672.1226875573223,672.1226875573223,50.511718921216364,7.515252773982347,0.7986263186481202,0.7986263186481202,0.018777311049875702,2.3512011326725517,1.2837812389170717,1.2837812389170717,0.07544889143376148,5.877083193504687,1.247487244201757,1.247487244201757,0.01109126769640793,0.8890886658728937,1.6010823079684307,1.6010823079684307,0.07988276826832515,4.989298043626889,0.903377079896808,0.903377079896808,0.004030090648222345,0.446113891740833,4,0.795172718769296,0.8
unmatched_predictions,X037,2,1190.193606508371,1190.193606508371,182.5986811320694,15.341930937417208,13.131133899720407,13.131133899720407,0.67388022184706,5.131927120638139,672.3366023219513,672.3366023219513,49.33449049813797,7.337766578192917,0.8058858078482063,0.8058858078482063,0.023560752381758178,2.9235844771441855,1.2633430563481998,1.2633430563481998,0.12476789176404211,9.876010410402245,1.2550742118534255,1.2550742118534255,0.016494141937498923,1.3141965456481868,1.5845603210887154,1.5845603210887154,0.13575520373320762,8.56737366993598,0.9099551126157296,0.9099551126157296,0.0016508573365326944,0.18142184308269774,4,0.794322993243189,0.8
unmatched_predictions,X039,2,1185.3703393161072,1185.3703393161072,199.32527787699192,16.815443348446827,13.109881760823697,13.109881760823697,0.7379308706115719,5.62881408142622,672.5308438085906,672.5308438085906,46.31851812834568,6.887196112231905,0.8029152035518012,0.8029152035518012,0.035083690270912904,4.36953866556712,1.2766481059071104,1.2766481059071104,0.16489055664007934,12.91589717457168,1.263797636358173,1.263797636358173,0.008845461881050554,0.6999112537146462,1.6141541252731977,1.6141541252731977,0.21968083789583234,13.609656875773933,0.901736976707221,0.901736976707221,0.025360953929483114,2.812455803031508,4,0.800943199116497,0.8
unmatched_predictions,X041,2,1203.0696328390227,1203.0696328390227,180.52268508216795,15.005173445876752,13.179072553537784,13.179072553537784,0.6613935411167645,5.018513544332984,668.6887875583487,668.6887875583487,44.538456389135284,6.660565754626015,0.8161203473272853,0.8161203473272853,0.027544921500672375,3.3751053494597105,1.2703892998184558,1.2703892998184558,0.1178212669484935,9.274422176362055,1.2398587114339148,1.2398587114339148,0.011576495034452971,0.9336946966372148,1.574421261636453,1.574421261636453,0.13137506879710012,8.344340361648122,0.9085563887168662,0.9085563887168662,0.020846591703694368,2.2944741749200115,4,0.7961856445685611,0.8
unmatched_predictions,X043,2,1206.823392958219,1206.823392958219,158.42815569392812,13.12770009417716,13.196670122403983,13.196670122403983,0.5789545571464589,4.387126083901786,679.4572514054914,679.4572514054914,53.04656211254752,7.807196406075296,0.8056958980156834,0.8056958980156834,0.007750081687108931,0.9619115234663974,1.2566901339661736,1.2566901339661736,0.10564089483258787,8.406280273656657,1.2572652250792902,1.2572652250792902,0.015537223923479256,1.2357952493674826,1.5791721210166594,1.5791721210166594,0.11329314740541134,7.174211467998438,0.9084000022011334,0.9084000022011334,0.010961961148423856,1.2067328403635025,4,0.7972744149196461,0.8
unmatched_predictions,X045,2,1198.267336373682,1198.267336373682,144.19275420888798,12.033437767339858,13.167436811642265,13.167436811642265,0.5293027248960205,4.019785570020935,680.4693877319879,680.4693877319879,44.79850744155011,6.583471387429203,0.8007312395031385,0.8007312395031385,0.011638251328719387,1.4534528883800055,1.2497305877271763,1.2497305877271763,0.11181102185874586,8.946810053044398,1.2949118772588042,1.2949118772588042,0.0011252409396903037,0.08689710546730975,1.6182280742518949,1.6182280742518949,0.1433791721924399,8.860257368771947,0.9017882431361773,0.9017882431361773,0.006136399579048139,0.6804701243062773,4,0.7995577773505095,0.8
unmatched_predictions,X047,2,1218.5879707619579,1218.5879707619579,134.79145781147565,11.061282488058152,13.243113821241737,13.243113821241737,0.4891741751846145,3.693800278300011,685.1830214421868,685.1830214421868,31.312370257829418,4.569927928442027,0.8041557815002552,0.8041557815002552,0.02265619497640103,2.817388806697753,1.2584218993352656,1.2584218993352656,0.1258424358568202,10.000019542197556,1.262733292487825,1.262733292487825,0.04392010256382216,3.4781772861386426,1.5862877219415454,1.5862877219415454,0.10363541447680585,6.533204099314387,0.9120933135247569,0.9120933135247569,0.013743345224680825,1.5067915772312908,4,0.7997412123178383,0.8
unmatched_predictions,X050,2,1233.8336892348957,1233.8336892348957,101.60517809947535,8.23491682760592,13.302159354201835,13.302159354201835,0.36550811735096406,2.7477352181584616,683.2562211124725,683.2562211124725,29.75657424400606,4.35511208307136,0.813704510748468,0.813704510748468,0.00927336596015433,1.1396478497611413,1.2300471819333132,1.2300471819333132,0.047083019810649614,3.8277409600375973,1.271857068773388,1.271857068773388,0.010262079368281577,0.806857910392289,1.5642026184235724,1.5642026184235724,0.047260029757641445,3.021349612959402,0.9127711006317564,0.9127711006317564,0.00532236770557616,0.5830999362153764,4,0.8021446582020876,0.8
unmatched_predictions,X052,2,1249.8762953309033,1249.8762953309033,86.45040693519312,6.916717058971462,13.361050037486741,13.361050037486741,0.3082672974415023,2.307208614417317,685.5957704845723,685.5957704845723,28.815481290904216,4.202984109796611,0.8181652463409115,0.8181652463409115,0.003359413767642175,0.410603332598948,1.2442588445738803,1.2442588445738803,0.02354413956626903,1.8922219977734747,1.2642730678077343,1.2642730678077343,0.019136283774008243,1.513619506835719,1.5728576729083488,1.5728576729083488,0.005955731220255146,0.37865671655099525,0.9143456892164972,0.9143456892164972,0.013129542540596747,1.4359495205634374,4,0.802647626837942,0.8
unmatched_predictions,X054,2,1260.0051564346568,1260.0051564346568,19.870247906202053,1.5769973483622417,13.400424804515236,13.400424804515236,0.07044404341798947,0.5256851513711234,694.3884953751065,694.3884953751065,9.861597600703751,1.420184474020778,0.8124597671280288,0.8124597671280288,0.0029968085114375816,0.36885623543317425,1.2517304082890255,1.2517304082890255,0.02441306901760873,1.950345606046165,1.2570603623148304,1.2570603623148304,0.04536183020356064,3.608564199735683,1.5729469698185303,1.5729469698185303,0.026092080856947787,1.6588023218581875,0.9069372872027086,0.9069372872027086,0.02124808605457658,2.342839615748144,4,0.802344804683834,0.8
unmatched_predictions,X056,2,1244.3400234232613,1244.3400234232613,53.64966934674579,4.311495920476142,13.343464800110855,13.343464800110855,0.1918204855036061,1.4375612959387616,681.5210451021596,681.5210451021596,18.48113171154494,2.7117477654376216,0.8208108651056729,0.8208108651056729,0.0013390820421936196,0.16314136412183375,1.268227202512091,1.268227202512091,0.02294451847234635,1.8091804391908712,1.2472387130986808,1.2472387130986808,0.011988816762287309,0.9612287236099254,1.5816445251640885,1.5816445251640885,0.013412748148252572,0.8480254529291946,0.9191124630712313,0.9191124630712313,0.01787505750812439,1.9448172260002388,4,0.8094004514138504,0.8
unmatched_predictions,X058,2,1258.2436153731346,1258.2436153731346,122.89896615418174,9.767501670790184,13.387250278159527,13.387250278159527,0.4364843206470611,3.2604479006354157,691.8808788214715,691.8808788214715,42.24306135821599,6.105539645808903,0.8140992846534808,0.8140992846534808,0.0033598945084943343,0.4127131139691966,1.2849874787909679,1.2849874787909679,0.003986484003371266,0.31023524113418677,1.2534848110002415,1.2534848110002415,0.006839177274684568,0.5456130951620483,1.6106986548545725,1.6106986548545725,0.0037912600156801896,0.23537984614648458,0.9067317985743399,0.9067317985743399,0.018338592210834722,2.0224935575953777,4,0.8110758823292546,0.8
unmatched_predictions,X060,2,1296.0748067420202,1296.0748067420202,51.48470203756252,3.9723557444173356,13.526093872999564,13.526093872999564,0.17914340960315125,1.3244282590759826,695.3366346285766,695.3366346285766,15.86842071400667,2.28212061953028,0.82664582495387,0.82664582495387,0.0030306026259161105,0.3666143993511647,1.2844027070832666,1.2844027070832666,0.00046023928761431136,0.03583294282051638,1.2418166973181104,1.2418166973181104,0.02512955458969851,2.0236122323020425,1.5949985105407338,1.5949985105407338,0.032848000774926264,2.059437708427087,0.9199289506855977,0.9199289506855977,0.012599960193339721,1.369666666534336,4,0.8063318154718188,0.8
unmatched_predictions,X062,2,1349.8856920261446,1349.8856920261446,83.98886876173773,6.2219245124135325,13.709006333559962,13.709006333559962,0.2844845803033494,2.0751655764205506,719.0841638180691,719.0841638180691,31.03714423570466,4.316204666628866,0.8212800005246887,0.8212800005246887,0.001370851213408203,0.16691642467032086,1.2432109743052067,1.2432109743052067,0.00021664203714174163,0.017426007461269103,1.262772263911768,1.262772263911768,0.015590202081655855,1.2346012441991019,1.5698906477967713,1.5698906477967713,0.019108340763850276,1.217176546065005,0.9098151605101017,0.9098151605101017,0.02562808295118554,2.816845010234471,4,0.8029071721449217,0.8
unmatched_predictions,X064,2,1324.9724684417565,1324.9724684417565,139.9814479362301,10.564857102340873,13.618610531180877,13.618610531180877,0.4803910952399005,3.5274604126464104,716.6162857717953,716.6162857717953,49.108338917382994,6.852808105594941,0.8135222163248585,0.8135222163248585,0.001612442207205761,0.19820506125697185,1.251689996852301,1.251689996852301,0.009435184713579639,0.7537956472694403,1.3024909582110324,1.3024909582110324,0.012979146367885037,0.9964864850740965,1.6303761337050204,1.6303761337050204,0.028535110454852033,1.7502163988383563,0.904693517112295,0.904693517112295,0.026961792748287774,2.9802128829603567,4,0.8100852518320499,0.8
unmatched_predictions,X066,2,1383.2920600143011,1383.2920600143011,118.30211775797058,8.552215484902552,13.818524595221799,13.818524595221799,0.39435771674658715,2.8538337362220934,738.4562913385607,738.4562913385607,38.003288542039556,5.146315223769439,0.812573560153839,0.812573560153839,0.00454919982769409,0.5598508308383577,1.262118365720319,1.262118365720319,0.015195971320765942,1.204005244951274,1.2564705914352643,1.2564705914352643,0.007670999593657685,0.610519629026503,1.5857563252930045,1.5857563252930045,0.009411581602247464,0.5935074293655086,0.9071589002974415,0.9071589002974415,0.02600678603968474,2.8668390985479575,4,0.8076084181818769,0.8
unmatched_predictions,X068,2,1443.0796024714482,1443.0796024714482,131.32157869949717,9.100092501799145,14.014052227724807,14.014052227724807,0.42561996788862555,3.037094203535199,747.7969923116727,747.7969923116727,33.44541191820159,4.472525600138005,0.8251604554434357,0.8251604554434357,0.013211119769034661,1.6010364628943703,1.2291510799367025,1.2291510799367025,0.028100364995943088,2.286160379681737,1.2277626032609987,1.2277626032609987,0.02629647260186713,2.1418206200467735,1.509475199943263,1.509475199943263,0.06682291497711425,4.426897174569409,0.9199670245035718,0.9199670245035718,0.003501153344884527,0.3805737870630529,4,0.8059176413031603,0.8
unmatched_predictions,X070,2,1463.777709944336,1463.777709944336,119.25114452363997,8.14680697167979,14.082025955801338,14.082025955801338,0.38278853148205333,2.7182774174930198,752.2943424659952,752.2943424659952,30.721295675338325,4.083680275280944,0.828195512622659,0.828195512622659,0.011200246194360396,1.3523674088612738,1.2307574267467607,1.2307574267467607,0.05052672783082712,4.105336009580989,1.23618537213021,1.23618537213021,0.007565439579206526,0.6119987948223061,1.5216354560382335,1.5216354560382335,0.07177162279478527,4.716742272925973,0.9212964341841523,0.9212964341841523,0.010548327764880861,1.1449439478425703,4,0.8062571551785653,0.8
unmatched_predictions,X072,2,1500.2877455170799,1500.2877455170799,95.25856160406184,6.349352775072532,14.200205458236436,14.200205458236436,0.30072007837997794,2.1177163898396527,777.6631004030979,777.6631004030979,35.79881031089113,4.603382916372782,0.8148579804112533,0.8148579804112533,0.003008940982666592,0.36925955872064964,1.259306000744647,1.259306000744647,0.00011325526287682683,0.008993466465645146,1.2199688982875965,1.2199688982875965,0.009750368383269497,0.7992308981774499,1.536313602195139,1.536313602195139,0.012140529516244886,0.7902377157175509,0.9118211689192384,0.9118211689192384,0.025862758709174916,2.8363849832341,4,0.8056064341725512,0.8
unmatched_predictions,X074,3,1047.7114975519787,1521.6778869784232,896.5752939730303,85.57463539036421,10.589758752181824,14.27057160554988,6.605633134360139,62.37756014034947,542.7610459054548,779.064943748387,443.6683467895892,81.74284984830564,0.8412485106832316,0.8212189235131866,0.04373119421831014,5.198368099670483,1.2396785150710878,1.244986976840987,0.011178918362501622,0.9017594663936384,1.1918782559683878,1.2241884009271562,0.07792891776094289,6.538328673311228,1.477227514041961,1.5268250974447384,0.09011447296417652,6.100243334732309,0.914247276847523,0.9112874143526868,0.019340417646008537,2.115447115434406,4,0.8031720922861163,0.7272727272727273
unmatched_predictions,X076,2,1558.2718054588586,1558.2718054588586,45.22705680143035,2.902385619953671,14.383388198074261,14.383388198074261,0.13917116704113366,0.9675826385591594,794.3011049035322,794.3011049035322,24.071721998530155,3.030553759767672,0.8184262626748903,0.8184262626748903,0.008968318037401645,1.0958003727898697,1.2494191826713466,1.2494191826713466,0.02361453440473644,1.890040967215414,1.259051628078709,1.259051628078709,0.015261968717986981,1.2121797373215333,1.573263458237816,1.573263458237816,0.048800514470187205,3.1018653751004797,0.9106491088881308,0.9106491088881308,0.035938589573884835,3.946480507488174,4,0.8119909275729517,0.8
unmatched_predictions,X078,3,1075.5326619363402,1563.5354579165028,932.692229033369,86.71909854919629,9.880877450321528,14.400239132349476,8.088121843516632,81.85631169075415,534.0165512126836,784.5625824866496,462.21086289866264,86.55365865515604,1.0462337860359119,0.8309872780635837,0.37336909613215125,35.68696606012066,1.6601496832848974,1.2087835839295449,0.8543208066920135,51.46046861278135,1.2088890835499082,1.2339883454247362,0.19742235590364193,16.330890781469403,1.901899170038477,1.5682811407176382,0.6453688184807529,33.932861880774496,0.9447243053942459,0.933905529159202,0.050738870328341096,5.370759494450299,4,0.8129248399795781,0.7272727272727273
unmatched_predictions,X080,3,1094.7977697361644,1594.11077777007,949.2666065116565,86.70702779568327,9.938553498600585,14.49350056938501,8.137941111019432,81.88255073703942,544.4141791129873,800.6083478049563,471.3793624005953,86.58469607985093,1.2882859542222411,0.8245301751400862,0.8034626421768428,62.366793610034044,2.0929019054666442,1.225843918951938,1.643701659466435,78.53696607438211,1.2334702999613834,1.2200214432284933,0.23915926762675727,19.389138727883818,2.3545132884582274,1.5741308301267969,1.4202534762773606,60.320469765000354,0.7042115100332333,0.8924075890852858,0.3630401551099227,51.55271533303823,6,0.809316381679282,0.8
unmatched_predictions,X082,2,1606.3996237468807,1606.3996237468807,227.7071095877914,14.174997691836552,14.514367287017716,14.514367287017716,0.6878566802541664,4.73914340633653,814.5789590411298,814.5789590411298,64.73868568464665,7.947502813091672,0.812899908406856,0.812899908406856,0.012403981168735418,1.5258927994031994,1.1277223491707569,1.1277223491707569,0.10399589212841479,9.221763868108637,1.103780472321148,1.103780472321148,0.10600362896246593,9.60368765534963,1.250269878196213,1.250269878196213,0.2343312964071385,18.742457168144572,0.8560487873611811,0.8560487873611811,0.04370573192235113,5.1055188171081385,6,0.80106253140929,0.8571428571428571
unmatched_predictions,X084,2,1520.1260531861294,1520.1260531861294,393.84610775278287,25.908779533598256,14.211844129103282,14.211844129103282,1.2398104615848269,8.723783136953491,750.6338903050396,750.6338903050396,171.21697069069106,22.80965100324908,0.85393286374122,0.85393286374122,0.047290852764336665,5.538005945473006,1.1424159889870587,1.1424159889870587,0.15369060492806813,13.453120965537288,1.1179678238221704,1.1179678238221704,0.0412264904805505,3.6876276402663435,1.2803523792380231,1.2803523792380231,0.21891895302814846,17.098336097007437,0.9235957415718963,0.9235957415718963,0.038462611269871154,4.164442248771139,6,0.811839311544654,0.8571428571428571
unmatched_predictions,X086,2,1575.36294790101,1575.36294790101,438.50967991209666,27.835469946551708,14.373404669093604,14.373404669093604,1.3492816658881546,9.38734904465221,752.1906896246527,752.1906896246527,165.41547315955978,21.991162007349892,0.8698851366145393,0.8698851366145393,0.02929815840967679,3.368049087917604,1.068851710483211,1.068851710483211,0.032123086392990025,3.0053828868803216,1.1851061502689086,1.1851061502689086,0.12698053164556822,10.714696874769865,1.2687422391132355,1.2687422391132355,0.17379262569738507,13.698024731867863,0.9443233835155058,0.9443233835155058,0.01367671128270706,1.4483080183603745,6,0.8153536049520946,0.8571428571428571
unmatched_predictions,X088,4,771.0202314102726,853.0472297691394,492.32257898563535,63.853393066629195,10.723354238010014,11.731415621133241,3.279677978118791,30.584441260866313,474.7349579108529,526.461628675991,209.5953946654913,44.149981199583316,0.7806589858896186,0.8218276473745343,0.10360571973741474,13.27157204491131,1.267092571653032,1.2098268966619523,0.21663849122042741,17.097289974465223,1.2383655758915026,1.2267821685390778,0.24598521986612243,19.863699755141937,1.602312197200415,1.5343609483783163,0.5570450841166632,34.76507793487069,0.8550547440838903,0.9041684053373112,0.10231043482345803,11.965366607383007,6,0.8169193150005972,0.75
unmatched_predictions,X090,5,589.6632879084657,743.0347963316817,537.255986945222,91.1123344393489,8.988087417162294,11.237512210734574,4.424272870985942,49.2237409989807,377.24704422077673,486.3964091194705,252.89252913178504,67.03631824449351,0.7079904198997157,0.8156425353665558,0.19901798372667648,28.11026507320066,1.374300786594751,1.2525912159868413,0.2973048913179712,21.63317479098842,1.2877179460449226,1.1603969698520415,0.27833475859464757,21.614574794854782,1.817509647159044,1.738232140808834,0.7578647798166762,41.697978384945436,0.7668645104140164,0.8897667906270913,0.24803410708132936,32.34392825760319,6,0.826153313093981,0.7058823529411765
unmatched_predictions,X092,3,1008.4403162677216,949.2609248913384,277.5805413135145,27.525728279175837,12.373411211858938,12.193517163494027,1.1259210062267195,9.099519824796682,592.4660650778983,550.0446410535665,115.82564162816558,19.54975119341842,0.8175943697040333,0.8030144483262878,0.027398474398015512,3.351108497473347,1.1749267029753891,1.1015612843852516,0.12952021586718643,11.023684757456692,1.1870226310477194,1.1784734079648125,0.07313897135202362,6.1615481827391845,1.4003968791742014,1.2948404736672174,0.23919844442731739,17.080761031713386,0.8841618827975845,0.902518009384707,0.05316930169305128,6.013525659443474,6,0.8202602779843369,0.8
unmatched_predictions,X094,4,773.5472040044802,902.454262399458,500.6802723293227,64.7252384518247,10.53641921263948,11.985984737500631,3.819833182736602,36.25361809972721,460.90440711022654,537.3020863297511,235.91649023272657,51.185557480752514,0.7931631448041405,0.840027955188283,0.10108025929931991,12.743943028805269,1.1439072515409567,1.112053793171891,0.11912018505226905,10.413447846562939,1.3377929688270171,1.2300590394258628,0.2925943156073906,21.871419750691214,1.5328104022184634,1.4394872089670154,0.38240455375940974,24.947935713767922,0.8774241355574055,0.916798874432049,0.08616767040660162,9.820526574854412,6,0.8197706938829611,0.75
unmatched_predictions,X096,4,790.18747581779,908.2002415763285,486.43984020250326,61.560054428738106,10.784687207044321,12.01499707861073,3.4046792712127414,31.56956901808779,475.4338230775238,546.7478905564458,215.30358613657253,45.285710794174044,0.7932884947402488,0.8294879812657511,0.09648104464650169,12.162163612128657,1.0596426184936556,1.059415136369953,0.01743884295203305,1.6457287247301728,1.3369854971529478,1.277129088717429,0.16827219305777935,12.585940043187277,1.4172175922205916,1.3649712291358056,0.1845284346466915,13.020473049417907,0.8885856712785158,0.9105480681104062,0.06530547306513158,7.349372736471058,6,0.8231254428302184,0.75
unmatched_predictions,X098,5,653.2045904848089,890.33318223803,536.3050172329694,82.10368160991082,9.705086428537054,11.93579393759984,3.8636905447272687,39.810985437145476,402.48681690747276,540.2839631579077,255.49371640524788,63.478778850036974,0.8190104292202557,0.8283815558870883,0.10096011947030505,12.327085940337145,1.1072153951502754,1.0857765803495092,0.0670466581506584,6.055430446896792,1.3305862462517362,1.292496463544104,0.2575962463109378,19.359605364671918,1.4829118747715049,1.3386874930042054,0.37330997364100443,25.174117221127926,0.9071671602780622,0.910939792258089,0.05339676288040129,5.886099631740887,7,0.8249585136147604,0.7368421052631579
unmatched_predictions,X100,7,488.4381882153234,121.58827469889056,544.1663035996086,111.409450925184,7.851290942917716,6.146544420326237,4.746414537938642,60.4539377338979,309.5614605283305,181.69199205979345,277.3054812516248,89.58010495826768,0.8132563429033077,0.8272862059055188,0.08176422876772443,10.053930655594753,2.022544201959414,1.089003897292754,2.4392141384974986,120.60127715055228,1.4574452069091,1.322481063828813,0.37786503627362006,25.926534629386403,3.386428924033956,1.396986465751778,4.9750791592095025,146.91225685856494,0.7958614658719735,0.8989124449339208,0.26656340363512476,33.493693948741274,8,0.8073161487455407,0.7272727272727273
unmatched_predictions,X102,5,668.7648698615901,941.292048660642,569.5300373229855,85.16147647541017,9.60873384641872,12.159300435432876,4.2103041749674555,43.81747108685585,404.2759214688423,558.9412409207886,276.52509059893885,68.4000891258251,0.8140044196365984,0.8309997563361278,0.10549981295738114,12.96059461255507,1.1271278209942257,1.1009306924558633,0.10072493339088295,8.936425089927663,1.317948217847395,1.2954857178680632,0.2730673224540774,20.71912376800951,1.4995287760848979,1.3437653715949565,0.43766253185251675,29.186671095115944,0.8887846165328039,0.916300820767322,0.0826293881447969,9.296896751784312,8,0.8126836002781901,0.7619047619047619
unmatched_predictions,X104,4,833.0516416481681,947.2896765605872,551.7509382797589,66.23250116741093,10.774199380097963,12.184812532810579,3.9689259155118655,36.83731640276903,484.87925743225816,558.2313413088086,280.86012719807417,57.92372490533125,0.8483533035436421,0.8355871436530913,0.04533736351818215,5.344160661460764,1.1439710621578176,1.1412298835634558,0.10444607209566274,9.130132356552021,1.2112192977292286,1.2172998644658772,0.10832824152764013,8.943734774597127,1.3771244380081265,1.3789851121008863,0.007762006526581983,0.5636387179221766,0.9195224843557647,0.9234170934643138,0.027025912415303936,2.939124695165971,8,0.8123322951143795,0.8
unmatched_predictions,X106,5,682.7145974106936,964.2759653681244,574.1104701718501,84.0923091946851,9.718990903624608,12.25747190796864,4.163486011087434,42.838665581369156,407.6764873270712,566.3728001439224,273.52605388643366,67.0938997928985,0.8204653623972211,0.8333919430569549,0.09375365609366738,11.426887762786185,1.1153190953502106,1.120928810034562,0.05722701685652722,5.130999468681913,1.331955781724385,1.2697714705203569,0.2640019678799394,19.820625541949713,1.4925985956789458,1.356678786788703,0.3606754946601066,24.164265979095628,0.8972781902156234,0.9175607895267271,0.06852503830066567,7.636989179932986,8,0.8097488739122263,0.7619047619047619
unmatched_predictions,X108,5,685.7092172152818,991.5798518217216,579.123246844471,84.45609776055446,9.679099155737628,12.372088666351187,4.268935411780209,44.10467692388136,405.3668828933798,572.9527622864804,278.56008970341605,68.7180185305575,0.8242304200020062,0.8392997672632507,0.0952720112198901,11.558904998878614,1.1390351169520763,1.1139477192106997,0.08125896118536285,7.134017202454851,1.2942499681852357,1.2722958566945242,0.23596537508510929,18.2318239046182,1.4858936005312855,1.3646725132025563,0.3788552981089926,25.49679855768487,0.8935908211535037,0.9316656387484068,0.08599121853718333,9.623108978019761,8,0.8159430386939615,0.7619047619047619
unmatched_predictions,X110,5,702.7038943135881,989.5666620371244,572.4176954781711,81.45930314465063,9.913894574914096,12.36371003775529,4.0249399674241895,40.598978907934026,418.7541617370377,568.2984506146888,265.7395678946085,63.45956462672322,0.8205489504548502,0.8450278510151695,0.1105743316719083,13.475653294128797,1.1140893369067006,1.0984079099637314,0.06720409913100592,6.032200192993493,1.3593710791694087,1.2949252634822712,0.3649630634006795,26.847934974729355,1.51318141813935,1.3614303705779882,0.419138353255542,27.69914751999309,0.9138369579018617,0.929517314605097,0.05221970976678714,5.71433550758133,8,0.8150488008329325,0.7619047619047619
unmatched_predictions,X112,6,813.1678974041188,1033.9616909328734,594.5613878237839,73.11668226473353,10.414025772155023,12.545484241531284,4.208416595732237,40.41104456438626,473.9756268129916,589.3114569408103,291.1268706519216,61.42232937365501,0.8050923643916654,0.8393099099524551,0.11530278342611679,14.32168388694638,1.1138421871817998,1.0995530462410044,0.08849081966174602,7.944646080037788,1.350812162367668,1.2927003325587358,0.2800869220700149,20.7347053774735,1.511780776597914,1.3709832970345586,0.3968155521225783,26.248220526759525,0.8692693530748729,0.9168247151714155,0.10534564305190727,12.11887232412685,8,0.7722949305327373,0.6666666666666666
unmatched_predictions,X114,5,716.6536218626916,1010.2437987830896,598.3183930432087,83.48780705078813,9.86759119337852,12.449230946944354,4.253362704932324,43.10436682649025,421.12453591870707,574.3794298524708,280.7351607811519,66.66321642093644,0.8153512032357775,0.8476880127663681,0.1182886607819606,14.50769439138912,1.1424155200043642,1.117660069678188,0.13163346901222014,11.522381016997851,1.2959175051278768,1.2539271622947217,0.2527372411019912,19.502571737932648,1.4982607329313158,1.3313226713209942,0.45975166559542585,30.685691448105388,0.891883942871757,0.9352405280297544,0.09837994830212596,11.03057736249344,8,0.8184193615452947,0.7619047619047619
unmatched_predictions,X116,5,719.2623802918986,1023.4553567445076,601.4342544400554,83.61819982799254,9.865732554929913,12.503264744504612,4.283967990629757,43.422705478561305,423.2365934018282,581.7606565037014,282.9914715773055,66.86365876417223,0.8112200102039191,0.8442136685448273,0.12175177230301804,15.008477450206497,1.0974570846621368,1.1071219993838968,0.04579712134567649,4.173021613849766,1.3548849971254058,1.2676983381149691,0.38320037376384064,28.282870839728716,1.4851297692451466,1.3073280465482533,0.4228740002359718,28.4738754143288,0.8955786232506575,0.9308256125530112,0.09325272198078367,10.41256675402845,8,0.8213158626887425,0.7619047619047619
unmatched_predictions,X118,5,721.560771962647,1020.9808109676072,606.3070907692222,84.02716920434374,9.841520269930214,12.493179670065269,4.35131238892643,44.213823368544304,421.7828483946215,575.830168589541,284.8906171391646,67.54438171763209,0.8120483402196456,0.8515328955430723,0.12402005903352592,15.272497078188788,1.1110245156741814,1.0977244830659922,0.09205195322123555,8.285321513844135,1.3182494213417753,1.236169593935824,0.3243757854281772,24.606556253824294,1.4834113687775765,1.2676750723653676,0.4970767794232258,33.50903126978514,0.8877577876710797,0.933010788158682,0.09971439377683579,11.232162101154177,8,0.8226741945096758,0.7619047619047619
unmatched_predictions,X120,5,742.5566637578399,1042.2031866135674,622.4761022273672,83.82876790536311,9.951973735301545,12.579148906313517,4.364804349953041,43.85868035875386,427.7809144342879,584.7520708012337,288.99473608304135,67.55671567657895,0.8204603022117404,0.8501207574517792,0.11291451668140767,13.762337602077821,1.115115868568222,1.074067293708878,0.10543228001491785,9.454827340076326,1.2869062517968586,1.2241080366510615,0.2557937721342214,19.876643832996088,1.4537813280616914,1.2939385759527953,0.44115682376726084,30.345473232583732,0.8957959353271845,0.933995900130407,0.09682185467010558,10.808472203520543,8,0.8207489479668242,0.7619047619047619
unmatched_predictions,X122,6,880.5887844611958,1085.0673524439453,659.4601981300093,74.88855295079779,10.648456267388582,12.746028377227933,4.399914440545038,41.31973997038416,485.36621817744344,603.0823541354357,300.8777058106844,61.98983253109048,0.8190316274380369,0.8464219413757617,0.1064836605211013,13.001165883445351,1.1523128457895708,1.1174211378308168,0.1199461974210595,10.409169511502906,1.2487620454302608,1.1765631334876139,0.22790293407042078,18.25030916854114,1.445524018542132,1.3185335254046167,0.3584741868862581,24.798909066055742,0.8929650870691038,0.9323804562464892,0.09479193535975633,10.615413383168548,8,0.7647151415482204,0.6666666666666666
unmatched_predictions,X124,5,755.7598334284887,1022.1132302214428,644.1508976325157,85.23222181712656,9.956247185873806,12.497796893589712,4.482469390090016,45.02167640483922,428.0552538179546,576.6586901780815,296.8641942964841,69.35183989652323,0.82224643755786,0.8509380750809574,0.10934181489918503,13.2979372004261,1.0976839868540977,1.0979526696632682,0.06428342727497621,5.85627813148746,1.3166096195083326,1.2047166437189063,0.3441138892519142,26.136364504189043,1.4410695544925223,1.2868621381712448,0.370059836949417,25.679526418121778,0.8965903201578078,0.9382105664878848,0.08924527885594481,9.953852595713597,8,0.8210258655754685,0.7619047619047619
unmatched_predictions,X126,5,765.8006174791664,1028.1108581213882,650.4777828667558,84.94087991309985,10.021464286102917,12.522194385731106,4.464083920327924,44.54522605562154,431.88951119359,579.9252018289056,298.1387886316148,69.03126399334508,0.8280009497958576,0.8494518621857421,0.09802727555735642,11.839029361201204,1.131868774082951,1.0886643456908771,0.10236776874113653,9.044137543601352,1.277606298564311,1.170645398938973,0.2913432208416716,22.80383410515929,1.4624093122892017,1.2744399072719328,0.46523153391365824,31.812675835973852,0.9031247968320564,0.9368426650614348,0.07107519632263805,7.869919702343759,8,0.8224398491805858,0.7619047619047619
unmatched_predictions,X128,5,764.9030703668669,1005.420531590826,625.6663246683881,81.79681176705209,10.206272021329175,12.429386964105552,4.124380894041786,40.410258372720335,437.5219420521016,574.711326826211,283.9801601173319,64.90649561148513,0.8400377970463081,0.852646057361411,0.07438354995123532,8.85478608376652,1.1026205633214317,1.0917305322619069,0.06634478157205463,6.017009275811416,1.2335068832455922,1.2293225091450564,0.1592996660824568,12.914371881193638,1.3600923039222585,1.2711556105690245,0.20133841541548256,14.803290543947586,0.9232738794343887,0.9311834093134554,0.026797334692912213,2.9024253030236986,8,0.8234951324296412,0.7619047619047619
unmatched_predictions,X130,4,959.2325055431705,1144.8339241741692,615.3129147110319,64.14637860532132,11.299672904637987,12.974424107883435,4.16029191417332,36.81780834970643,541.7616465140826,636.6846117600705,312.25502550684115,57.63697513768619,0.8392555268794073,0.831402503230046,0.05565235949154297,6.631157938092395,1.1406030160855312,1.145768967322205,0.050304236518174936,4.410319437065449,1.185225246575781,1.1808083593298253,0.15303658777654264,12.912025643959126,1.3474756034431383,1.34162030333243,0.13485200958707633,10.007751475610808,0.901832711120556,0.918226605209036,0.0549704603404252,6.09541655149353,8,0.8237240327319132,0.8
unmatched_predictions,X132,4,962.3466584912192,1099.6000662015053,639.6929139011021,66.47219151818138,11.284574378318712,12.801315598078515,4.213666969354844,37.3400611143177,585.5947928783804,708.8394785982457,338.3719164423681,57.782603356010895,0.7902327109522804,0.7591159954776627,0.09256434915172651,11.713555749948723,1.5000458247796224,1.3614913368487767,0.4206268099685591,28.040930684924575,1.1583065772739949,1.1517165745385238,0.10335740804006667,8.923147814917199,1.768497528357647,1.5683219237648838,0.6634721942327713,37.51615049464722,0.8099648106127042,0.7792143933930868,0.09893260510620046,12.2144325049581,8,0.8267108827591848,0.8
unmatched_predictions,X134,3,1357.0157391799255,1280.682293180622,223.4028930970639,16.462807810325852,13.709366585986727,13.4735155385003,0.7387277172024789,5.38848904921386,748.3303349953839,774.0783614969148,85.33616350952519,11.403541927784017,0.7942446752801059,0.8277005797998988,0.08524320223948212,10.732612366512805,1.2967317788937984,1.2844390854455334,0.25732289866413255,19.843957158483978,1.1944269239432317,1.187589278460308,0.013562491044750194,1.1354810221437026,1.5485886528502448,1.5542319533117424,0.303854494161649,19.6213819339559,0.8354711449295289,0.8915783399641628,0.11812477479221911,14.138701917967833,8,0.8203463713357184,0.8421052631578947
unmatched_predictions,X136,4,1033.248686217495,1096.9996960630674,704.7168393581208,68.20399084541206,11.68787649936062,12.791213290102123,3.954872737588909,33.8373932835897,607.9834536204726,612.0932075859944,304.1825455348934,50.031385512799865,0.7271631251921183,0.7874136007572665,0.16587202204241708,22.810840689782403,1.137356686186588,1.1419126085176103,0.06546734327609126,5.756096048953201,1.1477205764931675,1.1553025783997892,0.07558683518433862,6.585822083567794,1.3034150793119603,1.3033974925028629,0.07987075864321051,6.127806859912366,0.8540571067232509,0.8842980318010012,0.08402265354665786,9.838060345756787,8,0.8199892617829687,0.8
unmatched_predictions,X138,3,1431.4058978177084,1203.5939010120946,521.2527423733342,36.415439056666266,13.854367199556648,13.197564261805065,1.624011314624207,11.722017261648563,732.8713001238921,654.1087950365145,181.23592994417587,24.729571196680496,0.8313312122458997,0.833385357981274,0.006486018737363241,0.7801967064175067,1.2102211504945541,1.229370116801928,0.0698618840863963,5.772654366340186,1.157622124287544,1.1571489735881813,0.09608042772904964,8.299809213492885,1.399743528880027,1.3468793317480243,0.12412971641469323,8.868032882710507,0.9017688459107694,0.9031348753716412,0.0030910103582175645,0.34277191679822366,8,0.8189791228057962,0.8421052631578947
unmatched_predictions,X140,3,1457.0181456328594,1309.3702476111296,480.5464661823053,32.98150181743816,13.956779231643756,13.573378153688267,1.50497832044167,10.783134815441382,742.7158967996456,687.0050777820834,169.81611601949447,22.86420914797033,0.8315009564364911,0.8311918408705903,0.010839864397141904,1.3036502620030164,1.1935416617035213,1.2089199334534195,0.042832593975610136,3.5886970141013697,1.1744162258806243,1.211807488714394,0.07292953266217739,6.209853972980652,1.4011941324108435,1.3876929049910995,0.09052776807160771,6.460758432940977,0.8738274401836246,0.9022934094953424,0.05165487699392764,5.911336108084792,8,0.8179920973926081,0.8421052631578947
unmatched_predictions,X142,3,1476.1993705249922,1226.2003446349654,577.8525358038577,39.14461334571302,13.97748329568526,13.27967981253198,1.7613540782998574,12.601367793038776,785.6228003016291,686.1362810328004,237.79264574091556,30.268042838066606,0.7961590527480357,0.8074482472494369,0.0329444526197405,4.137923509885228,1.526323553529836,1.5578619750846527,0.16297973880973438,10.67792857109628,1.1741411232274492,1.2259603466358642,0.12837943641177785,10.933901715229231,1.780052388760781,1.7179419855958409,0.11246632518161156,6.318146920378408,0.8683570744594356,0.8735874702280745,0.03776403874329589,4.348906671463986,8,0.8189349817703653,0.8421052631578947
unmatched_predictions,X144,3,1501.9514231862952,1425.128660225458,503.58039162382056,33.52840736723073,14.09046643777814,13.96213449770419,1.5834397209801678,11.237667170014943,757.4167863343799,739.4364954171165,192.04683176293508,25.35550244303027,0.8347402474494663,0.8282331812882775,0.026603468118050394,3.187035511865734,1.283969666617321,1.33496164764625,0.11928563556645105,9.29037801030882,1.1510292405878684,1.153179684150318,0.06088313038478586,5.289451235286677,1.4770438461394566,1.4912863452504397,0.14697898589535982,9.950888477652047,0.892618557451308,0.8969591636460958,0.03845897592279319,4.308556617129384,8,0.8174656197702032,0.8421052631578947
unmatched_predictions,X146,3,1530.2339435629603,1464.6375097481744,546.1045812503944,35.68765309040639,14.160809318807381,14.089984326585384,1.7085928882482737,12.065644341238619,772.1007995118747,747.6260997224385,231.56852240080954,29.992006555000085,0.8340017946041876,0.8342312195291158,0.05098277576869558,6.113029504078191,1.1595350354642822,1.138257712168422,0.05689077519030439,4.906343788700194,1.1774288181136645,1.1605136498260435,0.06090305983872082,5.172547070513563,1.3651564652386703,1.4171325179073178,0.09292696626643078,6.807056087170518,0.8945807249455778,0.8998584103905488,0.051575014423885526,5.765272265062844,8,0.8187463866768617,0.8421052631578947
unmatched_predictions,X148,4,1170.7327719239331,1275.2508749075946,729.2107347837339,62.28669362226699,12.424767920703715,13.39547928294676,3.4839233680645854,28.04014843817914,650.2493601531866,718.7835858651607,317.0412730886405,48.75687582590646,0.7889913117953163,0.7899233713733624,0.08841819424818087,11.206485157230567,1.2896690479684882,1.2081251921468894,0.24575962202482982,19.056022350226606,1.1936504829423866,1.1595406405478341,0.1414054926416242,11.846473876762914,1.563276395541108,1.3627146895275373,0.4958213877843752,31.716808953208368,0.8301115643900202,0.8282592575912879,0.09271438118996375,11.16890610457786,8,0.8188006702249897,0.8
unmatched_predictions,X150,3,1564.8356429857215,1799.9594332451147,461.745860218559,29.507626713917603,14.298857470322906,15.092274594479168,1.5243860954866668,10.660894401182125,793.085923788979,862.4339356345998,212.1955118679258,26.75567747491455,0.8276631964181281,0.8485895110703496,0.07550593802277378,9.122785494092316,1.2141421638886125,1.1595333679879103,0.2134699489524433,17.58195665232061,1.138855643868351,1.154139150741698,0.05064639643910778,4.447130478018896,1.3860775148811257,1.254994980418746,0.2828488535920032,20.40642392328694,0.8698028222061954,0.879004896376417,0.08682951462384682,9.982666462682852,8,0.8209787303332274,0.8421052631578947
unmatched_predictions,X152,4,1194.2933836217949,1221.502901804239,630.1855124433444,52.76639066125058,12.783200678401075,13.241523800191398,2.6268399687678783,20.54915693536968,642.4039709578309,617.7520986108123,204.6680134156636,31.859705523068527,0.809528956896636,0.8568037271946007,0.12454916068028773,15.385386726344205,1.1943022581986897,1.1166613928289035,0.20821864995878922,17.434334443345662,1.1817815320256937,1.1214318944412784,0.2058423206203855,17.417967284321225,1.442482697898774,1.2275431248657545,0.5233324249549014,36.27997935207305,0.8581081332046893,0.8934722771918597,0.11481524444152766,13.38004384281254,8,0.8211436305944483,0.8
unmatched_predictions,X154,4,1091.872353330422,990.6781105640375,645.5676083028001,59.12482409996864,12.388805858937577,12.333021858445436,2.562985355038417,20.68791281598314,613.133007411248,551.3173718867076,216.58571424199351,35.32442579734132,0.7999420994806905,0.8309096008320478,0.10762069993291035,13.45356120183898,1.1562380317732126,1.102133512964604,0.1579695729983941,13.66237475826073,1.3225283586754695,1.2696720615430181,0.2987506016405109,22.58935316439746,1.563291324862859,1.3998178733609172,0.5817069091496527,37.21039705767467,0.8585272827116743,0.8517853651127363,0.07152432031982266,8.331048035411497,8,0.83421458986477,0.8
unmatched_predictions,X156,4,1076.9307103978658,976.5648113449356,614.3519200507333,57.04655964577001,12.36377352701621,12.217007023832219,2.4381615883075196,19.720205833436427,614.3749249885606,557.4571390923429,214.79181011391373,34.96103134709039,0.7952064072526102,0.795923816720497,0.08245088329823178,10.368488300175368,1.1840855714156602,1.168782211814523,0.1388278255692067,11.724475740653437,1.3211948649260514,1.2802314713476681,0.23718264765570804,17.95213211557429,1.582250945445416,1.4897655173454427,0.44646067175774995,28.216805497440724,0.8424799589615058,0.8239897404790704,0.07439334220909634,8.83028034290552,8,0.8478880856913042,0.8
unmatched_predictions,X158,4,1088.0242249400724,1004.5817025139106,650.4757111010138,59.78503935763393,12.354967389937055,12.316256491553045,2.6253723346359696,21.249528645249992,620.0678293923894,578.4572482828476,224.34241878326262,36.180302887685365,0.7868717339816557,0.7779301495911589,0.08648765237769218,10.991327892800946,1.157077671478551,1.1157035396819095,0.14094927410533645,12.181487689173618,1.3986952208268641,1.3501733618139815,0.35642040172398426,25.48234929359949,1.6473598580163564,1.4996679440021738,0.6043396350032694,36.6853442532572,0.8454734714570238,0.8204657077369053,0.07561882979882882,8.943962448462536,8,0.8370526017606178,0.8
unmatched_predictions,X160,3,1348.7812337415392,973.1256121295822,883.7350857558413,65.5210099049456,13.301131690313381,12.294855444424767,2.8469061223117893,21.403487978282808,700.8566363643444,534.4464288277388,302.8797363443822,43.215647912753504,0.8170493700658211,0.8156482725949765,0.07083231757383189,8.669282441050736,1.135811689067415,1.08934703172917,0.08658001514671591,7.622743803403227,1.2934081293158046,1.266132515619024,0.27629738739908843,21.361964652661186,1.4683447605909627,1.5645660286330625,0.3147070513163197,21.432776536054106,0.8867820159148231,0.9076194669294864,0.06701232791316561,7.556798255999167,8,0.8449814646308552,0.8421052631578947
unmatched_predictions,X162,2,1953.9265103129408,1953.9265103129408,1583.4511585193213,81.03944289418111,14.859452970463156,14.859452970463156,4.496768482349553,30.26200554817189,925.1922761367122,925.1922761367122,622.1319847408975,67.24353421309446,0.8160097027041566,0.8160097027041566,0.09492763098659363,11.633149786334041,1.3538167911819419,1.3538167911819419,0.3500321849396385,25.8552107803335,1.044546808105655,1.044546808105655,0.011123824544111408,1.06494265817394,1.4160718562939678,1.4160718562939678,0.3806846219629272,26.883142989595537,0.8691288747481136,0.8691288747481136,0.08793648690687077,10.11777303249257,8,0.8489059455024104,0.8888888888888888
unmatched_predictions,X164,2,1901.9400782711073,1901.9400782711073,1642.61704594152,86.36534161658153,14.621828797048908,14.621828797048908,4.804707239891191,32.85982421611252,913.5029819061012,913.5029819061012,654.1531194846233,71.60930313765122,0.8094979216575388,0.8094979216575388,0.09646291597903328,11.916388343717365,1.3746768854654579,1.3746768854654579,0.3318635184728013,24.14120161483869,1.0329301561826747,1.0329301561826747,0.0011096429475951,0.10742671621631486,1.4201293350109672,1.4201293350109672,0.3443172364786216,24.245484406951046,0.8632852205005455,0.8632852205005455,0.09180782827199285,10.634704045872734,8,0.8547903154101143,0.8888888888888888
unmatched_predictions,X166,4,916.9135786127874,673.3700414938558,793.6435867019482,86.5559857781432,11.347929326961372,10.874682635490242,3.3029094675679893,29.10583395792444,576.1499401935199,476.88515632472286,315.80667880500033,54.813279803331355,0.7358083419052508,0.7299977557998107,0.11509002224945532,15.641304358068194,1.1802402954209192,1.1704327547206261,0.0863351170660216,7.315045707300746,1.6008710489909737,1.5189019650170357,0.5815957850637289,36.3299583330155,1.9100491336677778,1.7160880170972699,0.8047473607470669,42.132285843440485,0.8291066632280357,0.8091048941506788,0.07001264941684536,8.444347696381886,8,0.8607899357129982,0.8
unmatched_predictions,X168,3,1198.9943215736753,638.1811617172539,1021.5595118471126,85.20136363167424,12.531173339142113,10.6818986396904,3.4935886134409473,27.879181932057765,645.3619267044954,473.20176295489534,355.4783084968752,55.08200806206608,0.8018869529187489,0.8173492675056936,0.0839159305650434,10.464808070464537,1.1696107788232,1.172589540247269,0.012240309812664111,1.0465284720597103,1.304757336647919,1.311839303935993,0.28009013891629064,21.466837629430497,1.5276292617321807,1.5480842231207603,0.33720854156686886,22.073977634109184,0.8752366966478037,0.9151611876181736,0.0737749014649647,8.429137140561625,8,0.865057610033019,0.8421052631578947
unmatched_predictions,X170,3,1180.050764920002,632.2254752711543,1003.7638319695122,85.06107210036507,12.466763754206028,10.64856590403111,3.4702147884026404,27.835730722272345,631.3990251192625,445.16426584427415,355.8147289524859,56.3533858617025,0.8129039808948564,0.817923117453311,0.06425204521519666,7.904014093333272,1.17027845946125,1.1810141430962722,0.02210846413318722,1.8891626992233184,1.2776662118917204,1.2953712226467693,0.24587995400584484,19.244459289707088,1.498313365013516,1.5349748813768946,0.309957258980331,20.687078298706552,0.8678688338830094,0.9166820364967762,0.085110303890866,9.806816487471547,8,0.8678707920880753,0.8421052631578947
unmatched_predictions,X172,2,1754.1383949186097,1754.1383949186097,1608.807967414549,91.71499649485729,14.11793619030637,14.11793619030637,5.032020454718186,35.64274825220744,854.0191596213847,854.0191596213847,645.1580478872381,75.54374402715489,0.8148741192744917,0.8148741192744917,0.0929184726524281,11.402800807461693,1.3472544366394086,1.3472544366394086,0.2779673667814823,20.632135936760697,1.0693647277966716,1.0693647277966716,0.07925773065145286,7.4116649437985656,1.4517219052528894,1.4517219052528894,0.4040288267727784,27.831007117192787,0.8678288382586858,0.8678288382586858,0.07895576454745423,9.098080297248522,8,0.8707605837454655,0.8888888888888888
unmatched_predictions,X174,2,1752.0622929532442,1752.0622929532442,1617.141608700583,92.29932150270517,14.09897629715191,14.09897629715191,5.069826775218305,35.95882898421812,851.2225984339702,851.2225984339702,644.554820898783,75.72106545157487,0.8149420468636988,0.8149420468636988,0.08946744757500909,10.97838158177311,1.3470564036089425,1.3470564036089425,0.27478662307921464,20.399043599289897,1.0716891423200372,1.0716891423200372,0.061123999903099496,5.703519564523694,1.4520237506016151,1.4520237506016151,0.3768233158924454,25.951594506378886,0.870312056941689,0.870312056941689,0.08343103376197797,9.586335509950066,8,0.8726458754415459,0.8888888888888888
unmatched_predictions,X176,3,1129.8468446666138,578.5823558024131,1483.9912243128233,131.34445888112452,9.581431692747806,10.338452126796051,8.332091224089961,86.96081641323528,562.6153354414763,388.05961086849055,664.619557792763,118.1303665089835,0.8484739149965582,0.8652915665525776,0.09862234111817036,11.62349712525581,1.4563506206942474,1.5432048381749786,0.23768883977272162,16.320852711925546,1.5486161930928517,1.1109566980297687,0.8393137774654582,54.197662481444475,2.3488868888328773,1.7144337514024377,1.5567772755229956,66.27723467333637,0.8595805813095665,0.8604651162790696,0.048290534477995445,5.6179182647920065,8,0.8766880425121945,0.8421052631578947
unmatched_predictions,X178,2,1693.3442575691645,1693.3442575691645,1573.4863774797927,92.92182439845809,13.925385696404874,13.925385696404874,5.054694626706207,36.298417414830965,846.6700539864873,846.6700539864873,646.5212631536966,76.36047361183923,0.801035309552801,0.801035309552801,0.0893168676798604,11.150178601954998,1.345321839043036,1.345321839043036,0.24390661813074527,18.129982807998026,1.0752824444065983,1.0752824444065983,0.07322629161833617,6.809958815866895,1.4555311441732177,1.4555311441732177,0.3607814338568561,24.786926428962815,0.8625714015201305,0.8625714015201305,0.07559925994304266,8.764406031757169,8,0.8769681440972886,0.8888888888888888
unmatched_predictions,X180,4,862.2533788882861,533.8937367297439,1010.4594299838658,117.1882250304039,10.242752503017465,10.057095568244875,4.938424134686944,48.213838352846146,482.4931369758022,389.364388185306,408.7368109975938,84.71349738972403,0.7732392803378403,0.7842719318921663,0.09071889681451376,11.732318717031196,1.2196508764735714,1.2184263269138016,0.05238507604235898,4.295087803636249,1.2449841859553294,1.2854109812576886,0.15490575476130813,12.442387341847425,1.5225495216799616,1.5888273292444222,0.23290880315620827,15.29728917449067,0.787943248537248,0.8228060944840737,0.1561293702459093,19.81479891296114,8,0.8792380495986583,0.8
unmatched_predictions,X182,3,1115.7545161744347,569.6488261332638,1014.1556461468526,90.89415560907322,12.140454940968931,10.284966027073466,3.6485879370851646,30.053140140347743,601.6417033583107,393.4095006219752,371.6132595109612,61.76653935999598,0.817527082958282,0.8142077513205138,0.05350150214974325,6.544309450415285,1.1898168187705878,1.1888566105363931,0.03567068282024555,2.9979978646715804,1.2496586716376115,1.3151075363141136,0.2064217449600472,16.51825011461269,1.4881683450824748,1.5184704187878255,0.2635399364475656,17.709013722702196,0.8623494482457125,0.9168061590873056,0.10200845306519661,11.82913182964442,8,0.8805703759836441,0.8421052631578947
unmatched_predictions,X184,3,1086.3395765439338,550.3976988180548,1024.2438644007061,94.28395011247052,11.970982715088743,10.167776602685551,3.7659312776969633,31.45883147045414,583.0457747414504,377.3211279584739,379.5348355834092,65.0952038459952,0.8257568242826636,0.8174475318142163,0.03169344863493685,3.838109199093693,1.2011031757260084,1.182528866631717,0.05843237903089102,4.864892559756282,1.2285220725901373,1.331467666707326,0.18343529222559302,14.931379445128712,1.4776590175254685,1.536800883603315,0.2510479954657613,16.989575571106634,0.8555810241446862,0.9158702835321818,0.10460454987112505,12.226141875422838,8,0.8856735853807691,0.8421052631578947
unmatched_predictions,X186,3,1077.7975004440118,541.2125204258309,1003.5092768829834,93.10740435653038,11.96266865077971,10.110898195022408,3.6998942989751358,30.92866990622516,582.0640472391475,370.641549502373,376.43370310672236,64.67221346039612,0.8262880288386912,0.8132413325279746,0.03554551225018337,4.301830718779855,1.1719124604056796,1.1398151873269589,0.06954382301898451,5.934216536524461,1.2492393140021703,1.3488621363619508,0.17545087193164538,14.04461658907899,1.4688928288396024,1.5374535486356389,0.2646931714440512,18.019910387414296,0.8573011451587814,0.9179793844054164,0.1065955306135663,12.433849087396666,9,0.8912032361588007,0.8571428571428571
unmatched_predictions,X188,4,808.21181560801,436.8621832575523,1047.0779502739106,129.55489267206565,9.504630789033563,9.401978137755691,5.629209370199674,59.2259656913202,452.9723090659785,329.29234069547607,450.65901335469994,99.48930747752583,0.7249417256441719,0.803063040309945,0.19581248933291748,27.010790303030433,1.5688883767243462,1.2741758422775473,0.6949453538087114,44.2953982016028,1.2796353914485588,1.2502063674258181,0.24949758739283082,19.49755290140868,2.1174771003477666,1.5837068565149555,1.3704706554310915,64.7218642981315,0.723570303212268,0.8809107317595615,0.3339772568591917,46.15684963527524,10,0.8796710670387611,0.8333333333333334
unmatched_predictions,X190,3,1059.371221721103,484.927089364806,1021.1202674452671,96.38927757413576,11.839597967930649,9.747485723772687,3.803270856388922,32.12331083108277,572.1313556214382,354.15024448967756,383.5109996439971,67.0319841546588,0.8274765142263835,0.8153061232213256,0.027992699174720106,3.382899537745887,1.145667950685161,1.1452100301700463,0.04885028894253944,4.263913371524862,1.2534325676227702,1.355612611105699,0.20265878688290884,16.16830391341008,1.4355979707791668,1.5190398842100603,0.2370195855403607,16.510164430764622,0.8929139085253204,0.9089986368190256,0.036351144643655964,4.071069371479631,10,0.8892301427629831,0.8695652173913043
unmatched_predictions,X192,4,1503.6850032785874,1396.2939107064904,945.1640314103486,62.856517777961656,13.684314917808615,13.8670265125795,3.190718018093535,23.31660764355233,774.558631602183,731.8486194027138,391.83533962075364,50.58820903076607,0.8088520417127327,0.8256101184935618,0.05041829256217975,6.233314619002472,1.2252316537633425,1.166875410995487,0.186818954297056,15.24764347405121,1.1901498916241557,1.1398947437043827,0.18724878885542207,15.7332105958427,1.4621823975592723,1.4677524155743715,0.3314298891548052,22.666795176035492,0.8771954650017099,0.8884982715760752,0.05016655466739584,5.718971046812018,10,0.8827523941930088,0.782608695652174
unmatched_predictions,X194,3,934.7352013760864,344.9684578814677,1039.6469561249241,111.22368715700341,11.066673692619696,8.701489256622969,4.252830104189987,38.429163290738174,534.518001508232,293.1772618115523,431.4562299472408,80.71874637146266,0.8031325257027144,0.8113472434509226,0.023599756557796493,2.938463553962963,1.2148414395400258,1.1298984116255604,0.15408943513435244,12.683913317337542,1.2093994155702967,1.1339520727962815,0.1354502060249422,11.199790927720118,1.462203051151042,1.53228266515486,0.1637631100770182,11.199751631492244,0.8597246840221419,0.8548823099923513,0.01141390759231911,1.3276235758313006,12,0.9041028224123248,0.8888888888888888
unmatched_predictions,X196,3,1091.8758484515758,490.8827758109056,1148.4956630922854,105.18555426617449,11.777140238160484,9.787228410154878,4.242233954515247,36.02091737660974,601.470614945013,358.88759476441294,477.40572358676843,79.37307521339397,0.8133818834303038,0.8385150723334243,0.04961594914655324,6.0999574931895655,1.261553635048821,1.1824605746512538,0.19481401706760243,15.442388785956238,1.1444124152576634,1.0663933305787714,0.16845713747650365,14.719967664679318,1.4383589934417842,1.5818191226156386,0.24860938829305207,17.28423776168465,0.8842467089858269,0.8887024377864833,0.027272915988514675,3.084310714573643,12,0.8776292315034626,0.8888888888888888
unmatched_predictions,X198,2,1631.0402278812714,1631.0402278812714,1633.3047208033893,100.13883734339645,13.57300800590958,13.57300800590958,5.494074846966933,40.47794596875546,831.4303427009417,831.4303427009417,677.0972249530392,81.43763706691966,0.7834700316631057,0.7834700316631057,0.07449957469305066,9.508924615139035,1.2963967134072618,1.2963967134072618,0.2264184949582523,17.465216674544525,1.1127714313582695,1.1127714313582695,0.10919616790121556,9.812991673225172,1.4549552423820558,1.4549552423820558,0.39351358590448304,27.046439260923368,0.845243879032849,0.845243879032849,0.05539548869349408,6.553787618891615,12,0.8843353442895777,0.9230769230769232
unmatched_predictions,X200,2,1645.8036196349829,1645.8036196349829,1656.0813631794538,100.62448176816808,13.600573177430878,13.600573177430878,5.545943910590887,40.77728076779853,837.417411135029,837.417411135029,698.8622057821252,83.45446326878884,0.7909002624313359,0.7909002624313359,0.09410133950633005,11.89800332308016,1.2890848522399245,1.2890848522399245,0.21279532520874578,16.507472323407637,1.0913417169209763,1.0913417169209763,0.10644151351272127,9.7532708465527,1.418157204142168,1.418157204142168,0.36944455828481043,26.05102997084759,0.8531018786869711,0.8531018786869711,0.0691764054486805,8.108809413847679,12,0.8851794552383249,0.9230769230769232
unmatched_predictions,X202,2,1692.6522235807092,1692.6522235807092,1696.652257411819,100.23631752437886,13.739130776345519,13.739130776345519,5.569544904240029,40.53782582686411,851.7792934961101,851.7792934961101,696.136882258292,81.72737792216255,0.7848845020196469,0.7848845020196469,0.07700736125711607,9.811298485186354,1.2839689277921893,1.2839689277921893,0.2226637709256518,17.34183484553062,1.1089430862735639,1.1089430862735639,0.12193460917735684,10.995569627211411,1.437423675408117,1.437423675408117,0.4034816987378124,28.069782461545646,0.8509968912623433,0.8509968912623433,0.06390410357911279,7.509322799560331,12,0.8854119595581682,0.9230769230769232
unmatched_predictions,X204,4,909.940811910928,592.1923575753658,926.9146349581977,101.86537660747666,11.046833945038546,10.366287181212924,3.853614624526262,34.88433558157206,543.4253764275504,443.17995704799097,374.27094781232967,68.87255620500592,0.7696362844376015,0.7574345073517617,0.06230917000482991,8.095924174152115,1.3109907233730649,1.270943341178112,0.279759843452068,21.339574602959075,1.4526978471030763,1.384340821995925,0.3984332630076929,27.42712559271949,1.9513572204942613,1.8869560316828846,0.8128123705717053,41.65369426136272,0.8670771864278607,0.8601760625074844,0.04409255214951187,5.085193433719789,12,0.8820414679695078,0.8571428571428571
unmatched_predictions,X206,4,809.2918080445387,478.09063238794533,1012.5714753490449,125.11821635704966,9.045046348770107,9.613350405450813,6.491137080890134,71.76455300057982,460.59240285547776,419.2767060544569,426.1040253315294,92.51216969491138,0.9371681553467092,0.832898270695365,0.35613332373355266,38.00100565749587,1.6270548861612182,1.3542085062946958,0.8127608417293339,49.952884112404845,1.5619572882807775,1.5594374776932598,0.47245335132602584,30.247520522539258,2.799066726533282,2.181718501755835,2.119872731452219,75.73498378431792,0.7086710699070511,0.8499374929486767,0.3106031343235248,43.82895641051967,12,0.896947006781394,0.8571428571428571
unmatched_predictions,X208,7,1098.6324169449206,1387.6749419411842,790.8261888347112,71.98278301616499,11.645386512611193,13.838734411849828,4.393790485620721,37.72988110667286,616.6995754798876,764.5574519972055,342.68595225587177,55.56772955279061,0.7572965450584036,0.7869234661274046,0.07248585895362668,9.571661118305576,1.3311298082108303,1.3316116666867008,0.23153124661797075,17.393588903938046,1.3229826136098237,1.28649718381112,0.23803012958004768,17.991931801021227,1.7893925814280789,1.719723488921577,0.5988416883691942,33.46619934521414,0.7821635246049645,0.855189165400298,0.17365466916941233,22.201836790729594,12,0.8107590394738948,0.6896551724137931
unmatched_predictions,X210,6,949.100149318263,672.782861140015,884.0894445663097,93.15027978884521,11.134326457437348,10.649712969554287,3.8823578602462474,34.868367431897646,565.3042653631791,467.8680360842241,350.69378478392787,62.036288468233124,0.7455421796061518,0.731705045547997,0.08912169560324824,11.953944128329352,1.4528667105281021,1.4482683722681315,0.42264175081703215,29.09019442419506,1.41941684256271,1.3131696859661286,0.29917753366007466,21.077496383650033,2.0791255974616543,2.231048820826342,0.7361247335046779,35.40549615681669,0.8063270656117734,0.8266978300326429,0.11569071169129667,14.347864114361617,12,0.8407841043438465,0.8
unmatched_predictions,X212,5,1170.208503750861,1264.2412432730798,912.1948728408345,77.95148214330888,12.136534916131804,13.415610598790646,3.958006146252496,32.6123244699073,635.5785854069854,743.4544643668789,368.26575170156735,57.94181241423554,0.7891735097256051,0.7929465483469432,0.026061492478981357,3.302378014188909,1.2081390808856416,1.1743407906908063,0.17520891647333886,14.502379671792403,1.407596833140261,1.3046943677884086,0.29851108445240243,21.207143794607916,1.7109639596553747,1.7398792828387433,0.4650192788766192,27.178788673624908,0.8658510355317597,0.8574042005239554,0.05360950374499653,6.191538907390973,12,0.8428435899852355,0.8275862068965517
unmatched_predictions,X214,6,1183.9932615815042,1200.448291973662,830.385338822952,70.13429601058499,12.345260714717702,13.176917363554903,3.5599854045531916,28.836858830442264,642.8253381000605,701.4832101645649,325.97313637412867,50.70944112713064,0.795349005349152,0.7973557933929245,0.037156866840401225,4.671768819788698,1.2044946230673235,1.191329696596004,0.15769006313591397,13.091802994881457,1.412826724351868,1.312147103551312,0.2896715761262569,20.50297967425151,1.7264766610014457,1.5493265106163734,0.5293828215988899,30.662610943829414,0.8570048347996004,0.8552878384618479,0.05528475967482185,6.4509273961971845,12,0.8358137912536943,0.8
unmatched_predictions,X216,6,717.8489532972962,278.61707789745776,972.2884109014939,135.44470691716978,8.879567395367621,8.057405247147043,5.325936852813161,59.9796883752653,420.78955820994406,267.1516695653293,389.9312072777052,92.66655972559975,0.6600146664880758,0.7268132210094472,0.19021535465712647,28.8198678476735,1.5503414363939718,1.3507358631167552,0.6725098395628366,43.378176173054236,1.286496250684375,1.1802927535712486,0.31537676736937137,24.514394597077217,1.9317580937714418,1.8971885479175399,0.6967673302336737,36.0690778250267,0.6933464007720856,0.8359367710133122,0.299367367203065,43.177171882582826,18,0.873054197247862,0.8
all_shape_qc,X001,6,1095.6226183284646,1140.178422797289,263.3402664006414,24.035672684670033,12.717669801097822,12.959224174126973,1.0623064619711364,8.352996095868408,642.8757603574377,632.2001091112219,97.22900399048045,15.124073730268087,0.7938830851188671,0.786456364263066,0.03625260655862161,4.5664918724390695,1.370039104512735,1.3539419638724675,0.07281467209241754,5.314787866461275,1.2328149587317014,1.228416288983592,0.0838624223825548,6.802514991287176,1.6878107472526398,1.7193952976387694,0.12401096799684326,7.347445097070513,0.8673016396288705,0.8631647159761118,0.053542118683134396,6.173413750958173,4,0.8207501635686935,0.8
all_shape_qc,X003,6,1148.7065184125956,1157.542184689438,234.5376684398564,20.41754483677566,12.941240094008705,13.024517377477785,0.90897164198617,7.0238372473051385,676.8436388529185,650.7804028280677,87.61094781810831,12.944045387881173,0.7807554868448355,0.7735005354779312,0.049223091979391065,6.304546405214502,1.3178799164865447,1.271411508098521,0.14740948170584833,11.185350035444854,1.2419489440401608,1.2188926907228295,0.09740547768710607,7.842953460730692,1.6282343169153197,1.6368239428383213,0.11950731908222319,7.339688019143896,0.8361817893989846,0.8311218147812204,0.076953282801085,9.202936942264202,4,0.7933208052565504,0.8
all_shape_qc,X005,6,1162.5262274547772,1189.983899239142,253.10809498540112,21.772248144418498,12.985498528593112,13.144740392399214,0.9747975579226289,7.50681659064684,664.5403773524685,650.1866275543289,87.6560981817572,13.190484907926807,0.7996770837335266,0.7985805758439084,0.032330256457072166,4.0429139604862625,1.30063767364064,1.2933722255390259,0.09656881463957653,7.424728392594449,1.3087232167044736,1.3334884496301527,0.09204514338779721,7.033201689473977,1.698786835368966,1.731355714960918,0.12358693803114386,7.275011523402909,0.8852950785327686,0.8818012914715421,0.04039560996992946,4.562954313140265,4,0.7970688994918184,0.8
all_shape_qc,X007,6,1179.7431942584662,1215.0439179119903,252.13004099457748,21.371603771196593,13.051083005395165,13.235629496615037,0.9656867229435642,7.399284201505427,664.252850835179,654.7306309585202,93.52155248300623,14.079209801722287,0.8090531627850002,0.8095510867948257,0.033158582413097576,4.098442962506436,1.3241088722670178,1.2900849677551371,0.10564725417823728,7.978743771828803,1.2667201548877516,1.2774858436469039,0.05628311677209775,4.443216329583481,1.6747609946249897,1.6759179433784075,0.11464027698598023,6.845172377068068,0.8885360962890115,0.9027659735346885,0.049265565874963974,5.5445767572890485,4,0.8002048504946329,0.8
all_shape_qc,X009,6,1221.6287261657765,1246.7726277463162,241.26048375696826,19.749084037520326,13.211777571734077,13.352213889607564,0.9100022469922124,6.887810834320401,688.1397675992421,667.3138652343878,84.67209791768757,12.304491311857854,0.7997182401385025,0.793819502373211,0.04383105706114471,5.480812473847495,1.32432602221591,1.3423133537475211,0.124386520912658,9.39243953724703,1.223131192769465,1.2178928739974744,0.0791912109698229,6.474465816746513,1.6155386928925426,1.6602263262177113,0.12782563141001463,7.912260595947047,0.8577606633996498,0.8484604001460069,0.06717534822021459,7.831479232676831,4,0.795517697569996,0.8
all_shape_qc,X011,6,1256.2444060731527,1270.847022253789,226.95084513177966,18.065819360835746,13.344782681319709,13.43600695904629,0.8296309094928165,6.216893368028767,696.9105730318279,675.470508675378,79.71286880680934,11.438034073730268,0.8050787241249265,0.7983677578200863,0.03276220252968671,4.069440856892263,1.323025869770285,1.2883931233733485,0.1240900506603678,9.379261093504798,1.2523731626762293,1.2409562811708499,0.0915874847306758,7.3131146099426205,1.650660351901678,1.646500199760459,0.11113332895982635,6.732658770884807,0.8810636796037036,0.8778680926672446,0.03701646206054984,4.201337873466716,4,0.7893490412935025,0.8
all_shape_qc,X013,6,1261.8855316154088,1301.569137195816,247.8088579132748,19.637982345042115,13.356498742197926,13.544441548874062,0.9083728266202613,6.800980138233298,689.3540366252095,670.4693106630413,90.0719949892388,13.0661445648732,0.8161514874849659,0.8014405908141427,0.03494779741262432,4.28202336802922,1.2841858241009587,1.2668623185809968,0.07392703760359128,5.756724316385178,1.2672529599992468,1.2393401569245746,0.08786737822943552,6.933688932120367,1.627282381490115,1.6670984795728239,0.14140415139398213,8.68958903521694,0.8964153499123403,0.8827712086330902,0.031795834196597324,3.546997962463116,4,0.7994198556772115,0.8
all_shape_qc,X015,6,1276.6419331268128,1321.5122984994803,257.5579551606037,20.174643216503185,13.405495028667493,13.612759677314711,0.9371617878265163,6.990877888674807,698.4442304643416,674.3891409521025,90.80094700706525,13.000457738293395,0.8114564236245873,0.7950639437542522,0.04238002143662787,5.222710696814275,1.2762430951506278,1.2793732523066512,0.11260428204446932,8.823106073782853,1.272072245283909,1.2865264526824376,0.07265883089141714,5.711847826315925,1.6199261431349965,1.6633613557439142,0.12169247818589346,7.512223856723832,0.8865700076408504,0.8752848685560272,0.04096646954831387,4.620782250160373,4,0.7981326480088652,0.8
all_shape_qc,X017,6,1302.9741758996497,1339.0647969339357,255.45205342975646,19.60530439932759,13.499453471366449,13.673422134376214,0.923534321369603,6.841271932441576,704.9166254039125,683.2191756580451,97.26638637168345,13.798282359413848,0.8159753186671356,0.7969382235687289,0.03422449002227195,4.194304562811574,1.287189932730642,1.2754246883689575,0.11881340056062675,9.230448245394234,1.2313070751239754,1.2334788754445625,0.08725731100788751,7.0865597031595,1.580961848235752,1.642053921938992,0.1338794943202159,8.468230556582784,0.8945886617292923,0.8951799291548885,0.04014099879093244,4.487090045757738,4,0.7968878082667593,0.8
all_shape_qc,X019,6,1336.6531633378038,1358.232041341453,241.21679038884963,18.046326227702828,13.623470165918896,13.738572489879553,0.8491048719620987,6.232662175062113,718.2823699495351,685.3506913135748,95.33098281419315,13.272076108577034,0.8157199132424428,0.7977494099560549,0.039084093725972595,4.791361972593684,1.263659674047232,1.2266806288538559,0.15224912943229718,12.048270001738345,1.2560798871561245,1.2753170148927184,0.11495659396379905,9.152012952302812,1.5779575105987138,1.6328105499159582,0.1445778131092627,9.162338791645062,0.8861877570248436,0.8928765137409496,0.054504471369966605,6.150442830868246,4,0.7904518677427044,0.8
all_shape_qc,X021,6,1363.649479129865,1386.2279617835052,233.79264834181686,17.14462931419871,13.718653755844088,13.832297497823053,0.8145308642036793,5.93739647271652,729.7559928952461,716.7921109030269,91.78947682455718,12.578105245890491,0.8138809721309017,0.8001938292819911,0.0379237293225083,4.659616162694707,1.2501259196217094,1.2240631436277134,0.09867226299099333,7.892985933837109,1.25194486700229,1.2416564263123633,0.0926810150855337,7.402962984101134,1.5650072939872812,1.616294393291785,0.16255985099954232,10.387162515094541,0.8931721126313591,0.9049528609630357,0.04418912171960283,4.947436344538122,4,0.787953852356947,0.8
all_shape_qc,X023,6,1386.7382494719623,1418.4599690639802,246.70387649374362,17.79022656854549,13.791678559664314,13.939327657152294,0.8605760884249314,6.239821242222147,737.6287146492949,720.6639193743542,87.69436471203194,11.888686404206238,0.8127739042398164,0.7993630088753706,0.03298550919093709,4.058386842745435,1.2618857313377032,1.2295516939150706,0.11270330889211415,8.931340302314007,1.2492473844734853,1.2060325447778406,0.12420276462970721,9.942207298040843,1.569827731390613,1.6014124567506922,0.1347602787245152,8.584399168763532,0.8919930047523729,0.8868790636145016,0.03026242586012467,3.392675245085117,4,0.7905324460689582,0.8
all_shape_qc,X025,6,1396.2170180411065,1438.340218186876,248.57599040036166,17.80353535219861,13.823865553375343,14.002643790736474,0.852432203689902,6.166380889618574,736.1052319740751,717.792544001722,90.22000396697794,12.25640031453484,0.8185557274342333,0.8047863400038323,0.03177141783793743,3.8813994909699168,1.2770322923807067,1.2380701414455428,0.09587642455707036,7.5077525548185475,1.244975028668419,1.2463236333534624,0.09786452311579635,7.860761931945637,1.5870247722254625,1.616456603553503,0.1365485311699977,8.60405795547335,0.8945149815541313,0.9074014178492975,0.043723326872133116,4.8879367896296335,4,0.7937214791842587,0.8
all_shape_qc,X027,6,1428.6167911369646,1463.9874172135649,237.80554813345412,16.64585980010753,13.93618624566495,14.084614033467677,0.7938647659835245,5.696427645192151,751.1010713778778,725.111479878291,77.15141118069583,10.271774880997484,0.8143503636077147,0.8042538041505285,0.038084302558501766,4.676648315079229,1.247356841867515,1.2404106164615554,0.08408880402318945,6.741359104367726,1.268428121715637,1.2509763783063566,0.09916255827995937,7.817751481718581,1.5800572583072698,1.6121087800855114,0.13115614044076912,8.300720733454806,0.8923173649423383,0.8863797770885071,0.03650769893997545,4.091335703450597,4,0.7888837130515796,0.8
all_shape_qc,X029,6,1436.8093551215052,1490.3056795017865,245.7303096442534,17.10249928206188,13.960172233247334,14.168946387460057,0.8236511312369957,5.9000069445805305,750.2598439953659,729.5929329297965,85.55632897805363,11.403559668399643,0.8187347139841332,0.8078690436813858,0.03788824503526662,4.627658310821407,1.2396155621795872,1.2077530292391585,0.07376696069452092,5.950793370552576,1.2650749177260912,1.235823824760395,0.11561960032524542,9.139348089602935,1.5666148611800363,1.603483741100726,0.14670389059475597,9.36438777838816,0.9012184712904762,0.9057116564005869,0.03714704389048788,4.121868900145394,4,0.7881838865828066,0.8
all_shape_qc,X031,6,1455.9765995290227,1502.76229129398,239.8243676761925,16.471718553290664,14.024795223841855,14.207781103270102,0.7979948966764718,5.689886261725215,752.9560931825357,732.7826801486874,78.94615427736143,10.48482839732102,0.8227994940431417,0.8103240598592282,0.036021883487709516,4.3779661689754015,1.185142729422992,1.1668379298635672,0.08296958876178831,7.000809835131297,1.3003014461501137,1.260474848873029,0.11436941851853998,8.795608038209977,1.5401777136653367,1.54971290980886,0.15797154295671695,10.256708791141643,0.9012942955807516,0.8881386707112056,0.03091067849453938,3.429587721358205,4,0.7882941624968232,0.8
all_shape_qc,X033,6,1468.8805868289048,1497.708346105565,247.8587997545886,16.873992479516595,14.06475227518502,14.19220316335899,0.8136412609366284,5.784966880448842,754.6479743268745,731.0457916742764,87.52422577014114,11.598020368133946,0.826244078104642,0.8160847216718394,0.032083926264618326,3.883105139853719,1.1965288758822268,1.1847184270199886,0.08982203515230178,7.506884034543172,1.3047036675582377,1.269124696516787,0.10724777366256034,8.220086777503687,1.5604195445813165,1.5526609123575386,0.1612601614199248,10.334410510296015,0.9070418671406945,0.9191402074309244,0.032652379801775426,3.599875704162022,4,0.7912180287540331,0.8
all_shape_qc,X035,6,1481.3791400749449,1527.6964856052914,272.33143936127885,18.38364210714492,14.095963063380317,14.28661472974894,0.903671537525181,6.4108534724584745,760.4043433228608,743.8920776759346,91.45949383907148,12.027744796854563,0.8235330622406053,0.8174546245480313,0.03270065139362992,3.97077578217206,1.2067966020758611,1.2113963679563988,0.08486178439102585,7.031987349405156,1.2747195650694045,1.247487244201757,0.11666337846603272,9.15208189023762,1.5342108172402602,1.564318551535699,0.12369902636951469,8.062713740476983,0.9043507157132025,0.9110637200114546,0.040584119332269616,4.487652702332808,4,0.795172718769296,0.8
all_shape_qc,X037,6,1504.7475201093469,1558.187922551167,278.1680734481008,18.486029698051066,14.16898405316906,14.379996052745902,0.9154807932096931,6.461160445762059,764.1473021846147,749.556209301603,92.91139378749077,12.158832926827998,0.8280687116563468,0.8215532872264855,0.032550642346870474,3.9309107914198282,1.206428293849586,1.1985508557001934,0.08419239214202642,6.978648674872946,1.2541309332858586,1.2550742118534255,0.0917389193402594,7.314939525484858,1.5109461966477606,1.5280252873164715,0.12402725215347102,8.208581644312837,0.908112071070127,0.9099551126157296,0.03230614691191021,3.557506605307027,4,0.794322993243189,0.8
all_shape_qc,X039,6,1508.690016770849,1557.432976381943,288.49596468960954,19.1222823431348,14.17766050766028,14.377778228663256,0.9509672374734732,6.707504647608537,770.6788386465768,750.5684259537666,100.99379999066313,13.10452485863279,0.8227508670589422,0.8156654172260734,0.03675234043136877,4.467007195355021,1.2265582624194087,1.216749560820936,0.08994428810588863,7.333062836205747,1.250095964197903,1.263797636358173,0.07562911908035706,6.049865070069468,1.5342342314209274,1.531196948441293,0.1567599158409243,10.21746957736313,0.8996414671142906,0.901736976707221,0.0407750539804519,4.532367111894347,4,0.800943199116497,0.8
all_shape_qc,X041,6,1533.2257672706255,1581.7799903394132,291.6172035942168,19.01984755404546,14.255071342456498,14.452500884371196,0.9464827120537097,6.639621011469505,776.4818214926178,756.6031018273792,109.48818168753299,14.100546678229467,0.826509541318142,0.8202622809634894,0.03576049592622359,4.326688820699115,1.2219472041391422,1.2046081269752018,0.08112409722007717,6.6389199914106625,1.226272890095296,1.224374509842956,0.08173687981342995,6.665472300140145,1.4999637755191388,1.516688457267275,0.1566982444451161,10.446801916325125,0.8995597604924567,0.9085563887168662,0.042505418646112555,4.7251356177652175,4,0.7961856445685611,0.8
all_shape_qc,X043,6,1553.6372748089007,1601.1150005623138,303.04481861622895,19.50550643511716,14.315781563369049,14.511847742415675,0.970496466167561,6.779207002227871,782.2256929117924,760.292529589176,107.14361425756158,13.697276275690374,0.8268841233910815,0.8078036782138518,0.034138174978011554,4.128531920290072,1.18434084560211,1.1793708759364399,0.07846179156286824,6.624933341970389,1.272759255539781,1.2572652250792902,0.10253430424861061,8.056064318709316,1.505900709210448,1.5269196466196735,0.1369195913682195,9.092205782943497,0.9057093373697085,0.9084000022011334,0.03263508050960266,3.603262013879525,4,0.7972744149196461,0.8
all_shape_qc,X045,6,1565.3109794626405,1606.567389562264,321.64528206081826,20.548331052481128,14.345950711795616,14.52759780809915,1.0212561605537527,7.118776448284108,788.9839997732173,767.8202371959992,111.01837740871939,14.071055615909842,0.823217540904948,0.8107015189728604,0.03234431330043171,3.9290116759266565,1.2142485299938388,1.1988341340815667,0.06866585355940603,5.655008168694629,1.277461756802557,1.2949118772588042,0.10355533237850278,8.10633522507149,1.549821736931733,1.5405831235828669,0.13802023223193485,8.905555325684169,0.9076801309933679,0.9017882431361773,0.030500664296785773,3.3602877550493204,4,0.7995577773505095,0.8
all_shape_qc,X047,6,1587.2533500662864,1627.9575310236073,323.76178938807533,20.397612603845158,14.41381522770881,14.59060355637586,1.0157305131981678,7.046923365893779,797.9925047378202,781.0236848044032,112.55280740807703,14.104494307882772,0.8216737774130111,0.8151821356147892,0.02976719377366358,3.6227508522157956,1.2333915335901309,1.2105225487595952,0.07028203559303169,5.698274528320798,1.2537567445914641,1.262733292487825,0.09572553880924753,7.635096618398622,1.5458156707369277,1.5535467204191007,0.1398649904093929,9.047973381115737,0.9038512769022611,0.9120933135247569,0.028562476310747924,3.1600858504774294,4,0.7997412123178383,0.8
all_shape_qc,X050,6,1613.2710319352793,1651.3398915426246,330.73905246087156,20.50114617530305,14.49203391718357,14.66137730666461,1.0213100631609742,7.047389407155479,804.424115210044,791.9622215701183,116.70352326475236,14.507710678748088,0.8242363619482543,0.8153442973015232,0.023212864824180127,2.8162874019913033,1.2229583983617842,1.2141976242110122,0.03732407498489499,3.0519496848701078,1.2516752146451156,1.271857068773388,0.08518931652836792,6.806024081296635,1.5297214290684178,1.5253428869321364,0.09827864415195123,6.4246105391752115,0.8997126577643382,0.9127711006317564,0.02941511863557821,3.269390330538499,4,0.8021446582020876,0.8
all_shape_qc,X052,6,1637.9046458273626,1668.7665656155425,340.3027686382128,20.77671429195526,14.564146356580382,14.712413254499575,1.036797405504751,7.118834019656116,808.6003605107366,799.6482776873116,116.87143125382059,14.453546765673101,0.8279791744213351,0.8229181741829652,0.019134258261839055,2.3109588807244776,1.2099997845271713,1.2099083707764944,0.051853086768748405,4.2853798349237655,1.274622574891982,1.2904194745906867,0.07447739342637179,5.843093861152066,1.5425232517792642,1.5610660100075457,0.11611387682107219,7.5275284626755266,0.9058951737950679,0.9074828776553593,0.017329934243622825,1.9130176145019635,4,0.802647626837942,0.8
all_shape_qc,X054,6,1663.8524252732796,1688.2064294730576,354.53330532789533,21.307977795546684,14.638007757279388,14.769726515455753,1.063552514035092,7.2656916956899025,818.4218612416083,804.4607069565634,119.66909362177357,14.621932683986037,0.8263688630652694,0.8185383675012203,0.02115133335419614,2.559551103576072,1.2239011028943425,1.2356199571166253,0.04988083120594283,4.075560605998487,1.2735374424443062,1.2742383507001525,0.07404308631431583,5.813970115570736,1.558860672579045,1.5610715125567054,0.11537796770016914,7.401429116130241,0.8980733395947227,0.9035342711816012,0.02258332053878882,2.5146410146169234,4,0.802344804683834,0.8
all_shape_qc,X056,5,1676.014048840092,1805.747353875831,406.72671983259306,24.26750062829567,14.656106123956812,15.108434111300165,1.2298119536601053,8.391123421587809,825.290963417928,845.7854170699342,139.47543535514697,16.90015298089681,0.822723674788761,0.8198639911130727,0.015599406906757039,1.8960687998631225,1.2075087047290283,1.226739184757788,0.08099498484424938,6.707610845954531,1.3119407599998858,1.255716086729697,0.08952199271662398,6.823630719166906,1.5815532682605222,1.572160279994112,0.11484513622914946,7.261540824069893,0.9011978328139092,0.906472888693137,0.029029068470419046,3.221164922221172,4,0.8094004514138504,0.8
all_shape_qc,X058,6,1704.151172176758,1751.4122004186347,386.38667613582567,22.673262938421338,14.744919671294637,14.952401325858514,1.157626491171685,7.85101931362399,834.2321003078732,826.6303678551789,134.9239852584482,16.173434852081876,0.8238409531589981,0.818839817186888,0.02569894719266872,3.1194063725682404,1.2202372458601836,1.2523043086324717,0.08840275407433061,7.244718547499567,1.2951393704748606,1.2534848110002415,0.1207301163712697,9.321785679868894,1.5736670677618427,1.5565766951595985,0.09876007802550399,6.275792386375988,0.9041249293561128,0.9005481447551367,0.029733891139831478,3.2886927651698477,4,0.8110758823292546,0.8
all_shape_qc,X060,6,1732.755243699574,1767.5806308761794,380.74956191804836,21.973649383112928,14.832746474936501,14.99735178877335,1.1163714857920257,7.526397674755679,836.8018445637787,836.5783988765011,130.67159016972295,15.61559537883685,0.8307890183321597,0.8291805643847759,0.02304291856831393,2.773618579428681,1.2249638499852447,1.2332466163481017,0.05880190168971535,4.80029689777569,1.292250249271392,1.2521826715410365,0.07916099712851349,6.1258256419874355,1.5815224039573093,1.5764413253248764,0.09846291859412704,6.2258314107818915,0.9074312733289633,0.9177861406792579,0.03455118733963031,3.8075817260383045,4,0.8063318154718188,0.8
all_shape_qc,X062,6,1784.0566319952597,1817.2183415026493,379.1410909277145,21.25162868309227,14.98215612236166,15.13765173657044,1.0911301283599624,7.282864491923116,858.131495150773,858.2899303056622,128.17082923352027,14.936036022195031,0.82601726809669,0.8221257182322887,0.018714077443124186,2.265579445602292,1.2348112136764489,1.2432109743052067,0.04410432309091865,3.571746239621944,1.2925095769015351,1.262772263911768,0.10419742511547418,8.061636600423586,1.5936914976928394,1.5654458786172751,0.1054941856143378,6.619486002595858,0.9046300300153921,0.9002499148737656,0.024972472793132906,2.760517776831707,4,0.8029071721449217,0.8
all_shape_qc,X064,6,1792.2981276759538,1834.0578352217267,407.9712533204926,22.762466077532697,14.994353870992656,15.184441939133155,1.1812778325344635,7.878150954004799,868.734703583918,869.7379394415664,140.81919038805896,16.20968862037133,0.8181136581965949,0.8136588457276603,0.021092591150021447,2.5781981438272044,1.2507640525817358,1.2753678047002053,0.07604597119409456,6.079961367383882,1.3017654227820898,1.3024909582110324,0.1157666988113384,8.893053754948081,1.6232982492720283,1.6032900736643687,0.11233461267510618,6.920146234709666,0.8960893557873787,0.8949240975720338,0.03456527641941062,3.857347059885417,4,0.8100852518320499,0.8
all_shape_qc,X066,6,1847.5699736023728,1898.5008790557542,400.5158252178674,21.677978693112543,15.15433271737768,15.360472450803325,1.1344194190369934,7.485776115606458,888.6721534101467,891.4502286956524,139.1147128301578,15.654222121884416,0.8167979205755974,0.812573560153839,0.026353928350982447,3.2264930758406973,1.2271829654197297,1.2527342709718923,0.08656094062311309,7.053629577844321,1.298161003833773,1.2572496976864402,0.1064487067942434,8.19996182907016,1.58898312543666,1.566031556696289,0.1230352456898456,7.74301776527897,0.8920764592725977,0.8918869830939604,0.03880925535284225,4.350440475078498,4,0.8076084181818769,0.8
all_shape_qc,X068,6,1889.735115201988,1924.8191413439754,391.95389381444426,20.741208154590993,15.275180059396533,15.431193913019637,1.0888686624748598,7.128352387604373,897.7607443121982,896.3700974875194,139.62453167962641,15.552532516511068,0.8216176547489075,0.817709778471885,0.02327738439274321,2.833116384269634,1.2179221188965113,1.2015688219902243,0.06928390233198455,5.688697270294974,1.2891626322738168,1.2601720161924306,0.07820787521615685,6.0665639274863485,1.5697810978249525,1.5388419219841474,0.12765510612308542,8.132032313292662,0.8935996059088279,0.9030808813792485,0.03795960906382389,4.247943800872359,4,0.8059176413031603,0.8
all_shape_qc,X070,6,1927.9018382016395,1976.2393637588907,401.22933729424716,20.81170987774547,15.376686107396834,15.56780767973859,1.1019448159394218,7.166334854226751,907.5122163487248,917.7955089702971,138.82203307824443,15.2969878065972,0.8233453439240238,0.8167902769603482,0.01994395680075587,2.4223075952192725,1.2000880886713103,1.186004140596498,0.04300580291970036,3.58355385122726,1.3104591211475045,1.2647089958636184,0.10020896994176051,7.646859663505753,1.5713242628585096,1.5301300285020139,0.11003278836986784,7.002551349248515,0.8999904307101784,0.8996349725154128,0.03150812073819799,3.5009395281386575,4,0.8062571551785653,0.8
all_shape_qc,X072,6,1961.7485914551764,1999.2442511932963,400.735208936986,20.427449810973513,15.469068770959401,15.628859380321162,1.082476125194487,6.997681251677253,915.0173776746104,929.2556167883781,123.92942347280967,13.543942060178036,0.8250058404310613,0.8148579804112533,0.027969180436201512,3.390179689102293,1.2062855817548088,1.1932210265821235,0.04357919502262625,3.612676440949471,1.2820629169741997,1.2298502717293305,0.11256052768088028,8.77964148175619,1.544021052677813,1.536313602195139,0.10731243777348494,6.950192653615168,0.9005852066137631,0.9084188851660044,0.040405213483985215,4.486550876836014,4,0.8056064341725512,0.8
all_shape_qc,X074,7,1716.7895302689503,1940.6310694438312,830.5977721502303,48.380873572785,13.775641951718532,15.475622212508068,4.858679941125607,35.27008003078564,797.2389009241195,889.3192373287931,353.3667233360007,44.32381848482251,0.8359636701476957,0.8212189235131866,0.032346543236611625,3.869371886806604,1.1727083784374435,1.208096080260981,0.08132977949942347,6.935209212693614,1.3158242349498812,1.3059470634017771,0.14033721441630914,10.665346532521838,1.5342298412938482,1.5316478994889415,0.0833300594549553,5.431393472615635,0.9099090542461158,0.9112874143526868,0.029749357836390475,3.2694869555989436,4,0.8031720922861163,0.7272727272727273
all_shape_qc,X076,6,2052.1044635235835,2039.7177541544654,453.92375882449875,22.119914794448867,15.694220437198569,15.733877853264742,1.1689581686743284,7.448335349640268,946.7733841871556,986.7872150455541,129.7632805307387,13.705843731775992,0.8211296287551552,0.8246091571023512,0.04331040785524666,5.274490937673981,1.1712539531240072,1.1576564141243848,0.06584562336873348,5.621805859703429,1.3281806561849714,1.3358869776490412,0.11516810097484807,8.671117173596977,1.5539159184323834,1.5890403792584642,0.1349789602418971,8.686374767179561,0.9022866479910135,0.9141134335340269,0.05021747056538845,5.565578375475263,4,0.8119909275729517,0.8
all_shape_qc,X078,6,2123.30008142678,2073.4386830464655,484.4614895851329,22.816440022909646,15.869431284637576,15.818728157880374,1.2152014524868209,7.657498436400794,957.6515838006065,996.5188527958971,129.21496459629265,13.492899378235311,0.8301294245396855,0.8306691161419091,0.05310702455043456,6.397439119795434,1.1644703173690047,1.1644522606127699,0.08653990163500842,7.431696655912708,1.2388377652550842,1.2343014765880116,0.1385357391233149,11.182718432448624,1.4467022914016407,1.5299529977137198,0.22169863445406382,15.32441303035959,0.899536668299421,0.9170864580913691,0.06751034632488412,7.5050132700552155,4,0.8129248399795781,0.7272727272727273
all_shape_qc,X080,8,1586.8024794374442,1530.7582117360325,290.0859742048177,18.28116466692562,14.425757440777113,14.29617795348093,0.8646549662033542,5.993827150865886,798.6945459557787,751.6100442406532,153.4354544919821,19.210780300041932,0.8300771141007117,0.8386776484213054,0.05507138543701825,6.634490278253418,1.1980085947744614,1.2151682300662148,0.08553871238914838,7.140075018013707,1.184458613147576,1.1283598291533163,0.14130765685708627,11.930147266317377,1.41388327514237,1.4560571182281077,0.1393884226857197,9.858552338536155,0.8959008584772082,0.9255345778016364,0.05803437218405965,6.477767225572544,6,0.809316381679282,0.8
all_shape_qc,X082,8,1595.542029882557,1409.7151759371368,353.4735317232209,22.153821403829706,14.433000698629371,13.91062614646941,1.0285105760555022,7.126103556228434,820.2773411843143,736.6178196512535,172.3233764828662,21.0079405867857,0.8097860973695645,0.8221193595588916,0.04852157072375786,5.991899698126569,1.1966675952000583,1.17763591820228,0.12950046686455025,10.821757636288332,1.143124688344722,1.141782015771838,0.08985540951462179,7.8605081694749375,1.3678108727922544,1.3886858687179284,0.1774815924915206,12.975594508121505,0.8608446334573303,0.8925511445363989,0.06384934047568143,7.417057386911881,6,0.80106253140929,0.8571428571428571
all_shape_qc,X084,8,1578.1258411731005,1336.9257827878014,415.35897309994266,26.319762484288667,14.354294949349242,13.667500336545576,1.21201980812919,8.443603899780097,806.0894212530179,717.6331177444683,186.9832498081132,23.196340862215866,0.8174632988653181,0.8332948131836286,0.05495082429932439,6.7221151549676925,1.2345175517062634,1.2406455223721666,0.1628025923230917,13.187547807487823,1.203547385657095,1.1850576632467662,0.09418257988226464,7.825415185530417,1.4859088377300314,1.4836451441108136,0.2245044796025477,15.108899947423087,0.8754675795441451,0.9038788814324328,0.07085549512770999,8.093445923446343,6,0.811839311544654,0.8571428571428571
all_shape_qc,X086,8,1596.9994954036974,1317.1713580264432,458.8700337099291,28.73326103299323,14.393722375402735,13.600230366335378,1.3287545865418073,9.231486837709893,791.1359773754757,723.5357932798651,151.90267353558934,19.200577129548975,0.8298071149961451,0.8233255666827095,0.029297485613039152,3.530638034258751,1.1974666175165316,1.2242708537654459,0.0893193999479174,7.459030476620724,1.2071668487000977,1.2013603949774643,0.11516098779628443,9.539773886293528,1.4440179521554108,1.4226007339392042,0.15626771723473692,10.82172953608258,0.9070238365456549,0.9009588271224571,0.026156833498112715,2.8838088310588867,6,0.8153536049520946,0.8571428571428571
all_shape_qc,X088,8,1364.6648118250482,1289.7206764843859,713.5887347221526,52.290403367829754,13.16186889922972,13.503940249997214,3.2419624527260837,24.63147504011239,705.0074402360444,713.6461888464842,265.122764887262,37.6056690690379,0.7945929127888033,0.8073341800458466,0.06885244381443043,8.665121813480216,1.2910959439224814,1.2850837945459705,0.12545496358016087,9.716935768461626,1.190436663738891,1.1589593745548636,0.13941418402469963,11.71118029806234,1.5475484135006994,1.4558714426571728,0.31639675329367906,20.445031026716634,0.8706506330867536,0.9015979799029621,0.0714522761953574,8.206767844644492,6,0.8169193150005972,0.75
all_shape_qc,X090,10,1206.3200955120699,1267.0303499538236,783.4246410478748,64.94334662603126,12.069094256286647,13.42511016774396,4.380086587037322,36.29175888452265,632.238277797022,702.5230579742142,318.90090123304367,50.4399863836504,0.7589615123037258,0.8075005514707381,0.1439899727942732,18.97197294724616,1.3049373190986402,1.2376862388483238,0.22460462201402742,17.211908857750245,1.2142493860612866,1.156854158475992,0.1994608510815855,16.426679179026422,1.6089560784748556,1.4760990019812634,0.5434413969872484,33.77602435874953,0.8249451376265707,0.8792086381432611,0.17739642002547332,21.50402638117926,6,0.826153313093981,0.7058823529411765
all_shape_qc,X092,8,1536.865935952323,1325.7274146109803,558.0632369796559,36.31177085292417,14.154531418733626,13.629474705258051,1.6114658802831037,11.38480556233968,775.5580843296636,719.8987144593304,171.57127389516432,22.1222984276488,0.8194778530006364,0.8157219539383842,0.021457332347481987,2.618415161424176,1.1911844523333444,1.1504136019109938,0.11256211930111547,9.449596078980367,1.1639327533366886,1.148503694544777,0.0953337100798883,8.190654469220123,1.3807872394789724,1.375530406927187,0.10440069550001933,7.5609545420925235,0.8909585465760989,0.9005250955283319,0.033135885450745355,3.7191276269905718,6,0.8202602779843369,0.8
all_shape_qc,X094,9,1382.4415805335398,1261.1795171423385,750.0946545631083,54.258687319981846,13.13485639783152,13.404771916245542,3.4842566516750093,26.52679668618408,702.7053198210128,727.0994719517428,275.53585701630385,39.21072592512691,0.8011186307659279,0.8267629851354386,0.06896991044674011,8.609200659932204,1.2030726765255935,1.1702960716519266,0.14336489709099778,11.916561641564961,1.2372214544267506,1.1620330054045949,0.21592660235249442,17.452542677781242,1.4820942175090337,1.4318639964788042,0.2706987360507855,18.26461049863286,0.8770145114706517,0.90876530085036,0.06454349881086313,7.359456196754506,6,0.8197706938829611,0.75
all_shape_qc,X096,9,1427.4121393792834,1287.141277072871,806.6258517647459,56.50966735616461,13.323001578531327,13.496128309846922,3.340196169332627,25.070898247997032,710.6066545907639,739.3343001971544,264.6257039038682,37.23940694817519,0.8080135891965892,0.797843012257669,0.07468873989656824,9.24350046771262,1.1645704096699219,1.0735698933016016,0.14361301378484215,12.331844652101958,1.2224502750019544,1.20917294173563,0.1705064742337629,13.947927185299239,1.420696821934217,1.411070042642617,0.23705546072932066,16.685858451247885,0.8856666743167997,0.8750643038333953,0.06100324663352048,6.887833583732637,6,0.8231254428302184,0.75
all_shape_qc,X098,11,1178.9971447612704,1275.397669996055,675.8930895082731,57.327796976567875,12.324584258930225,13.45495756228208,3.5611748726826375,28.894888443009823,626.5222199775334,723.7602531415644,279.3678034601884,44.59024669072492,0.8170028065299971,0.8248692344647162,0.07283425870553191,8.914811322971596,1.1799467275530457,1.0959954000961214,0.16936599374078534,14.353698331111419,1.2698758861404904,1.2114578766721678,0.19042080739911088,14.995229807682483,1.4976052408529805,1.3619034111760828,0.30203223860022926,20.16768039808694,0.8843785239956635,0.896810405837421,0.05953735262098536,6.732111986617769,7,0.8249585136147604,0.7368421052631579
all_shape_qc,X100,12,1055.9669737172878,1264.3251261807713,477.5151893124033,45.22065568314333,11.97719446505788,13.415636889188841,3.2643451106808397,27.254672370931274,606.9869773256875,663.8062200096032,253.5262807420294,41.76799341874452,0.8070613276639426,0.8060480387614519,0.06631632601429696,8.217011984238061,1.1592468406931078,1.1020116143305239,0.12413617125125616,10.70834673804552,1.31366664314434,1.3183586842851507,0.16815920499082707,12.800751687530706,1.5229384902347063,1.4687306800462103,0.2502198289870624,16.430067963447428,0.8592929745846457,0.866260351896726,0.0809605626151051,9.421764754243313,8,0.8073161487455407,0.7272727272727273
all_shape_qc,X102,12,1062.6007136672272,1267.7223839422788,482.75817619934844,45.43175719629085,11.996740156078891,13.426481560115274,3.2847594428743845,27.380433352221583,610.9381357402833,677.4240205485046,248.10760704150692,40.61092155278063,0.7941038056897832,0.7990086199663315,0.07633731211479504,9.61301426436133,1.2129452613571852,1.1711436652802945,0.1790378525134477,14.760587985076851,1.3560975104418374,1.3477494875837646,0.17546133032491568,12.938695703950351,1.6514615598283549,1.5523328327951447,0.3586213856691,21.71539407228912,0.8621504124385811,0.888580547326664,0.08109191548850048,9.40577355395946,8,0.8126836002781901,0.7619047619047619
all_shape_qc,X104,11,1172.896569656431,1275.4815529037464,394.4525532272815,33.63063405862172,12.689469421409797,13.455252533345371,2.624466952030963,20.682243400996235,656.2396380005847,732.9513421629233,202.42714193368903,30.84652773344189,0.8121028731021321,0.8086338590754796,0.04782373083381967,5.888875956212168,1.2935904028727365,1.2762229694249163,0.17170898572489865,13.273829594249964,1.2368521658110552,1.2354959039208482,0.08778288533300584,7.0972819355046335,1.5974967955458923,1.5076640909723262,0.22382022475455704,14.010683800969614,0.8752865229199558,0.8829946026386599,0.05969824525726293,6.820423220742573,8,0.8123322951143795,0.8
all_shape_qc,X106,12,1094.2560259573231,1250.127944053978,497.6678794196817,45.48002182435239,12.128224103146522,13.365436290216284,3.277820815933655,27.026387276957255,611.617662118799,700.9367492793763,241.4965319815449,39.484885237770854,0.8055248888051726,0.8164109788130762,0.062400593634976555,7.746575494089917,1.2540593336609207,1.18191201637636,0.2139036456348179,17.05689993234836,1.2549372984962308,1.1721449828844357,0.19361562759449844,15.428310866726537,1.5663413193750388,1.4391224376452678,0.30850284273086986,19.69576100143746,0.8753022025149894,0.8985313849075537,0.05951867404853367,6.799785705727666,8,0.8097488739122263,0.7619047619047619
all_shape_qc,X108,12,1112.8360900109997,1276.3623234345077,509.5149133104714,45.785261449009546,12.16898294731458,13.458285004766193,3.3722103849856127,27.71152198655832,611.1115008800706,698.5838733301445,244.9110613638468,40.076329935068614,0.81324832718392,0.8217366304251246,0.0616337623870028,7.578713699962401,1.26470067194642,1.2069193193527483,0.228758550809357,18.087959932628905,1.2546693119185772,1.2323727016091857,0.16283247997473263,12.978119288319677,1.5788751174744873,1.53257142516322,0.2906244246794533,18.407055850264197,0.8786662691846865,0.9035713550445423,0.06498590233307742,7.395970986046588,8,0.8159430386939615,0.7619047619047619
all_shape_qc,X110,12,1126.4041503301066,1302.0514639150424,506.1702850630829,44.93682706289243,12.286406622510661,13.547990329951682,3.196395974980525,26.015710477335308,620.7870028266417,700.5459067059192,236.72407904147965,38.13289871785319,0.8093382735236109,0.8240021829609558,0.0697144397923336,8.613757939411204,1.2226043716344057,1.2100712154213598,0.13559358151666093,11.090552648310615,1.2845556867094763,1.2176463241454059,0.2442288185600735,19.01270774688571,1.562069472408662,1.5226571026714875,0.2818544635909689,18.043657376925637,0.8805946512350609,0.9033941111152954,0.05804435144776708,6.591494891134997,8,0.8150488008329325,0.7619047619047619
all_shape_qc,X112,11,1242.6985874341153,1333.109110487836,420.68877817787154,33.85284110175875,12.933446065188749,13.65491574326482,2.684811754962636,20.75867283499167,661.1402491865425,707.8723096343673,202.18009159214887,30.58051477593572,0.8352449374243356,0.8308403806216199,0.043100864294852874,5.160266451630826,1.1962125739063063,1.1502541475777646,0.16198815812445236,13.541753502512517,1.2330964602353929,1.208980744521975,0.15863194813439774,12.864520599152119,1.4660742646108695,1.3984704230807132,0.20578270220608674,14.036308198937403,0.895031150417358,0.9134575555958268,0.05693235919426261,6.3609360599030245,8,0.7722949305327373,0.6666666666666666
all_shape_qc,X114,12,1156.3852995875252,1341.036045264687,526.6876048177274,45.54603080872728,12.345217218476646,13.681926751485266,3.3617077630468857,27.230851458940208,624.5401824960873,715.0833964263388,245.82903454102848,39.36160417389454,0.8142285101976204,0.8252312304036222,0.07627948910039131,9.368314686239321,1.2039496077849525,1.1855127687449933,0.13714067881318437,11.390898582997853,1.2685880337498694,1.2025192321149571,0.2088848755330289,16.465934564712697,1.5234913268646009,1.4431542030076145,0.29580214673928895,19.416070280364526,0.8770279974873331,0.9037911374024561,0.07792730494246312,8.885383951906123,8,0.8184193615452947,0.7619047619047619
all_shape_qc,X116,12,1172.3824691085333,1352.5070328915053,535.6368616034188,45.68789415716112,12.392800879711551,13.720727976729371,3.401910055021111,27.45069567437682,629.8353040382669,719.4584575880164,248.80193707349758,39.502697844702126,0.8136063856437735,0.830141026266201,0.07975782617321339,9.80299903989867,1.1808717553953942,1.1405866533042879,0.11718375881350025,9.923495779968361,1.2760053247949619,1.2037120193052777,0.26640435203061535,20.87799689028909,1.4976626364513432,1.4521312348970736,0.2877994592094398,19.21657469477706,0.8743273521576943,0.8996450220985923,0.07943980255873107,9.08581921435797,8,0.8213158626887425,0.7619047619047619
all_shape_qc,X118,12,1183.9862713391965,1358.399807156836,544.6117464238149,45.99814707376711,12.415374042599032,13.740403940362702,3.4618354042395425,27.883456369187588,633.8895109527119,727.8021810188,253.31753785572462,39.9624119785478,0.8127686299724375,0.8325136752685232,0.08019860897440775,9.867335674253008,1.1809503521601108,1.1771053823406432,0.12700955511806494,10.75485983688883,1.273543974069175,1.1627223026711806,0.2531497591134558,19.877582892140122,1.5008242259973965,1.4191145169230368,0.33371944798620096,22.235745013005932,0.8758875972911649,0.9116909460580989,0.08154937452465746,9.310483990966777,8,0.8226741945096758,0.7619047619047619
all_shape_qc,X120,12,1201.2696454448082,1383.3549721950699,549.3631769701677,45.73187868796506,12.487406197150639,13.824316284275694,3.4474988696889812,27.6078059387195,639.8614081104148,727.988592663174,254.761218332354,39.81506230930437,0.8155108639239942,0.8332333043514788,0.07392108007234693,9.064389371425516,1.1537782206930924,1.094132404236173,0.1062328440308211,9.207388571349993,1.2594215376372286,1.19520293198986,0.19700843003731588,15.64277123662017,1.4581844756285867,1.3714142894070147,0.3075878200930434,21.093889369549764,0.8722702055456555,0.9108179370244782,0.08787053075574316,10.073774181106538,8,0.8207489479668242,0.7619047619047619
all_shape_qc,X122,11,1319.012969136216,1416.6145450947663,447.871320480487,33.95503539087907,13.191745932850226,13.934274383740082,2.7415690419132472,20.78245787834772,689.7519799808059,729.2437666820684,212.07378024542098,30.746382236020903,0.8330402583392982,0.8382040873902267,0.04484162256633344,5.3828878157374005,1.142177171308832,1.1292937354914985,0.09418640392962097,8.246216637449674,1.2191671067404404,1.1633917605997306,0.15005414287974214,12.307922519409681,1.3892893458472961,1.291588601334656,0.18400962763014758,13.244874307873157,0.8881413090252335,0.915950673723278,0.07702486634089065,8.672591349841408,8,0.7647151415482204,0.6666666666666666
all_shape_qc,X124,12,1223.5091013465283,1433.9153948061469,565.0615446215211,46.183681347334876,12.540268920164761,13.990764518313956,3.531220647327688,28.15905041437734,642.168829699985,729.0017604440643,259.9786937792814,40.4844772519932,0.8201137630145524,0.8442113588617477,0.07339786757786977,8.949717818181204,1.179257982842404,1.1700450428754268,0.0989635999178306,8.392022895558053,1.231632178297932,1.1502743839350966,0.2479758052491907,20.13391738366918,1.440963209957059,1.360995021444087,0.23998592521841722,16.654549093281073,0.8823084585997837,0.9263484778924701,0.08318558509071328,9.428174951731519,8,0.8210258655754685,0.7619047619047619
all_shape_qc,X126,12,1242.1136312482818,1447.085011313719,573.7330522817323,46.19006166973227,12.611033578855436,14.03347033310353,3.5272236745887726,27.969346465802527,645.5394091886209,722.6591606523409,260.68012802930167,40.381752735584456,0.8255707288361193,0.8481868072734688,0.06460049803127843,7.824950155676125,1.209562158175946,1.209357546051054,0.09279323659446466,7.671638531946096,1.1897470925853144,1.1244087830709963,0.21418386732656772,18.00247032847521,1.438564696713127,1.3788168399140779,0.2896516149303974,20.134764574176025,0.888305357857977,0.9239328774577789,0.06610700654026015,7.441923653333339,8,0.8224398491805858,0.7619047619047619
all_shape_qc,X128,11,1364.4698793861512,1487.9569580864231,470.74121761410436,34.49993471646892,13.335470643254462,14.164369541631496,2.7891358829005335,20.915166457296156,696.8150110921353,733.9678458472054,215.6475612251975,30.947605575719127,0.842328628520206,0.8496845794875171,0.042015806702363136,4.988053982704596,1.1782838270064775,1.186099554458798,0.1124209760930783,9.541077753625169,1.1494070224430462,1.1679835324071892,0.09094122665319138,7.912012444460036,1.3502858623736729,1.32232338866264,0.13250690398269171,9.813248266537968,0.900060415289529,0.922059982045692,0.056726386859803114,6.302508797873921,8,0.8234951324296412,0.7619047619047619
all_shape_qc,X130,10,1378.355550896654,1522.286038059187,499.29892412641925,36.22424735051947,13.33555886097253,14.272310767399048,2.957471159047011,22.177331972957376,705.4071273153137,772.0188523358806,228.97145731867934,32.45947601778769,0.8358836071765265,0.836813938020005,0.039407716850900366,4.714498108655698,1.2271127315942394,1.202405255904961,0.10964782339248424,8.935431975351772,1.1356787168021323,1.1011041459063355,0.1149367205437635,10.120531347756936,1.387443237477722,1.383287155355937,0.11865655770402646,8.552173847467524,0.8907373599926272,0.9014205947880536,0.053121728378118786,5.963792557051664,8,0.8237240327319132,0.8
all_shape_qc,X132,10,1450.369027149843,1562.5288630242044,499.0132844858283,34.40595290885741,13.571300592599869,14.396911676644375,3.003651165224511,22.13237518931926,737.7962476907425,814.1939945320539,234.01331745848353,31.717878505201273,0.8293563647036996,0.830266168618856,0.04683633641891781,5.6473113865413955,1.276370116583206,1.2961253403730675,0.12155761843453497,9.523696681330966,1.1187984582431125,1.1352800622666415,0.0768537181163955,6.869308547053374,1.4285505368127023,1.4324802606382643,0.172491874992827,12.07460783135336,0.8759763934495096,0.8942017724829554,0.05978533368891646,6.8249937025685865,8,0.8267108827591848,0.8
all_shape_qc,X134,10,1602.8429884607592,1601.4295614661569,161.72481969451638,10.089872860836097,14.504540352774693,14.515615108105358,0.4999918758862204,3.4471404382736806,815.8213306537164,818.7683557159817,54.27215522419071,6.652456020082549,0.8125923520411039,0.8211684962698973,0.0543162115823019,6.684312428718795,1.250088014560245,1.2138778557988221,0.16598381506471863,13.277770295486617,1.1653535616743942,1.1779402784200501,0.09306374085493382,7.985880329847597,1.454395317647303,1.375864005926418,0.21330058443812927,14.665928984368167,0.8623300498107624,0.8873464481409332,0.07815441664009527,9.063167479464063,8,0.8203463713357184,0.8421052631578947
all_shape_qc,X136,10,1445.8016028260386,1598.5565718777216,520.8299838889661,36.023613673613646,13.60974144924823,14.50696162184467,2.7759122978995934,20.396510163335456,740.4839004441908,804.1975483264844,198.44383290603204,26.799209650202037,0.7933316684699699,0.8269257525869296,0.1114141685508806,14.043832230440954,1.2086847109241938,1.1785037954736652,0.10757254531066335,8.899967405760465,1.1638060808337027,1.1565506711941036,0.0933871707581827,8.024289638638422,1.402522228495771,1.3916498673032465,0.1261998348092918,8.998063078447126,0.8694584764539075,0.8813377184007829,0.0652245939977147,7.501749165035881,8,0.8199892617829687,0.8
all_shape_qc,X138,10,1657.8575934702574,1663.5238838848213,264.7852701876197,15.971532852430732,14.642159455269445,14.700353868716888,0.837496610102691,5.719761573838697,821.5793939387656,861.7794597929758,98.6510992371667,12.007494341383083,0.8237343267387998,0.8302361977727083,0.032632813724117395,3.961570213215726,1.2497957321281532,1.2150028586271935,0.1408832104576367,11.272498924103433,1.1451549741745022,1.1560680488629913,0.07385090844327938,6.448988137742286,1.4253387502236365,1.4055136449553163,0.12501141448149514,8.770645887644658,0.8792770631171759,0.8975687732210295,0.05650904741771761,6.426762369688585,8,0.8189791228057962,0.8421052631578947
all_shape_qc,X140,10,1679.2603173677544,1688.0176929307513,263.93640737791276,15.71742061955194,14.705560515941759,14.772598683616465,0.8357520497023175,5.683238315168669,823.5848267551685,861.4098870334315,95.86186339151782,11.639585902669282,0.8284860242257734,0.8298206736909548,0.03140877836628441,3.7911053956083514,1.2254148915250211,1.207660670067353,0.1269448686981914,10.359337851705826,1.1425196951599794,1.1297198586405233,0.08769502598826757,7.675581117749417,1.394633738696765,1.4092518353337333,0.12278036531347962,8.803771334846196,0.8758678096063184,0.888890174107185,0.05421236263957128,6.189559890771466,8,0.8179920973926081,0.8421052631578947
all_shape_qc,X142,9,1664.4838771617356,1689.6534096307366,265.3973935260704,15.944725999907185,14.661221783126232,14.777455795911012,0.8500067398824844,5.797652831776728,817.6720916465341,852.513909050259,93.88884171854386,11.482456436721632,0.8290188880558484,0.8225824531838232,0.028250273064283602,3.4076754427795946,1.2996470747026208,1.3083050798344036,0.18900665751229562,14.542921781710872,1.1360754767554393,1.1283524481999798,0.09551323603158929,8.407296696903373,1.465265772792998,1.461503530126514,0.1469961531988585,10.032047149962674,0.8835547833396513,0.8880655591836087,0.04679237714917762,5.295922565470391,8,0.8189349817703653,0.8421052631578947
all_shape_qc,X144,10,1726.9561386811656,1750.0281324417242,291.39199283513364,16.87315539221874,14.83578729936588,14.951267676914231,0.9201621468543012,6.202314230358582,830.5138111998689,853.6578251886172,109.2299221816658,13.152089791722785,0.8372313384542569,0.8393687108806913,0.02418847779727852,2.8891032485640866,1.2252723549701243,1.2034206390766107,0.10150143686397374,8.283989796411316,1.140670520810094,1.1351950821081238,0.07543783828906142,6.613464353886006,1.3930969359552345,1.4082263110761373,0.08595257992003767,6.169892252408173,0.8965080094041031,0.9031137047808067,0.0359458628409334,4.009541740159816,8,0.8174656197702032,0.8421052631578947
all_shape_qc,X146,10,1746.1233830886827,1755.899935980132,309.10528002933825,17.702373327282757,14.885122648116226,14.968112635886076,0.9725405962779089,6.533641806444826,841.9412441426687,870.3824230470843,122.8475133862166,14.590984138247043,0.8330856901303495,0.8288937603792073,0.03161139876867373,3.7944954694549637,1.2535466522980683,1.2460816539787432,0.10553575066671135,8.418972718186245,1.1455707247741198,1.1265875003507042,0.06098308508708986,5.323380195414328,1.433350100892054,1.4170502418930226,0.10793096657826605,7.5299793477598085,0.8954518077215141,0.8998455514664705,0.03915213044651623,4.3723325039835705,8,0.8187463866768617,0.8421052631578947
all_shape_qc,X148,10,1585.739263582454,1775.5704778337988,560.2866172358259,35.33283372009364,14.125017663146227,15.023744216985605,2.5001727702476755,17.70031606240684,770.7151720999711,840.376954898615,214.93576526671427,27.887833670262104,0.8308351862846148,0.837483500305463,0.043330791130854154,5.215329327182654,1.3000265915716196,1.2406780568756186,0.15304698341919626,11.772604069134902,1.1374280323852113,1.1047238377456958,0.1051389599776789,9.243570316901739,1.487621155568861,1.4023722307418949,0.3037813375127005,20.420611549889905,0.8976779846123095,0.9033446619699008,0.04874752478332166,5.43040217304369,8,0.8188006702249897,0.8
all_shape_qc,X150,9,1766.0101564377321,1831.4994065371343,319.34700546180255,18.08296539505561,14.938926129125049,15.179916640088576,1.0053569323697045,6.729780465341833,844.4963958054483,887.9391690511463,121.00227666376712,14.328335474819852,0.8363208244883252,0.8361228753042043,0.032271230821737835,3.858714248982369,1.2915633181796222,1.2430972288790545,0.1539566315577743,11.920176842337591,1.1124539580454842,1.1183598078920325,0.05667565177097856,5.094651456007611,1.4328230586230568,1.3952024054677168,0.14912762273567548,10.407958040470618,0.8996830637777394,0.9072473149033216,0.04360945126200338,4.847201533269808,8,0.8209787303332274,0.8421052631578947
all_shape_qc,X152,10,1740.9184486664224,1855.972244856142,492.72934659186086,28.3028390542533,14.714060503128863,15.247077748816555,1.9777417637662114,13.441169168399544,841.2913007679741,899.2152451984766,155.26215393218632,18.455219231490332,0.8120427901876311,0.8274274953432741,0.06894208422435509,8.489957063521897,1.2951453342008947,1.270040354817394,0.15071049141961565,11.63656984585472,1.1684910116861011,1.1359973755831503,0.11292543939809029,9.664211215038952,1.5175450901867102,1.416018095157777,0.2735908070922732,18.028512553693684,0.8742327125376406,0.889106578596322,0.07284119589226301,8.332014445081382,8,0.8211436305944483,0.8
all_shape_qc,X154,10,1647.3932007357375,1856.4755423022914,566.7741633448693,34.40430390824388,14.389780177148555,15.248182522436199,2.1527818228668387,14.96049137905197,819.3616334345076,880.4840614279547,193.290422317186,23.59036772407478,0.8029942720999393,0.8204319250685816,0.06095494464065896,7.5909563440911585,1.3078375512376093,1.3019514135568615,0.17676833869913114,13.516077629966727,1.223027958966113,1.1835701346856515,0.1973928306264124,16.13968259509607,1.5938569787846064,1.4924513624716076,0.31383544954573633,19.69031435838435,0.8637497248346234,0.8746472891107553,0.04837159426262762,5.600186358599306,8,0.83421458986477,0.8
all_shape_qc,X156,11,1700.9013449802844,1887.1976572443184,571.6541244752077,33.60889367053995,14.55628819985945,15.332262831185712,2.110919579629911,14.501770991661825,836.8110452524209,912.8638661223227,193.03831527849854,23.0683278350215,0.8042305715930407,0.8125418798183098,0.044037815101440114,5.475769842249203,1.2753665794480307,1.2430868182056936,0.14446377654131634,11.327235546962443,1.2252173260771568,1.192131235187565,0.16147871034331424,13.179597358480814,1.5573202989761874,1.459884757283027,0.24066345916708357,15.453690504471071,0.8628599245508167,0.8616977270356497,0.05065452708486525,5.87053884919209,8,0.8478880856913042,0.8
all_shape_qc,X158,10,1694.2963285714632,1929.6004670823932,618.1414912670954,36.48367058602305,14.489857927223545,15.446235199018872,2.3114606680081846,15.952265920188301,828.2557555168175,897.5676861264831,203.82215854382184,24.60860153234194,0.8051499771697299,0.8157647481035883,0.04979939333568998,6.18510771257117,1.2517259341534905,1.2375724601874865,0.1425690406751069,11.389796822538681,1.2621734552315285,1.1706869497414631,0.24176575367669875,19.15471702202374,1.575576219163166,1.4342540779467838,0.3442657876412033,21.85015129411212,0.8795582034290937,0.8872420886996956,0.04475598796052677,5.088462342348538,8,0.8370526017606178,0.8
all_shape_qc,X160,9,2033.5220693891372,2000.3556997202093,226.8338252720625,11.154726505633773,15.698955524377785,15.632779488615942,0.5922107407444873,3.772293894487984,936.6872003667098,950.1002638948784,70.2717640063655,7.502159096318851,0.8278449188557825,0.8270579451217476,0.0198049133045789,2.3923458190638582,1.2383138279719723,1.2218802018810255,0.1387011102852198,11.200804444893846,1.1970308540559533,1.191538999717663,0.07343882377726833,6.135081942828147,1.4761306625426385,1.4522067399198275,0.12488402967881893,8.460228680820565,0.8977287501250232,0.8953719230999582,0.028635544048244317,3.1897768723856017,8,0.8449814646308552,0.8421052631578947
all_shape_qc,X162,9,2142.933341988139,2033.531389712214,398.66470622162507,18.60369141728682,15.946322937797127,15.718728743050312,0.9329172945048937,5.850359974170758,983.0034045056826,958.0923716892428,152.38495443536567,15.501976263448919,0.8184684354453764,0.8228879248918328,0.03590562555516676,4.3869285607365445,1.270641258944863,1.308571636046892,0.18709834257840874,14.724718032041135,1.1576814900345151,1.1607319246189638,0.07092460733296506,6.126435288418623,1.4627872213928288,1.4927384662567655,0.1640117189635792,11.21227452393325,0.8842232433777224,0.8828724363101257,0.0471750628862472,5.335198236368342,8,0.8489059455024104,0.8888888888888888
all_shape_qc,X164,10,2023.742254384612,2043.9957824467342,576.527245311961,28.488175510634573,15.531060918612985,15.745403628642295,1.7271650494405684,11.120715181605343,940.9464073007845,952.4194978069029,222.52403620875072,23.64895965191972,0.8207439189814231,0.8276695239108014,0.03799329087071756,4.629128524993374,1.2791196093359691,1.2875556936907975,0.14871206485953284,11.626126577539837,1.151044744659419,1.169036915995362,0.08206443219577776,7.129560564568643,1.4691076441555386,1.45750895609114,0.16443856977111357,11.193091971530439,0.8834473085234646,0.8919792546173422,0.04662347480977304,5.277448282421781,8,0.8547903154101143,0.8888888888888888
all_shape_qc,X166,12,1700.2331413633322,2050.056322527448,728.4791005111266,42.84583583207863,14.352038727615119,15.761036119335829,2.838148000597959,19.775225349253045,826.2795116707397,930.0172703657122,250.616391674646,30.330703852005104,0.7990140961042775,0.8253831752562657,0.07899983640937078,9.887164293414504,1.211826143505234,1.1922608472828515,0.08896997357250519,7.341810048358717,1.3009754736944406,1.1959092514484566,0.38219825032598786,29.37782133898664,1.5777799005405326,1.467655616484827,0.4977166316267458,31.5453778728093,0.873425632108361,0.8884850306950136,0.05903727589067735,6.7592790639962494,8,0.8607899357129982,0.8
all_shape_qc,X168,11,1870.3066899227947,2102.315374019279,650.7207743594934,34.792196267359486,15.002261911519827,15.89399533893244,2.2689167540657356,15.123831109250908,871.3383689729067,960.7029965428294,218.58295698807657,25.08588681177119,0.8253351269828015,0.8369190982518916,0.04573543214105234,5.541437731876082,1.2001884488585153,1.172589540247269,0.1059176497921704,8.825084918364894,1.1874780336647819,1.1242894254550106,0.1761708105594564,14.835711109178158,1.4170469420966507,1.3864567656323732,0.18160980844514304,12.816075674700988,0.8939806270687213,0.9151611876181736,0.05111790561741859,5.718010443361553,8,0.865057610033019,0.8421052631578947
all_shape_qc,X170,11,1891.2888554240017,2136.4976589035823,662.6731801164851,35.03817929323772,15.050090168774853,15.979674659489048,2.312041564112016,15.362310379434936,875.403917246962,976.8834895333688,226.8889432817147,25.91820059421856,0.8283977884228783,0.8273130975057783,0.036947708262298914,4.460140862114174,1.2384706261922496,1.2261530300025187,0.1055826315261159,8.525243093632012,1.1737207573796058,1.1314668943282844,0.14541966198257159,12.38963024793297,1.4494865115546707,1.4487972746575803,0.17847785293605362,12.31317790909446,0.8915317998440261,0.9166820364967762,0.050198784050197606,5.630621819544732,8,0.8678707920880753,0.8421052631578947
all_shape_qc,X172,10,2110.0787371261313,2205.805911383719,596.8205894253981,28.284280530604807,15.7194033217201,16.150557688018438,1.9322535508929248,12.292155823898586,957.4484182716312,1002.7888758933558,225.81564281444182,23.585149706767513,0.8274494372259513,0.8230543561800991,0.03766569314138707,4.552023537252309,1.26373835485861,1.2553422314351943,0.16093670436377058,12.734970316049047,1.1469737211160413,1.1333867614331297,0.09980274369514804,8.701397587212098,1.4469634676897727,1.480944398567083,0.1987339370852932,13.734551115004482,0.8883512437095356,0.887374535211841,0.03698251288599979,4.163050724347494,8,0.8707605837454655,0.8888888888888888
all_shape_qc,X174,10,2141.908106449687,2250.6622962717715,606.3921817868813,28.310840225167496,15.793799386829946,16.259325090598956,1.9663140207933534,12.44991133946537,968.1849684619405,1014.2017083457038,227.95603374860102,23.54467804956032,0.8262006255055336,0.8151581836616513,0.03933489983441231,4.76093803612702,1.2528180203117985,1.2007775367549938,0.17539581708128021,14.00010330611529,1.127368686259879,1.104304001087344,0.09341096812315557,8.285751525798778,1.409470425168852,1.4419132367796823,0.2022954716497967,14.352587187174366,0.8847340940483452,0.8839888442366612,0.04306668848533769,4.867755043583114,8,0.8726458754415459,0.8888888888888888
all_shape_qc,X176,11,1964.7169025296257,2283.5024546330105,873.7247468492152,44.47077060945885,14.473798856178497,16.338077563136643,4.895768905290889,33.82504450931353,883.0075988993939,1022.7287620795114,363.78199072072346,41.19805890392697,0.8376619830864542,0.8445160726090097,0.053430490305681595,6.37852634887539,1.2833775144225767,1.1989449763761095,0.18032096399039418,14.050500492953162,1.2744922519199486,1.1157527237405007,0.4292206571447049,33.67777689492493,1.678391265591448,1.5159650821720223,0.8347502822338845,49.735142177335334,0.8802874420195009,0.9024427931177166,0.04916919949132453,5.585584565255594,8,0.8766880425121945,0.8421052631578947
all_shape_qc,X178,9,2376.822189439851,2337.7746959094384,266.348415067731,11.206072387371211,16.536957198616925,16.466501715547892,0.6216841337734523,3.7593622956552557,1042.31851537532,1035.2563537180697,109.9604074904908,10.549597447273213,0.827851502073087,0.833626828717917,0.039812599693488986,4.809147485242362,1.2108490721988274,1.1464750544208595,0.15389602321765808,12.709761005819857,1.178596143483663,1.1588985473551812,0.09165171338864701,7.776345943042485,1.4254241348790857,1.355339507703959,0.19619447252220149,13.763936481883972,0.8941306293264688,0.8931356675654407,0.03868046002577441,4.326041269261925,8,0.8769681440972886,0.8888888888888888
all_shape_qc,X180,11,1982.6487804784133,2301.0339823405425,880.7650823134534,44.423656422945704,14.796658270664667,16.379782729148175,4.030668415033529,27.24039672541867,880.0909006867843,1023.4283377160258,324.7482979112069,36.899404102211214,0.8150249383901914,0.8348459165616748,0.06389713069144105,7.839898840107693,1.1918541237735063,1.1856341496025495,0.0713794685539445,5.9889433723609855,1.2074928519475892,1.2156044485195698,0.10765412746071827,8.915508467572359,1.4402686724767273,1.4678657015862775,0.16606616857409265,11.530221530717633,0.8652740059890842,0.9070515337931734,0.1068264591100287,12.345968834221093,8,0.8792380495986583,0.8
all_shape_qc,X182,10,2227.3889835327527,2272.3460279100354,676.2549145054137,30.360880811794217,15.947398896873347,16.311361842476195,2.2625019882916337,14.18727908496238,985.714090048327,1041.1077090026452,212.71005930341246,21.57928566213189,0.8207754648381032,0.8208975395220387,0.04648938323176894,5.664080521819559,1.201224179749228,1.185124521597476,0.09730312858929531,8.100330498642533,1.1857128631632319,1.1471391917830374,0.13933863920158107,11.751465597653631,1.4202582456329964,1.4013664001981119,0.1654124470035183,11.646645778127162,0.8788835348494117,0.905790376610297,0.06874112320218483,7.821414382733083,8,0.8805703759836441,0.8421052631578947
all_shape_qc,X184,10,2266.671349204702,2347.4002595670427,703.7507332845104,31.04776232917192,16.014935408336033,16.48733053241606,2.3979691153894884,14.973329921401412,990.068693174591,1055.9792552798435,231.64050935455674,23.3964078403304,0.827572696371354,0.8240073700650077,0.034450160285635516,4.162795659727373,1.1950869911583468,1.1999282965913436,0.09268653804886401,7.755631074105066,1.1788669812401313,1.1247282293944454,0.12929771251149966,10.967964542995555,1.4074110467005907,1.445762958222734,0.17214046831952215,12.231001648244337,0.8745269557468337,0.8971313848324578,0.06503292866015001,7.436354961135852,8,0.8856735853807691,0.8421052631578947
all_shape_qc,X186,11,2094.2893048969745,2268.1099410716124,699.2519819034093,33.38850942266584,15.59650787387583,16.301284482525965,2.298700018983476,14.738555820138439,957.4963365815137,1032.9213187837595,242.7989224812111,25.35768683440191,0.8143279070700984,0.8082138431984591,0.03596168642811043,4.416118631805014,1.1877781506880025,1.1780220600503952,0.10854364027462482,9.13837657408941,1.2035493580733516,1.1773543980559622,0.10007176944353383,8.31472085230715,1.4290367452572923,1.4349903607903791,0.16914742412235706,11.836464295528158,0.8589728791719954,0.857323647836272,0.06545392232503236,7.620021995121253,9,0.8912032361588007,0.8571428571428571
all_shape_qc,X188,11,1996.893623348213,2238.8767477411097,730.5588201270987,36.584764034759296,15.306747844413803,16.2309468099564,2.433257864946422,15.896635194356058,937.7693965085658,1063.9003461795553,252.20178679990505,26.89379582431291,0.8046853536391269,0.8127184567257242,0.050228455984763234,6.241999529084127,1.2326423360559817,1.207384550150269,0.12646990024712337,10.26006462278281,1.1874081052483247,1.1817805177116654,0.11264023585401275,9.486227637839486,1.4636100638080647,1.458338837822711,0.2030962396224759,13.876389937771675,0.8598287423498664,0.8741246705455608,0.0627637319311028,7.299561975513035,10,0.8796710670387611,0.8333333333333334
all_shape_qc,X190,12,1965.2611882147605,2126.9559781536695,753.375671573961,38.334633385719386,15.23531161353374,15.950984438150748,2.3398953077103384,15.358368552381801,907.1437431188392,1002.0100514974838,243.5438987601067,26.847332697548193,0.8213437143671244,0.8255974382851956,0.05413940897727091,6.59156550786869,1.1756406298249062,1.139355506131591,0.09867896891216241,8.393633769433363,1.2242363112349948,1.1925880331974754,0.13301294873772432,10.864973332112855,1.4395112002092774,1.3681540186595798,0.19956747854410517,13.863558582600252,0.8814944292380568,0.8874603039423039,0.062335824969764815,7.0716073638317205,10,0.8892301427629831,0.8695652173913043
all_shape_qc,X192,11,1862.1471707200717,1415.775716017851,604.6013642680751,32.4679689003465,15.105755634423083,13.931523510216604,1.6213687019299552,10.733449826469926,923.9694630310206,794.0742748315467,226.22713548586435,24.48426539376542,0.7894439051808567,0.8091578042686097,0.04047573577154772,5.127119926560834,1.232920777774623,1.227130693294084,0.12935607469031016,10.491839948045417,1.283750983156182,1.174734938865306,0.19714103440286837,15.356641357203468,1.578976936451118,1.5955598427295428,0.2620198273794359,16.594278315954842,0.8345549404987754,0.8328302995380032,0.05307252919791817,6.3593811051192315,10,0.8827523941930088,0.782608695652174
all_shape_qc,X194,13,1673.705978372302,1581.7380488855674,635.0545157891554,37.94301532021491,14.439684284505278,14.45590592007711,2.227108015804487,15.423522924211847,840.4379914188758,777.7766852974003,245.52412504683133,29.213829878433195,0.8012974782841612,0.8157975302394428,0.045907702693190174,5.7291709929617545,1.3282568050511565,1.3302347462411277,0.1388827597781756,10.456017183576686,1.1718321321606568,1.1339520727962815,0.14672984831054517,12.521405095796492,1.550215023379739,1.53228266515486,0.20001200633646254,12.902210552727166,0.8597755057169091,0.8713486001577742,0.06235874947379373,7.252910679491498,12,0.9041028224123248,0.8888888888888888
all_shape_qc,X196,14,1634.7280800015676,1403.1513384102739,743.5722357065524,45.48598906466692,14.224577460240363,13.889988445429044,2.534477930316548,17.81759730579527,832.029070098147,797.8048288536113,270.77789419609843,32.544282877539025,0.7911113998404937,0.7922638790970171,0.05389496719089023,6.8125635911398446,1.2995205602657827,1.2807203970317271,0.1473140246697608,11.336028776615246,1.2050492047829484,1.151727172205007,0.1453099112123937,12.058421401851943,1.5637601045875171,1.5437414381546346,0.2438970210490086,15.596831018613488,0.8449918544233583,0.8546356891082139,0.07255801693249957,8.586830340751014,12,0.8776292315034626,0.8888888888888888
all_shape_qc,X198,14,1751.3492882378657,1495.6322441401992,689.5166842565955,39.370597794935485,14.684905939458364,14.188051992445665,2.1133045608611485,14.390998277916756,868.6606540737386,783.945168988484,240.18282964195737,27.64978804042491,0.7975563661701944,0.8049138639042608,0.050461144224032986,6.32696902243331,1.2621277596911644,1.25247081215173,0.14104901053631624,11.175493879544346,1.1986042174534735,1.1666858354228518,0.15280989296806816,12.748986758341672,1.5166403264838453,1.4540265343525745,0.28258985404533526,18.63262166452392,0.854428216503132,0.8699176791058434,0.06489448701312123,7.595077709244091,12,0.8843353442895777,0.9230769230769232
all_shape_qc,X200,14,1776.6339932706019,1501.000750232458,691.0618132277104,38.897252661226865,14.760051808116303,14.205608627344093,2.106903981346854,14.274367114269227,868.8695422959537,784.7224000471381,239.05780576987726,27.513659316239398,0.8061618132734728,0.8196129969829806,0.053333556072091046,6.615738328701858,1.2325387306704259,1.199744055222339,0.10479752015767095,8.502574203138225,1.1848768959163973,1.1301268741190098,0.20074727855450153,16.942458684641775,1.4586878081687886,1.3726725166067038,0.2541368245189374,17.422290300621373,0.8611347543956968,0.8928548110765132,0.06948105697892862,8.068546371431392,12,0.8851794552383249,0.9230769230769232
all_shape_qc,X202,14,1806.7928944038433,1460.6950130866717,749.742458138845,41.49576082909186,14.820154510918416,14.077330073976592,2.195618618481366,14.815085880945395,872.8191471682406,781.616270183674,247.36380251007628,28.340785523853267,0.8079819278566273,0.8151542968421408,0.042809027698293235,5.298265496092816,1.2245839514019254,1.2016299095477643,0.12387734028265739,10.115871610177514,1.2071239000660887,1.1573552142133225,0.16117453009489333,13.351945901002306,1.4760285922096235,1.4114450463846473,0.22891107406053596,15.508579933255543,0.871698643710601,0.8822373533413927,0.049417625138652055,5.66911804844547,12,0.8854119595581682,0.9230769230769232
all_shape_qc,X204,13,1706.491290216974,1457.1299895097814,775.8962458678304,45.46734286403408,14.40515303976417,14.065868667171252,2.7018391266553143,18.756059857171408,835.6894913954907,793.7371955369616,239.83917963156895,28.699556725437496,0.7960591602613749,0.796254096340433,0.04596061709255906,5.773517771903854,1.2931364454304524,1.212525853907411,0.18944622568503722,14.650134280452932,1.2619362570845662,1.1960066907495852,0.16075295425067765,12.73859542018889,1.6409107730698063,1.5912943495084542,0.377171030232798,22.98546858383949,0.8488963444789983,0.8615054423524543,0.059726173339097556,7.035743966568015,12,0.8820414679695078,0.8571428571428571
all_shape_qc,X206,13,1723.9711976736185,1417.0339596332242,770.9542571534882,44.71967154635985,14.529563049252287,13.935649413292095,2.4062108743604504,16.560793096143918,845.9746997165977,810.4393387670111,226.37621252932783,26.759217811734093,0.7991115652395236,0.7961527676480852,0.048319556806568215,6.046659679125659,1.2493229850958172,1.1729446458665185,0.2020705589172742,16.17440496396345,1.2264958745277794,1.214549373269152,0.12906676508729678,10.523212329351663,1.5380329591967994,1.4702338719780128,0.3349685839336504,21.779025080748575,0.8428811151292808,0.866017342662852,0.06738853725749992,7.995022791222923,12,0.896947006781394,0.8571428571428571
all_shape_qc,X208,12,1733.1746582380317,1510.9828162477515,509.0794499759812,29.37265713852048,14.7864975069012,14.232585095538692,1.359045825727213,9.19112741264735,869.8357619078357,839.4353213913371,130.69837898603407,15.025638713608368,0.7932630357748512,0.7912510940365383,0.05508829402332113,6.944517964272903,1.3188526641990215,1.272616589618229,0.22787291104957613,17.278117354220925,1.2085994732412562,1.1801588799845173,0.08861401898083121,7.331959093378027,1.5865463400254136,1.5277895701998905,0.25068378040552786,15.800596180601467,0.836908692208007,0.8562159133739573,0.08250984350089297,9.858882369020227,12,0.8107590394738948,0.6896551724137931
all_shape_qc,X210,14,1663.6437166100948,1522.5586575091843,707.1421867869794,42.50562663909072,14.325003808791918,14.27332421311886,2.5467421716575873,17.778300136259187,832.6661992776316,836.8055984858497,219.06368654066176,26.308704103842278,0.7889757251474325,0.7896581291774749,0.06299356002777536,7.984220302342512,1.2859456576951196,1.2451606412489182,0.18429797673152953,14.33170800248731,1.24360055378651,1.2282021931088707,0.18454461652996357,14.839541198985708,1.6082743411460498,1.471895446833356,0.39298023704395935,24.43490062546936,0.8482901186983158,0.8564034583980118,0.08028326773473991,9.464128600004557,12,0.8407841043438465,0.8
all_shape_qc,X212,13,1779.524266425183,1564.8356429857215,760.5419769435259,42.73849990657049,14.6363782708539,14.404229616097762,2.6580091258956333,18.160292640076474,845.7791751215261,853.8441460464089,234.7549614874081,27.756058365196477,0.8129393998438589,0.804621694930922,0.05422921254041196,6.670757076213523,1.3183162792192549,1.3620250459890206,0.25172145005706265,19.094162305735875,1.169862749611513,1.1487838539583195,0.13182521428560912,11.268434209857995,1.5436074497649437,1.617964286540463,0.3408331822361775,22.080301717128833,0.8670445433479166,0.8677805580610435,0.07407499444282749,8.543389726760973,12,0.8428435899852355,0.8275862068965517
all_shape_qc,X214,13,1626.5250690614898,1509.598748270841,644.0893495512682,39.59910374593303,14.256652748403695,14.232711129905718,2.406605974106218,16.880582115431572,821.5392645793012,868.6040009033582,211.90129361333103,25.793203410897558,0.7948408284986959,0.7826135882314608,0.06451196073512717,8.116337060462543,1.3197101807568252,1.2449697750973605,0.20816085288146094,15.77322475167125,1.2462374773694447,1.197282839601003,0.2278087189929431,18.279719806998685,1.6571283054934407,1.5787880017603029,0.44716736599514484,26.98447455835307,0.8369370891506929,0.8429749239490408,0.10069662680294833,12.031564631116213,12,0.8358137912536943,0.8
all_shape_qc,X216,14,1265.763118884055,1412.5671947986496,502.34911312319736,39.687450647644674,12.764651076930246,13.920973503388742,3.445653935519445,26.99371815769277,705.476648112645,756.3570250158472,255.27689033489338,36.1850234189655,0.7525236689517836,0.786368080011315,0.11924540405774786,15.846066904958477,1.5028832411769053,1.2536555202004713,0.5330813709394261,35.47057790876496,1.2736902643441184,1.2458791059594407,0.19462193692424282,15.280162090621191,1.896603554930777,1.6666524243257415,0.6391925946303174,33.70196122265768,0.801283413451684,0.8552020582094554,0.17049825567637297,21.278146135824603,18,0.873054197247862,0.8
matched_shape_qc,X001,4,1251.4071583962739,1272.650504769157,133.87922736749064,10.698294833079107,13.357103536641876,13.438402951994274,0.48121275720507356,3.6026729588865325,694.0789901491,690.7836695073395,72.09297001107927,10.386853806883344,0.8105224955933005,0.8085048847129315,0.03269793145134005,4.034179387878092,1.3523960753863484,1.3539419638724675,0.041154367870048975,3.04307063729774,1.2147799025592556,1.228416288983592,0.07532278255772293,6.200529198666815,1.644086451786535,1.6623002655195693,0.13410278209637047,8.15667460495454,0.8750054992398968,0.8852871703674476,0.06733793891481554,7.6957160810201675,4,0.8207501635686935,0.8
matched_shape_qc,X003,4,1277.7149353210339,1300.520600849672,144.2991371608206,11.2935313794829,13.448555964574677,13.534755783553202,0.5116578092794171,3.804555750276782,709.4002073621897,708.1606988621113,83.81037706995768,11.814258890844624,0.8050262370386483,0.8006926897271243,0.03952927305840234,4.910308663207531,1.2713441595626118,1.2209883053481292,0.138171510545913,10.868143728559621,1.2642611337412886,1.2284332589137008,0.11323007700271583,8.956225417421289,1.5998505375531091,1.6154781900236403,0.12762943297196844,7.977584779086378,0.8562104616839517,0.8628503249781363,0.07982651194401298,9.323234825584146,4,0.7933208052565504,0.8
matched_shape_qc,X005,4,1307.4933675515313,1324.1126686379182,143.3021470519506,10.96006684303909,13.553084178453918,13.618426268052996,0.5004089449526253,3.692214542193672,708.5098854453158,713.2831380660398,67.81104752758515,9.570938799952556,0.8167224191046358,0.8143351619451276,0.024026669529975318,2.9418403325227076,1.2556255618302343,1.252569162047985,0.04549912754047639,3.6236222743152515,1.3213716170515726,1.3334884496301527,0.07631469330532385,5.775414903765511,1.660582408176098,1.6813447391222485,0.13730691042220805,8.268599603738979,0.9019803977648397,0.9003825854249449,0.03429649144537654,3.8023544115110766,4,0.7970688994918184,0.8
matched_shape_qc,X007,4,1324.8047026263732,1345.0624248338809,137.0108434330461,10.341965359983059,13.614105841737386,13.691540152196723,0.4754534909946237,3.492359296465907,712.8710441853511,706.6666781855215,69.27394496347614,9.717598369090787,0.8195540089904798,0.8241015451558756,0.03655312213975631,4.460123645149654,1.2931679994431227,1.28792298801846,0.09424255406757273,7.287727047696544,1.2671388083613624,1.2774858436469039,0.05428097483098989,4.283743380978515,1.6376708238996942,1.6017676224104527,0.12444991305185489,7.599201941908524,0.8773059610164293,0.8857912044745632,0.05949142507123957,6.7811490762372095,4,0.8002048504946329,0.8
matched_shape_qc,X009,4,1355.537302931862,1360.6856163914308,131.05906576073446,9.668421922234796,13.720297214870904,13.743564818523922,0.4442465575515756,3.23787852838985,722.1802695985467,718.7305828282676,73.56336801006555,10.186288812758445,0.8219910801009842,0.8152354125276844,0.03445679764949991,4.1918700194735425,1.3050896359269215,1.3423133537475211,0.100359748813021,7.689874017100894,1.2194665944855945,1.2178928739974744,0.04182393111966172,3.429690596592704,1.5931948762299586,1.639386907353988,0.15758432217569826,9.891088938761616,0.8822400032496229,0.8784255171209396,0.05807059304153048,6.5821763723742475,4,0.795517697569996,0.8
matched_shape_qc,X011,4,1380.6078069681716,1400.1525244603013,135.53727830303063,9.817218012164645,13.803907813413376,13.875887532737277,0.45682130175801827,3.3093621598524523,731.4157300262364,733.495822538963,68.58898722477508,9.377565235343619,0.8208401636873388,0.8147108292125682,0.028049625135901063,3.4171847792995265,1.2971166394540552,1.2883931233733485,0.07675691952843068,5.917503267920222,1.2555858708026475,1.2409562811708499,0.08895576261777506,7.084801182169172,1.6271088999108623,1.646500199760459,0.12334418305617138,7.580573313988298,0.8944227428268772,0.8841443524888728,0.0322137175845287,3.6016210279621577,4,0.7893490412935025,0.8
matched_shape_qc,X013,4,1405.332294010254,1417.3065790832215,127.04856295785211,9.040464201908186,13.88760795868126,13.932850199913513,0.42164323743864035,3.0361113209209485,733.4694882641786,736.264843246166,73.50417632169696,10.021436133035499,0.82921031963938,0.8273517982979373,0.0354682665901253,4.2773547012234845,1.2663267545461956,1.2668623185809968,0.058453592181088816,4.615995987705117,1.244188667403843,1.210019523371991,0.09221966389739601,7.412032138970049,1.576511304120852,1.574533675121576,0.14965215385585345,9.49261533771923,0.9032374205519655,0.9023050855994863,0.03865675927105295,4.279800459045411,4,0.7994198556772115,0.8
matched_shape_qc,X015,4,1427.047481738902,1447.3576307637168,129.75149581404233,9.092304038540895,13.958616730768926,14.030412635071428,0.4274299505953805,3.062122550103395,741.4713737391024,743.2353353938288,78.1889196838023,10.545102947064578,0.8291550778318606,0.8259311952509839,0.040157236538688565,4.843151493891208,1.2452059175894283,1.2285798905009395,0.12412643082051085,9.968345722352892,1.2692455977758934,1.2865264526824376,0.07547748766255222,5.946641673984283,1.5766861375568895,1.6032880900463855,0.12979612279399738,8.232210565072855,0.8922125771832619,0.8889837603457789,0.05145384616037681,5.766994041130638,4,0.7981326480088652,0.8
matched_shape_qc,X017,4,1447.5673380329458,1462.9388808674207,131.40450930527135,9.07760943845506,14.025275310571772,14.08010206894556,0.4277158630649973,3.049607609075593,750.839804530853,752.4174855050205,78.7911031585576,10.493730178275328,0.8265715128310872,0.8243630059270202,0.03865366111566175,4.676384380011988,1.2790623767297162,1.2512986581289995,0.15097718202271967,11.803738798785984,1.2060157056953722,1.1997192544883708,0.09485272111361641,7.86496566053637,1.5365535015782774,1.5377237368511358,0.14739237684587403,9.592401220945403,0.894293028016494,0.895381137943502,0.05047158813868939,5.6437416548615325,4,0.7968878082667593,0.8
matched_shape_qc,X019,4,1470.6770791019653,1483.1336908941594,135.55141343595227,9.21693928341656,14.099232631124579,14.144340533283378,0.43609122599932837,3.0930139065628355,759.6885393338663,767.406742570104,86.86694986917985,11.434547893186492,0.8264757307421728,0.8282035134853887,0.04514184179832551,5.461968224740037,1.260293364532128,1.2185688821535474,0.18558109878947257,14.725230173561043,1.2181429332870597,1.237050696519547,0.11875200752210106,9.748610304839879,1.5231323083117687,1.5095754199716924,0.14867553990933022,9.761170391961638,0.8828433786667905,0.8874763005329747,0.06884258249453813,7.79782509084448,4,0.7904518677427044,0.8
matched_shape_qc,X021,4,1492.00430838254,1502.5945254785975,129.04456160163116,8.649074327508242,14.168275701213824,14.207106486328893,0.41107171690410815,2.9013531750295543,767.4700410098769,780.0964059066262,81.54301909374753,10.624912340089393,0.8255735224955387,0.8228217056306906,0.04262105082023556,5.162599048889177,1.2289830728902849,1.2161689878725281,0.09670991728335107,7.8691008376471485,1.2246441681170475,1.2032313169288953,0.09461853332772466,7.72620617409263,1.505823840239556,1.528336358141162,0.17066407154455088,11.33360138045102,0.897756310612303,0.9057491381356779,0.049434429674383246,5.506441903000062,4,0.787953852356947,0.8
matched_shape_qc,X023,4,1521.195560259197,1522.5586575091843,125.17873370760034,8.228970487283773,14.260983521021377,14.27014424305536,0.3921580657067447,2.7498669017370707,776.6465476716825,781.9692737422013,72.57284199996364,9.344384806387229,0.8254209414660726,0.8224194133521826,0.0330378405575327,4.002544507636611,1.2557305659808347,1.2295516939150706,0.08936035440497253,7.116204449094885,1.208062241813309,1.159245952151918,0.11700936724661772,9.685706844954108,1.512565363686197,1.5170472281366911,0.11649549568955281,7.701848692716822,0.8945499753213083,0.8904068669228817,0.03771163268524661,4.215709991127235,4,0.7905324460689582,0.8
matched_shape_qc,X025,4,1538.7900001474977,1562.214302120361,125.4941705996896,8.155379914586176,14.315786161292422,14.393307343863619,0.3934533707181652,2.748388151968906,779.2964672892776,790.5775852441988,73.85372075486147,9.476973636459038,0.8290911552848874,0.8285668712546639,0.03474016138618935,4.1901498001449715,1.266163396117325,1.2380701414455428,0.08783115671584914,6.936794807461844,1.2167132442186526,1.2013366702110717,0.10967509768681545,9.014046506680913,1.537085343687672,1.5526326279380658,0.12462611490768848,8.107950246190876,0.8880717634065483,0.8920408980770206,0.054634705464081855,6.152059745094132,4,0.7937214791842587,0.8
matched_shape_qc,X027,4,1565.5486477010998,1598.8082206007962,129.42040357039275,8.266776235950106,14.398027206721267,14.504824008969589,0.40227801348691267,2.793980089849544,785.2669284857798,794.7739250287088,71.88169321555618,9.1537909732382,0.831970999789418,0.8333469790504107,0.03210275062991264,3.858638178258406,1.206221420046805,1.2047946414247521,0.0410392406990304,3.4022974569161564,1.2771539934202774,1.253466030499108,0.12446463412271631,9.745468030005863,1.5394734598983482,1.516589750849129,0.14315819208330097,9.299165968912108,0.8952861588692539,0.8943270364134002,0.046655371510053674,5.211224483686802,4,0.7888837130515796,0.8
matched_shape_qc,X029,4,1580.637085722116,1598.9550156892565,118.59205656645753,7.502801094425708,14.445650753153483,14.506888291583614,0.3652541441745925,2.5284713746444245,790.6476668767554,803.0838435736455,73.91105934993497,9.348166376295156,0.8322301230071081,0.8338270416170279,0.03921640172141632,4.712206472377518,1.199696694764671,1.2038080692891915,0.01279436045775273,1.0664662588123937,1.2840529308783686,1.2771682477275141,0.14199999523471873,11.058733781136445,1.5413397755563072,1.542651371163045,0.1804462477914938,11.70710382312468,0.8989718787354208,0.9053520485039529,0.047450168269556656,5.278270587985974,4,0.7881838865828066,0.8
matched_shape_qc,X031,4,1593.6284510508435,1622.0228153044304,119.88894703641202,7.523017486124629,14.485041926181024,14.576098165838578,0.36850557011390184,2.544042136653023,789.1496473355944,803.136641305729,69.38223302967819,8.792024841414223,0.8378343152174861,0.8352843915113455,0.03317725819914168,3.959882950190395,1.1443183810864455,1.149653300236739,0.027979140998712196,2.445048638661915,1.320214744788656,1.3187712844796744,0.14167065173142293,10.73087937327211,1.51245786596351,1.5149500611867728,0.18526722550893618,12.249413995470997,0.909066047191473,0.9065975440678105,0.03616810589644409,3.9786004557297194,4,0.7882941624968232,0.8
matched_shape_qc,X033,4,1608.129708718019,1623.9940636351816,141.10259694396518,8.774329345389086,14.526390555732446,14.581252614388916,0.4290679497708285,2.9537134371036755,795.3292340794534,803.511366785378,76.57464412227638,9.628043436741894,0.8364379403329004,0.8384765042293425,0.03416135426261018,4.084146906226425,1.1518168592916682,1.152426940082612,0.03906336459463397,3.391456226700548,1.3273037889309802,1.2923530616547751,0.13057964357436558,9.837962090015228,1.5312079454613654,1.4887552525572465,0.18800768759221012,12.278390283271543,0.9009926969955796,0.9040441420042635,0.04031463193152191,4.474468224432202,4,0.7912180287540331,0.8
matched_shape_qc,X035,4,1635.5279634427689,1655.3872418387414,136.27573097553832,8.332216508770621,14.609349687925343,14.674425292788193,0.410025748107353,2.806598218716334,804.5451712056301,813.0945720480024,72.78234466316832,9.046396307879425,0.8359864340368477,0.841009156671245,0.0323163424520236,3.8656539312453955,1.168304283655256,1.1841424324184169,0.06464047777990212,5.532846081644281,1.2883357255032282,1.269269526603273,0.14799088401758068,11.486981311472594,1.5007750718761748,1.4926768414281835,0.1374901210281367,9.16127430450022,0.9048375336213998,0.9254187606227284,0.052333125835483704,5.783704133716983,4,0.795172718769296,0.8
matched_shape_qc,X037,4,1662.024476909835,1684.1171377230949,137.4925614871559,8.272595463984548,14.687909129893386,14.759857348547031,0.41028934393605154,2.793381551503578,810.0526521159464,819.6647913281331,71.74289673815284,8.856572045132193,0.8391601635604169,0.8411360906679538,0.03299681231619821,3.9321233000620794,1.1779709126002793,1.1796905010729186,0.05818618704045157,4.939526640094201,1.253659294002075,1.2444540367092094,0.11804719475273531,9.416210234910915,1.4741391344272832,1.4710289482987056,0.1186412001111384,8.048168408284718,0.9071905502973258,0.9166533278581657,0.04165541143360045,4.591693709766726,4,0.794322993243189,0.8
matched_shape_qc,X039,4,1670.3498554982202,1699.2789732883411,144.69761610785267,8.662713121539037,14.711549881078572,14.8029113384795,0.4307733771371294,2.928130486721684,819.7528360655698,828.9464166759451,81.55621045024182,9.948878108390998,0.8326686988125127,0.8321441044882633,0.038045791149548557,4.569139107042994,1.2015133406755576,1.216749560820936,0.043718805577740584,3.6386450401923494,1.2432451281177683,1.2514551485373007,0.09653560415463731,7.764808561992035,1.4942742844947925,1.5020116957158078,0.13594988933865662,9.09805453719768,0.8985937123178256,0.9008126460896029,0.0505195462831575,5.6220676364235596,4,0.800943199116497,0.8
matched_shape_qc,X041,4,1698.303834486427,1729.2880835149904,147.87980256819276,8.707499775086601,14.793070736915858,14.889130785457418,0.43527233758040307,2.9424069236293744,830.3783384597523,839.729933447408,87.74322586278068,10.566656402132715,0.8317041383135705,0.8354887821904593,0.04207745472589847,5.0591854467885735,1.1977261562994852,1.1898527118840607,0.06320294007429067,5.276910731378158,1.2194799794259865,1.2136827206176077,0.10442995857919654,8.56348282391254,1.4627350324604818,1.463451129564925,0.17212450788381248,11.767306044094674,0.8950614463802521,0.8955762845171991,0.05277674591307934,5.896438297785648,4,0.7961856445685611,0.8
matched_shape_qc,X043,4,1727.0442157342416,1750.950844426331,156.24950560041282,9.04722092097592,14.875337283851579,14.950339468291547,0.45346713334825983,3.048449421315215,833.6099136649427,843.2763320076975,87.37042772014544,10.480972729321774,0.8374782360787805,0.8349756013186957,0.03838484294750483,4.583383936904363,1.1481662014200784,1.148606399828497,0.03613865167603715,3.1475104938065614,1.2805062707700265,1.3086839296318442,0.13115489248944426,10.242424850490961,1.4692650033073422,1.4644637359432453,0.14696194052537379,10.002412103640921,0.904364004953996,0.9023262304315298,0.04156664839113398,4.59622985473072,4,0.7972744149196461,0.8
matched_shape_qc,X045,4,1748.8328010071198,1785.7203096644753,175.4268880925686,10.031084045973037,14.93520766187229,15.046715435829128,0.505955964552461,3.3876727796969504,843.2413057938319,852.5951297721483,89.98561230174178,10.671395208401092,0.8344606916058528,0.836694977096229,0.03453704710497084,4.138846497191744,1.1965075011271702,1.1968719601010216,0.04931654000142466,4.121707549260326,1.2687366965744336,1.3000189088953629,0.1325440153824708,10.446928487237523,1.515618568271652,1.5010966646980382,0.1421877333568986,9.381498507176746,0.9106260749219632,0.9136431239584131,0.03877135620260247,4.257659347820126,4,0.7995577773505095,0.8
matched_shape_qc,X047,4,1771.5860397184506,1811.3045965103956,180.9210311591647,10.212376204314502,14.999165930942345,15.119267546827405,0.5188531115931171,3.4592130921277127,854.3972463856371,866.8796701645675,89.78171525381528,10.508193423330836,0.8304327753693892,0.8298314994491403,0.031604247671199064,3.805756300639869,1.2208763507175635,1.2105225487595952,0.048242257911217626,3.951445032321537,1.2492684706432837,1.2710435842749055,0.12061810706520552,9.655098955879023,1.525579645134619,1.517120746215514,0.16548596898346696,10.847415899342591,0.8997302585910132,0.900968852959992,0.035054254254349486,3.89608484538964,4,0.7997412123178383,0.8
matched_shape_qc,X050,4,1802.9897032854715,1830.7444603679107,186.81532841317167,10.361419595062033,15.086971198674437,15.172528900806777,0.527374191893828,3.4955604073809314,865.0080622588297,872.8785102433649,87.87895523801124,10.159322100250657,0.8295022875481475,0.8300207284124246,0.0275404580052331,3.3201183913111927,1.2194140065760197,1.2102684377515371,0.03914873159004586,3.210454478866549,1.2415842875809793,1.2512451349931073,0.1079488555933268,8.694444402453515,1.5124808343908405,1.4867930732793506,0.11901413334978053,7.868802740744421,0.893183436330629,0.8944631245183746,0.03552627963150407,3.9774897503085063,4,0.8021446582020876,0.8
matched_shape_qc,X052,4,1831.9188210755922,1868.8482711867937,199.88179547580563,10.911061842710208,15.165694516127203,15.275556085230825,0.558985186024645,3.685852866350565,870.1026555238186,878.0110550943859,85.77866430925943,9.858453340499118,0.8328861384615469,0.835874540266323,0.022585939447573533,2.7117679601791442,1.1928702545038168,1.1909658725143981,0.05588183051007053,4.684652861372169,1.2797973284341058,1.3120782227646886,0.0949506475501752,7.419194073982943,1.527356041214722,1.520797348972917,0.14676075758641766,9.60881114986767,0.9016699160843533,0.9073522086042713,0.019278784405425874,2.138119955154664,4,0.802647626837942,0.8
matched_shape_qc,X054,4,1865.7760596925912,1896.9280745365377,215.09427896972284,11.528408130885879,15.25679923366146,15.350454450500694,0.5932741615760964,3.8885886383504387,880.4385441748592,888.3549367643449,91.9300117653376,10.441388825326106,0.8333234110338896,0.8344709797565141,0.023434481735776603,2.8121712921399693,1.2099864501970012,1.2115096786253643,0.05633553630959388,4.65588158449392,1.2817759825090442,1.2904288809029199,0.09044282725668916,7.056055698566734,1.5518175239593024,1.505796326421931,0.14751757992400258,9.50611638587678,0.8936413657907296,0.8937216147412752,0.02491881464686441,2.788458054962043,4,0.802344804683834,0.8
matched_shape_qc,X056,3,1963.7967324513122,2032.3989704583785,137.2710167579807,6.990082756000513,15.531200339854117,15.71581042136662,0.36710387942339595,2.3636542661894744,921.1375756284402,953.5308384330308,65.47036733877884,7.107555816959492,0.8239988812441531,0.8193002202143524,0.02190178881250958,2.657987687973574,1.167029706206986,1.2007255243580697,0.08193039558566412,7.020420744211358,1.3550754579340227,1.3707927109367843,0.09475890656936209,6.992887814072993,1.5814924303248115,1.505038155226878,0.16213835402160556,10.252237121887779,0.8892547459756944,0.8837588073035767,0.031475781641873694,3.539568586427764,4,0.8094004514138504,0.8
matched_shape_qc,X058,4,1927.1049505785697,1955.9397000975378,212.02870399308372,11.002447164562932,15.42375436786219,15.50848918187783,0.5715996151077694,3.705969386408194,905.4077110510741,919.3703841859797,97.37611271282755,10.754946255072767,0.8287117874117569,0.8270015120065832,0.03165538515079489,3.8198304442683733,1.1878621293947915,1.204307109588578,0.09395311701615028,7.909429443972494,1.3159666502121703,1.3241923798671897,0.15014073805847777,11.409159801600666,1.5551512742154776,1.5035751867766087,0.1219827529854014,7.84378696837307,0.9028214947469992,0.8974984482423924,0.036805027491447574,4.076667171261975,4,0.8110758823292546,0.8
matched_shape_qc,X060,4,1951.095462178351,1983.13873291652,223.70446120995706,11.46558256868664,15.48607277590497,15.580307247353629,0.5992526022186638,3.869622795206352,907.5344495313798,916.2876098718652,91.44451641192245,10.076148234278193,0.8328606150213046,0.8381142324045014,0.02940633590653446,3.530763176474883,1.1952444214362337,1.1969539568174183,0.04721995761707695,3.9506528347010685,1.317467025248033,1.3155397440332457,0.08769301251174055,6.656182722693271,1.5747843506655972,1.549839484806156,0.12496789479637752,7.935556048900199,0.9011824346506461,0.9081607949684396,0.0421963186312337,4.68232812899772,4,0.8063318154718188,0.8
matched_shape_qc,X062,4,2001.1421019798174,2032.105380281458,220.73550441830912,11.030476256530001,15.61873101676251,15.706510279983291,0.579989124744692,3.7134202780125323,927.6551608171252,939.871524603123,87.88822817930507,9.47423481176871,0.8283859018826905,0.827692372500108,0.023677550038948593,2.858275350309091,1.2306113333620703,1.2489527620634484,0.05631530788606584,4.576205854712112,1.3073782333964188,1.2889167723397617,0.1308810391805898,10.010954430576366,1.6055919226408735,1.5576316626377862,0.13364199182653239,8.323534139778081,0.9020374647680375,0.9002499148737656,0.028170117835065758,3.1229432185845867,4,0.8029071721449217,0.8
matched_shape_qc,X064,4,2025.9609572930524,2061.1498370696545,229.07647673292635,11.307052878205626,15.682225540898546,15.77950446577399,0.5967416450166149,3.8052101945628776,944.7939124899792,957.3832603789266,95.42633082388208,10.100227103748852,0.8204093791324631,0.8175513981572697,0.026824385807529907,3.269634220405328,1.2503010804464534,1.2946883077300155,0.09801930735882149,7.839656294931864,1.3014026550676185,1.3105280808019968,0.14926442456589217,11.469503614785285,1.6197593070555323,1.5917764692669647,0.1439106020550254,8.884690548043972,0.8917872751249205,0.8900094657275918,0.04092578089352374,4.589186461288193,4,0.8100852518320499,0.8
matched_shape_qc,X066,4,2079.7089303964085,2110.032601526901,217.10772828763118,10.43933240437876,15.822236778455622,15.905481881735408,0.555538497025094,3.5111249111221996,963.7800844459398,975.3997431423495,95.96153923204092,9.956787941639977,0.8189101007864767,0.8172724127342077,0.033657177618117505,4.109996638922067,1.2097152652694352,1.2325939893137785,0.10578534567844103,8.744648324734488,1.3190062100330273,1.3218941705028535,0.1308733741678,9.922119636155694,1.5905965255084877,1.5349909818862986,0.15871204934728628,9.978146362198837,0.8845352387601758,0.887421555367331,0.045357831015503655,5.127871567794207,4,0.8076084181818769,0.8
matched_shape_qc,X068,4,2113.062871567258,2138.2382292381817,225.3815107705531,10.666105292143424,15.905743975232395,15.976033086194025,0.5702900548791981,3.585434644033152,972.7426203124608,982.2346118104713,98.1309888417376,10.08807332922416,0.8198462544016434,0.8166286934721027,0.02885015958940492,3.5189719333975518,1.2123076383764158,1.19009967161894,0.08724180267262603,7.196341911155877,1.319862646780226,1.3130622990178167,0.07869977460684441,5.96272459098912,1.5999340467657972,1.5612654933025618,0.1484401390824957,9.277891134485294,0.880415896611456,0.8820178255321718,0.04125804663576136,4.686199646616479,4,0.8059176413031603,0.8
matched_shape_qc,X070,4,2159.963902330291,2182.04607778009,219.44661519824493,10.159735306756447,16.02401618319458,16.085018935339466,0.5466412908714561,3.4113875361955395,985.1211532900894,1004.8356857698627,87.81841343342076,8.914478502479257,0.8209202595747063,0.8107602383758221,0.024445784505868852,2.9778512858890176,1.1847534196335854,1.1755549664774316,0.03592919103176537,3.032630287142566,1.3475959956561518,1.321215069028988,0.10583349033373834,7.853502880305566,1.5961686662686476,1.5937974010188694,0.1264620815026854,7.922852025300993,0.8893374289731913,0.8773545770044804,0.0341111115402297,3.835564593251586,4,0.8062571551785653,0.8
matched_shape_qc,X072,4,2192.479014424225,2205.805911383719,227.32576320357384,10.368435077736544,16.10350042732088,16.141406936321587,0.5592548385773687,3.4728774722081415,983.6945163103666,1000.9096298754208,79.39849439693681,8.071458474196241,0.8300797704409653,0.8321582399216316,0.034609171985578085,4.169379042594012,1.1797753722598898,1.1739777926807355,0.018816870779276088,1.5949536853979154,1.3131099263175012,1.3263139234385315,0.13125965463592248,9.996090350487897,1.54787477791915,1.5724401818054257,0.13814749324384784,8.924978636163532,0.8949672254610256,0.9021627318515582,0.04870073082474541,5.4416217085109615,4,0.8056064341725512,0.8
matched_shape_qc,X074,4,2218.598054806679,2233.130768564239,245.91191938831446,11.08411317929071,16.165054351371065,16.209490070584238,0.6014218332532387,3.7205061002608266,988.097292188118,1003.689242957139,71.97315456262793,7.284014958005308,0.8320000397460436,0.8310397528607234,0.027726812404404104,3.332549408635524,1.1224807759622102,1.1144750986547316,0.07278052845189403,6.483899770087848,1.4087837191860015,1.4184389203585146,0.09195594977880601,6.527329108540406,1.5769815867327632,1.5790850798663394,0.05279997944660827,3.348167149877813,0.9066553872950603,0.9122915147430364,0.03857130332293654,4.254240791312252,4,0.8031720922861163,0.7272727272727273
matched_shape_qc,X076,4,2299.0207925559457,2265.782190383172,314.41815307329966,13.67617700941904,16.349636556760725,16.28384819452583,0.7434388361826062,4.547127598840644,1023.0095238289673,1052.442630114941,67.99438511301655,6.646505582716769,0.8224813117952877,0.8283310547479166,0.05560755898864617,6.760951062494983,1.1321713383503376,1.1312365161068092,0.030502322416324574,2.6941436674036328,1.3627451702381026,1.4142665513872585,0.13133806523734332,9.63775679457338,1.5442421485296671,1.591149146396254,0.17087239531084283,11.065129615425732,0.898105417542455,0.9141134335340269,0.06084843814100927,6.775199987938261,4,0.8119909275729517,0.8
matched_shape_qc,X078,4,2378.3215964148376,2387.810850347443,359.69363049055454,15.123843261263275,16.529267533094497,16.564200318719184,0.8394947088599293,5.078837929019621,1036.1217766630855,1054.0163400326142,54.98522769110402,5.306830618712447,0.8298595787385736,0.840724940367589,0.068558257533062,8.261428715117543,1.1629634692500979,1.1484400524665497,0.10646942716457707,9.155010452153814,1.2016191769584537,1.1761891719242366,0.14918148516690055,12.415038643483513,1.405076938245601,1.3917697123720423,0.27204245330300025,19.361391956420288,0.890761773403447,0.9145291618396719,0.08425850429112906,9.459151347412659,4,0.8129248399795781,0.7272727272727273
matched_shape_qc,X080,6,1568.3517348664589,1412.8188435217241,339.48854123621857,21.646199235092194,14.355585634322047,13.919507559179447,1.007417653402666,7.017600528912466,792.788666994184,690.9845876220577,180.80953664618815,22.80677615280726,0.8319672898124745,0.8620229161365275,0.06502957107083275,7.816361516507508,1.2156590536768148,1.2151682300662148,0.07834307672489135,6.444494160425922,1.129429539990597,1.0915038032881639,0.08190856962611091,7.252207129874861,1.3735632506399247,1.3681373078958265,0.13704014683952837,9.976981167462306,0.8900477705720419,0.9255345778016364,0.06613212966553106,7.430177553619098,6,0.809316381679282,0.8
matched_shape_qc,X082,6,1591.9228319277825,1369.1787607951992,405.5711699303394,25.47681092300196,14.405878502499922,13.776954828721703,1.1759282714763382,8.16283624266492,822.176801898709,699.8173947806965,201.78688477147435,24.543003926342138,0.8087481603571341,0.83224431602367,0.057097610303527675,7.059998786063885,1.2196493438764922,1.1965071042773954,0.13704130203258288,11.23612313003141,1.1562394270192466,1.141782015771838,0.09072296301162656,7.846382063402549,1.4069912043242685,1.4051446641169871,0.16046463295220448,11.40480711315252,0.8624432488227134,0.9017737069571488,0.07289121105498725,8.451711014549435,6,0.80106253140929,0.8571428571428571
matched_shape_qc,X084,6,1597.459103835424,1336.9257827878014,456.8536260261848,28.59876818938906,14.401778556097893,13.667500336545576,1.3184613378169865,9.154850789305696,824.5745982356775,717.6331177444683,203.57949625401864,24.689033192340972,0.8053067772400174,0.8071018069845615,0.055414767797789616,6.881199732070992,1.265218072612665,1.2486829412038583,0.16690803384648112,13.192036808470291,1.2320739062687365,1.204614337848653,0.0904019777202439,7.337382705719414,1.5544276572273674,1.5194784886008657,0.19606857704840427,12.613554328937493,0.859424858868228,0.86761721043697,0.07414483472555779,8.627262053275807,6,0.811839311544654,0.8571428571428571
matched_shape_qc,X086,6,1604.2116779045934,1317.1713580264432,506.04206181854516,31.54459407000033,14.400494944172443,13.600230366335378,1.4517203188206427,10.081044606096134,804.1177399590835,723.5357932798651,161.31586964435087,20.06122507041807,0.8164477744566806,0.816169932180705,0.013165781746177451,1.6125687592129025,1.2403382531943052,1.2346654592957993,0.046265197013467395,3.7300467750888373,1.2145204148438278,1.2013603949774643,0.12281084472781355,10.111879819130541,1.502443189836136,1.4886529271129492,0.10845194129043252,7.218372183660458,0.894590654222371,0.8956770036383582,0.013358073173995469,1.4932050889361306,6,0.8153536049520946,0.8571428571428571
matched_shape_qc,X088,6,1635.1085489043114,1336.1708366185771,533.492848141306,32.627365840561495,14.483743922816856,13.665275954835412,1.5103736483605383,10.428060979324432,815.0407877198037,729.4709313631463,158.74875147882597,19.477399643145333,0.8136541944252348,0.8073341800458466,0.014669718715494582,1.802942677123083,1.2752251264527572,1.2850837945459705,0.03603850034250748,2.826050051472428,1.1783214954721621,1.1589593745548636,0.10290313527841358,8.733027079097758,1.5012718110215282,1.4558714426571728,0.11853126957219708,7.8953903418424565,0.8926433030951944,0.9015979799029621,0.024190073435659556,2.7099372562121657,6,0.8169193150005972,0.75
matched_shape_qc,X090,6,1642.9865519850089,1330.9071841609334,554.6983221789135,33.76158627158226,14.498002947964928,13.647361675606092,1.562087912474658,10.7745040339775,820.4239943309677,723.246434910807,169.20139438778904,20.62365259389664,0.8108842598175392,0.8075005514707381,0.021033429658485217,2.5938880183983404,1.2384100789999148,1.2376862388483238,0.10255998421301057,8.281585070418151,1.181935526662879,1.185433917209218,0.09488489553880994,8.027924823167936,1.456707448293695,1.4760990019812634,0.06431538319024446,4.415120089183307,0.8869021443861794,0.8792086381432611,0.027781045393957197,3.13236872520861,6,0.826153313093981,0.7058823529411765
matched_shape_qc,X092,6,1672.4713940385857,1341.7909914339107,578.5051091523816,34.589835809116074,14.577380916789258,13.68449303432827,1.6079488530770243,11.030437238729872,821.8163970805263,721.2470853963046,167.12499616112535,20.336050333727947,0.8176756938698797,0.8157219539383842,0.019811519285026346,2.4229067139397005,1.2215284049564366,1.209080981945601,0.11540321922485755,9.447444591267871,1.169075772933992,1.1578412172944668,0.11062407593678444,9.462524029486534,1.4198872855480407,1.435111294173053,0.08676282863369655,6.110543387266707,0.8962834556001242,0.9005250955283319,0.01927105796454998,2.150107518346042,6,0.8202602779843369,0.8
matched_shape_qc,X094,6,1700.4183827844845,1350.1163700222962,622.5614348962628,36.61225032611094,14.640422248545647,13.71166709508134,1.7081959077251496,11.667668313971195,834.2333738466538,736.6604707516774,163.96241944186144,19.654262773716425,0.8112583727979971,0.8087448298379082,0.03840584443632025,4.734107618989504,1.2589556852783244,1.24497944142374,0.14060481519101725,11.168368897745035,1.1600241460999412,1.1564395949847084,0.09343827572519003,8.054856102722875,1.4564729134613377,1.4460790801695447,0.16474824482660652,11.311452709070911,0.8851282736654992,0.8967465227403693,0.05135921278218368,5.802459859235381,6,0.8197706938829611,0.75
matched_shape_qc,X096,6,1764.3161877185169,1354.394398314565,702.6055869752005,39.82311061169585,14.791137596524301,13.726604778130598,1.87523778750378,12.678117387971788,839.8087650726578,750.2842625972017,159.46550463295426,18.988311537705584,0.8209804776462462,0.7952998913695919,0.055104588241925614,6.712046113436297,1.220602400092318,1.214778481529695,0.1470944141833458,12.050968781662283,1.1536424384705286,1.1261348005196863,0.11730662821913009,10.168369705144723,1.4146495568821982,1.4543269505138627,0.26444748309960503,18.693497750950506,0.8869509034092081,0.8685687789921283,0.0588360670527348,6.633520167416741,6,0.8231254428302184,0.75
matched_shape_qc,X098,7,1513.3255460268513,1356.5963246414678,471.95195231445575,31.186412834537705,14.140112663306722,13.734641814195928,1.2830014304814614,9.073488033874169,774.2277569104873,730.1561531962718,143.24500452159072,18.501662236084368,0.8171943259451114,0.795976190581106,0.045434157401682496,5.559773967977132,1.2174607839393752,1.0959954000961214,0.2011549111678409,16.52249615112511,1.235185632213619,1.2114578766721678,0.11106441112104279,8.991718185873033,1.499237549602521,1.533362368158189,0.24411210007978065,16.282416361870062,0.8714157789574902,0.8546637815441405,0.05888929082191751,6.757886676365803,7,0.8249585136147604,0.7368421052631579
matched_shape_qc,X100,8,1286.139924862303,1292.6356075266667,92.81560870124281,7.216602712273306,13.485713744637783,13.515189976265702,0.32686820477978984,2.4238109377767256,731.921171264959,754.162256656775,84.30627646023906,11.518491303446636,0.7871870932447274,0.783919664329055,0.06463231241187876,8.21054015830838,1.1788559126902416,1.1020116143305239,0.14484916248907878,12.287266062781297,1.3570969726681787,1.3399517812028288,0.17058720086910809,12.570008209046241,1.5981929018245276,1.6447609394127007,0.2583631795434256,16.165957141248295,0.8335936284750336,0.8413356376210018,0.08501267325385622,10.198335297904977,8,0.8073161487455407,0.7272727272727273
matched_shape_qc,X102,8,1294.8847179891463,1307.2312334649955,100.90472509834541,7.792564364729122,13.515142092891082,13.565982819504462,0.35155665445494855,2.6012057589824833,734.3821407267179,754.724290511436,73.58851274249331,10.020466002845982,0.7858868456379192,0.7919190936377608,0.05099063252631799,6.4882918971532,1.2463366108250984,1.1928312518200954,0.20441724993382104,16.401447904069265,1.3738986614284463,1.3999201521098663,0.06857218537952052,4.991065739028076,1.7117920364109163,1.6527010625591099,0.2880259084932082,16.825987174067414,0.8508333146712554,0.8717813132237064,0.07770878210833888,9.133255688085505,8,0.8126836002781901,0.7619047619047619
matched_shape_qc,X104,8,1312.9824553235967,1309.139569614978,107.3341248886828,8.174833140647664,13.577008626927375,13.571583928040432,0.37047538775455535,2.728696710259055,728.8934350990133,745.7250941836331,58.911669511103725,8.082343271907934,0.7971118770107914,0.8028916897704363,0.038320343847863064,4.807398428382002,1.339634054065138,1.3171104456779843,0.1726134607496914,12.885120397312496,1.257752652083159,1.2746961016952896,0.07551067015545672,6.003618440429587,1.6810111575699467,1.733725645767,0.20572165050885763,12.237970556141152,0.8591126797855163,0.8773539252225006,0.06069699413001947,7.065079535919889,8,0.8123322951143795,0.8
matched_shape_qc,X106,8,1336.7947157445333,1299.3042986881446,120.91644650374823,9.045251681474767,13.656786327583673,13.53701874156486,0.40812135822617013,2.988414319713385,734.1059307708726,735.7343156910817,47.59548670806341,6.483463041646342,0.7995741227494549,0.7991486036925401,0.031640858145099864,3.9572138773448606,1.320984221092901,1.2504085501210047,0.2339677936350021,17.71162667192433,1.2086550179816502,1.1698515609307965,0.11147926809679241,9.223414989245914,1.5905580172573484,1.5587941079010688,0.2739403669636254,17.222909443818327,0.8658151097480402,0.8677641674055755,0.05099660029836203,5.890010433428736,8,0.8097488739122263,0.7619047619047619
matched_shape_qc,X108,8,1365.4302433577334,1328.6004041994156,122.30253678329092,8.9570695667716,13.753855749360941,13.63784960744297,0.4062216146043572,2.9535107973139234,735.9408055776823,744.4873855639682,44.729438719862564,6.077858216429765,0.8086267248273631,0.8101299855634749,0.026797538465960412,3.313956568982001,1.3207411368324962,1.2855156836918267,0.26118990822160676,19.776010675946132,1.2321347198489092,1.2323727016091857,0.09051837977211687,7.346467745281677,1.6121360521781676,1.5899245237138586,0.22117028833638597,13.719083326594014,0.872436609459903,0.8781210875989651,0.04790917514429892,5.491421912470859,8,0.8159430386939615,0.7619047619047619
matched_shape_qc,X110,8,1379.328592625876,1340.9731330839181,123.81624586644409,8.976559068548763,13.800316110315086,13.680882172467237,0.40852862389485944,2.9602845371745037,742.6832490463603,752.4927608742375,41.78141623351093,5.625738332884202,0.8064993965847359,0.8091879154179134,0.02665452625226864,3.304965430246066,1.2708234861839767,1.2510566713926674,0.13695215095935578,10.776646202109085,1.2401121757786886,1.2176463241454059,0.10682931815907588,8.61448828949654,1.570966349682724,1.6161387752392602,0.1641388313619729,10.448271625622203,0.865274715983789,0.8723628706332014,0.054321352320776756,6.277931310984299,8,0.8150488008329325,0.7619047619047619
matched_shape_qc,X112,7,1415.6319167475226,1411.2460390025076,132.26816695002813,9.343401020084384,13.919611544255805,13.916649986264272,0.43059791358392463,3.0934621430697833,737.9384004300791,741.9432027684798,50.4568091852464,6.837536731499483,0.8261214423791126,0.8231995157440369,0.0223009130281512,2.6994715164307723,1.260625598027348,1.2650327511242851,0.16918526670040412,13.420738636844169,1.220405381203599,1.208980744521975,0.12183601012978124,9.983240979290262,1.5320314796370516,1.551559550456854,0.20105739667035594,13.12358129338098,0.8870085113148983,0.8978090056685821,0.05029167753236475,5.669807774201912,8,0.7722949305327373,0.6666666666666666
matched_shape_qc,X114,8,1421.9725658235634,1409.8829417525199,115.76834994609035,8.141391242596923,13.942948015509995,13.911762316352014,0.37557613137052065,2.6936637141064685,750.0487555015086,766.9766861221,48.935152249168986,6.524262841613442,0.8159578991549592,0.8112150114886008,0.034606676909603715,4.241233150073535,1.2209314802064861,1.252762845144626,0.14434829079756442,11.82280030761038,1.264210434080872,1.2226078720500535,0.1816187143736625,14.366177455710218,1.525604691235931,1.5337804542442535,0.13401369319372472,8.784300019761794,0.8720550927940209,0.8814541982233352,0.06321565184130025,7.249043364767294,8,0.8184193615452947,0.7619047619047619
matched_shape_qc,X116,8,1444.5580387195114,1428.1694156292765,118.1015225885978,8.175616307759128,14.016348495326154,13.971930213833069,0.378039216440774,2.697130544141605,756.6512487152035,771.4227624583726,51.90284479795785,6.859546572623659,0.817747249128383,0.8141894158816857,0.0395763716348844,4.839682637522523,1.2207858182480162,1.1888058114565616,0.12229060792995751,10.017368001985817,1.231429106401356,1.2037120193052777,0.14527590138348165,11.797341854946565,1.4961609166470276,1.4920092475106128,0.16928317287205408,11.314503071730163,0.8667684691744673,0.8786279196449469,0.06970790129923776,8.042274699451097,8,0.8213158626887425,0.7619047619047619
matched_shape_qc,X118,8,1463.9769318501035,1456.8783407867068,120.15265996714366,8.207278226392578,14.078746127278684,14.06504145935388,0.3826950260585781,2.7182465156969924,765.1188456177325,771.5815626301551,51.56970730780795,6.740091111750386,0.8157233596360809,0.8185229492468546,0.03694610918085308,4.529244963309114,1.209499044779272,1.265090206868615,0.13484497154601693,11.148828279614353,1.25395859263856,1.1627223026711806,0.19837222151965622,15.819678790369348,1.5016571945791681,1.4703502535343393,0.18580201782107236,12.373131397218952,0.8724892445816098,0.891424741169619,0.06930171900515797,7.942988344617434,8,0.8226741945096758,0.7619047619047619
matched_shape_qc,X120,8,1481.2148693807153,1466.902348255846,115.73777164948602,7.813705765583835,14.134674135957457,14.097197030600022,0.36500978290335256,2.582371403772213,770.9142091440701,769.2859395393668,50.31100656885711,6.526148561292749,0.8159884000030148,0.8303340402270061,0.03741776975721548,4.5855761867542775,1.1653776136977823,1.139501984092969,0.10772256792956411,9.243576216275237,1.2481235712393504,1.224964351747504,0.15242247102044312,12.212129834956329,1.4506690841427836,1.4311218026110941,0.1958255680237941,13.498982653201685,0.8650244948045478,0.9082615891468385,0.08264209625220377,9.55372902716203,8,0.8207489479668242,0.7619047619047619
matched_shape_qc,X122,7,1489.5147835149803,1470.7609620096569,117.69361951782535,7.901473743019194,14.161151031740284,14.109593133894473,0.3660590517056356,2.5849526700560164,774.5363470874317,764.764845022465,54.947655219253576,7.094264255754926,0.8155968849514619,0.8240454362907439,0.040885209715812665,5.01291881690375,1.138259051483581,1.132612420654577,0.09022571206039488,7.92664129863907,1.2714817407119205,1.2595470197382947,0.1611657770364232,12.675429923687636,1.4444815649978648,1.3805769658414184,0.19992421208303374,13.840551304185682,0.8630773325711028,0.9064685264309283,0.08839723607872192,10.24209914253999,8,0.7647151415482204,0.6666666666666666
matched_shape_qc,X124,8,1510.6577699804466,1493.9126445325226,119.9188759795363,7.938189467035176,14.227496848427581,14.183239591776422,0.37198168059510467,2.6145265365932304,775.226197203688,775.8451783339542,53.64543898742385,6.919972413332762,0.8225085746194035,0.8305026233116579,0.041846501566787535,5.0876675159466895,1.210638480445306,1.2093303082910025,0.10326610836661765,8.529888156919771,1.181895830486647,1.1158643096104157,0.14520324166858722,12.285620942481845,1.4216341106491681,1.3791817897584329,0.1233500980250475,8.676641697118642,0.8781813360867039,0.9054849363787354,0.07980084666469818,9.087057921351605,8,0.8210258655754685,0.7619047619047619
matched_shape_qc,X126,8,1535.5080813840661,1528.9966706745101,123.37604140605309,8.034867605180247,14.304706487100333,14.293169286657237,0.38293451865348077,2.6769827049496095,779.2721422769578,784.4999019385132,54.306176296763304,6.96883326768052,0.8267877895613146,0.8343187926552758,0.033606478223780115,4.064704226172883,1.2352966661180953,1.2534945221386564,0.08507121739930668,6.8867033913919595,1.146556097011438,1.0977199011148921,0.1311330201612452,11.437122047761177,1.4086078788726024,1.389312411849621,0.09380735544003377,6.659579067178987,0.883098399762781,0.9006633858692882,0.06279472229765413,7.1107276736683165,8,0.8224398491805858,0.7619047619047619
matched_shape_qc,X128,8,1559.7345136617296,1550.2400170473934,121.9250315224281,7.817037480063792,14.380018138295751,14.359118802578436,0.3747498823459055,2.606045964211273,784.9221047446256,793.2067597565926,53.923546816256795,6.869923332558053,0.829606752048011,0.8359863294704117,0.03697650345726684,4.457112163803476,1.2117816305292313,1.2366035425128437,0.10639129795180233,8.779741767940251,1.1487132357891505,1.13876152748075,0.09524876184471494,8.291778912017177,1.388555578164993,1.3330512156301437,0.13723115647499914,9.883015028923305,0.8870312810775434,0.8993771021638276,0.061658484972098464,6.951106041852016,8,0.8234951324296412,0.7619047619047619
matched_shape_qc,X130,8,1579.2844738355898,1561.1028535934481,130.96767193780957,8.292848698735694,14.438716622441476,14.392406387651956,0.4006127835131052,2.774573350171926,794.8735015275831,801.0928721088324,52.34854907153576,6.585771065576173,0.8255224784833253,0.823437961230677,0.0317150743563784,3.841818385690271,1.2415471092033754,1.2091290302215854,0.11856109030444346,9.549463683300495,1.1560803942952154,1.1279469497553773,0.12062034003253945,10.433559865538035,1.4262485678889525,1.436729678258072,0.09723989572601455,6.817878588298475,0.8779174829211347,0.8840947920038803,0.05182826184289987,5.9035459312701395,8,0.8237240327319132,0.8
matched_shape_qc,X132,8,1606.6879712420705,1589.0778033085774,130.556905087023,8.125840699864973,14.522167451110107,14.476909292017691,0.3941172575642019,2.713901068081092,806.6577828237994,814.1939945320539,56.97776237692978,7.063436762175963,0.8232998444880422,0.830266168618856,0.035292267992316224,4.28668464212601,1.2842035489700967,1.3078263891601933,0.12940227692593342,10.07646155702585,1.1256396340170056,1.1416493204433578,0.08085695666298555,7.18320093034002,1.4448976166894725,1.4324802606382643,0.17294290281128966,11.969215037362565,0.8745328955433992,0.8942017724829554,0.0577868836530541,6.607742710141015,8,0.8267108827591848,0.8
matched_shape_qc,X134,8,1642.3958765100137,1623.0923223774978,130.41602365954108,7.940596145228201,14.629333345178267,14.580295442470359,0.38936951760916916,2.661567061341881,820.7884085168878,835.6185216695061,59.23961716719538,7.217404211913467,0.8213612592963276,0.8211684962698973,0.03895537273163755,4.742781850340884,1.236890486795824,1.2138778557988221,0.12466249826846099,10.07870135628582,1.1600377589618327,1.165595240343349,0.10475518185783986,9.030325181103565,1.4315523964042545,1.375864005926418,0.17071068042320192,11.924864283835484,0.8760581754104001,0.8873464481409332,0.058857769758439184,6.718477312407541,8,0.8203463713357184,0.8421052631578947
matched_shape_qc,X136,8,1663.7807752896265,1634.8988416350824,129.1196589050677,7.760617313455308,14.693047636303582,14.61527949640324,0.3798970924894268,2.5855568013730323,822.5407606595192,839.8271203745094,53.47418630980245,6.501098652780009,0.8262596622092785,0.8269257525869296,0.03484718861551348,4.217462162238199,1.2177141605220343,1.1959635453512916,0.11816547016840409,9.703875835503673,1.169722957395492,1.1565506711941036,0.09276722648348885,7.930700675486834,1.4198403823987502,1.4025336925767171,0.13285203810244586,9.356829102014897,0.8825356253352769,0.8813377184007829,0.04918886925205888,5.573584548881178,8,0.8199892617829687,0.8
matched_shape_qc,X138,8,1685.994017782693,1663.5238838848213,138.240698380345,8.199358771281405,14.757007151978694,14.700353868716888,0.40660002430055214,2.755301397587472,833.9111042565619,861.7794597929758,59.90216423210252,7.183279359915199,0.8224863826688069,0.8302361977727083,0.036797501651009014,4.4739344536754935,1.2620829983249748,1.2480123954842521,0.15277541553617374,12.105021281400342,1.1540777028097933,1.1588187365648457,0.07686101056113763,6.659951091161953,1.449463891610244,1.4331200554896686,0.12912829716645813,8.908693615196334,0.8739256985947137,0.895012898102572,0.06277162665287171,7.182718937526322,8,0.8189791228057962,0.8421052631578947
matched_shape_qc,X140,8,1716.364873048762,1688.0176929307513,142.79954108038794,8.319882521642063,14.844830702271823,14.772598683616465,0.4142223514500168,2.790347426371289,836.8382068668539,861.4098870334315,56.895775407032055,6.798897916008336,0.8291061806836606,0.8339602187388244,0.03547518266086006,4.278726113416269,1.2375107433981865,1.2609490065040765,0.13997390853030342,11.310924715363448,1.140376894052217,1.1297198586405233,0.09385177218411896,8.229890720656917,1.4050586553908326,1.4325318726402232,0.1357053817664329,9.658342820477126,0.8802728602492379,0.888890174107185,0.05579884547089993,6.33881242858052,8,0.8179920973926081,0.8421052631578947
matched_shape_qc,X142,8,1739.364517801437,1712.4276190689902,151.07910286402202,8.685879314991809,14.909881346126907,14.843261255240801,0.43559778748023337,2.92153758549787,843.1647469786565,856.1709291801697,58.22356240078463,6.90536014573893,0.8298994005571313,0.8275397659820606,0.030068497189343214,3.6231496455061314,1.2531993162423642,1.2763175126812043,0.13651569534098776,10.89337454718066,1.1495910126059399,1.1418885677722392,0.0924507644921839,8.042056999263828,1.4336812461926427,1.4511350845858142,0.1201410036826742,8.37989643804903,0.8810949720714356,0.8832270070417423,0.04939717187964407,5.606339094582774,8,0.8189349817703653,0.8421052631578947
matched_shape_qc,X144,8,1773.6044721847784,1750.0281324417242,159.82452178950516,9.01128319735395,15.00607602225357,14.951267676914231,0.4583349294896579,3.054328985205464,846.5405310515831,853.6578251886172,58.34297392138943,6.891929184880855,0.837040727935306,0.8393687108806913,0.023641104221764797,2.824367253918377,1.2169720246869415,1.2034206390766107,0.09666525697741064,7.94309606272808,1.1455532681946416,1.1407069971578734,0.08298968553616648,7.2445068981345395,1.3895276179787979,1.4082263110761373,0.08610501820367203,6.19671153632197,0.8980229481666504,0.9031137047808067,0.035065692544523616,3.9047657541615863,8,0.8174656197702032,0.8421052631578947
matched_shape_qc,X146,8,1791.8961887432652,1755.899935980132,163.0523967699354,9.099433203454222,15.057347856415685,14.968112635886076,0.46213803773722983,3.0691861684016324,856.3420178266877,870.3824230470843,55.00502296484613,6.423254005968725,0.832885342127506,0.8288937603792073,0.023279394075482625,2.7950298676187764,1.2743898910945322,1.256664319898321,0.10492752192719025,8.233549454560677,1.146052782158371,1.1212876521982444,0.06854806771628806,5.981231299590835,1.4568955163889807,1.423581020747775,0.09960479136446368,6.836783437383434,0.8963292890961194,0.8998455514664705,0.034819989422813925,3.8847318554018537,8,0.8187463866768617,0.8421052631578947
matched_shape_qc,X148,8,1826.4349759852578,1790.0822208644358,163.2303371384104,8.937100925279692,15.153995933637244,15.064607996979515,0.45495922964182084,3.0022393541227648,863.4169510285694,874.7455859495701,56.127785038445204,6.500658224462864,0.836824154582074,0.837483500305463,0.02578527379771428,3.081325229025199,1.2687098297512158,1.2406780568756186,0.10096038355069964,7.957720605861247,1.114844959147279,1.1047238377456958,0.06060664395488447,5.4363293709684255,1.4129038637032907,1.4023722307418949,0.11447796631178721,8.102318158557145,0.9047907823649333,0.9033446619699008,0.035876615422798366,3.9651835675231375,8,0.8188006702249897,0.8
matched_shape_qc,X150,8,1857.6551456917036,1837.455092983234,173.67711716754548,9.349265797278873,15.23861608353911,15.196335161812264,0.48097037921685964,3.156260231113823,880.6968587502727,899.9898110461312,57.04423647900362,6.477170426149877,0.8295485729940713,0.8336430024777883,0.026804302981574896,3.2311915003157345,1.3080670619535864,1.300197124181969,0.1558434466236875,11.914025752696249,1.1162197513863252,1.1284520321091807,0.0593729010652591,5.319105041056567,1.4550515683985958,1.421733770890366,0.14259668616154708,9.80011219248308,0.8931853445517011,0.9006793725890517,0.041703731153516485,4.6691015932922655,8,0.8209787303332274,0.8421052631578947
matched_shape_qc,X152,8,1884.3770944731905,1855.972244856142,175.678316503403,9.322885372501137,15.31135623975839,15.247077748816555,0.4831103529051199,3.1552420656940003,884.8501651337554,901.5920792091713,57.225259089845956,6.467225903856355,0.8336005370583911,0.8350731038352697,0.028509824305321747,3.4200822861663682,1.2887081469719037,1.270040354817394,0.14041631735201857,10.895897390107825,1.1290076726662477,1.1221631699081491,0.038161949983231615,3.3801320316193175,1.4523794551811544,1.416018095157777,0.13785104177847254,9.49139298870614,0.8986314332236851,0.9030390139481779,0.03985208203995279,4.434752732495716,8,0.8211436305944483,0.8
matched_shape_qc,X154,7,1893.5967247739304,1885.8974721751,196.11119527832471,10.35654491331768,15.333786144066526,15.328740967447724,0.5320296424990859,3.469656075156344,905.0268321558749,904.9492453239484,64.25615433196491,7.099917046536574,0.8175719468467733,0.8206949161431585,0.02954773593849527,3.6140838800127044,1.3551669239374777,1.3692487708195,0.1705021870570263,12.581637290971294,1.1380009129894242,1.1202252303240354,0.07256501728612298,6.376534188843604,1.5349765638990405,1.4913112042373222,0.14656664967053878,9.548461723626607,0.8784907291028798,0.8891378971702633,0.04253190600166073,4.841474655639743,8,0.83421458986477,0.8
matched_shape_qc,X156,8,1953.6643762264048,1922.2397419324607,204.09899236978808,10.446983363847528,15.493385755060114,15.426542708173027,0.5468689369818717,3.529692900102647,920.829834771127,938.3047751574494,62.328623155199686,6.7687449734609775,0.8201086813240623,0.8185458614312281,0.026522581437407967,3.2340325180544807,1.2925856091090253,1.2684901839646816,0.1543999516048572,11.94504646475869,1.160511612083957,1.1328917336138935,0.07514816387767856,6.475434032300056,1.4931733386142396,1.454837449978657,0.12914347846757496,8.64892743045013,0.8834607484886233,0.8788048628915267,0.03952550484629915,4.473940117194481,8,0.8478880856913042,0.8
matched_shape_qc,X158,8,1972.8421059973834,1953.821656678326,204.6093120319373,10.37129689243406,15.543943691913253,15.510433152762136,0.5489387577289575,3.5315282183796337,920.3157895905354,931.9090072579576,62.79379368843902,6.823070341581022,0.8258488936617862,0.825907746211087,0.022707865323640646,2.7496392497366844,1.2597130451871945,1.2375724601874865,0.1426890716969127,11.32710915728502,1.1552659257527351,1.1642245741485486,0.06575956718086436,5.692158464555897,1.449394573631695,1.4149371055355857,0.12340805914690832,8.514455717720072,0.8943313273521409,0.8970744042313703,0.03380553356993815,3.7799786875437604,8,0.8370526017606178,0.8
matched_shape_qc,X160,8,1992.926819707777,1980.5173920511593,204.581288398185,10.265368822131801,15.59701055338042,15.580755203403406,0.5421423824033734,3.4759377801784725,922.4658739823683,942.7832284326354,59.69355743554256,6.471085719175724,0.8293694996383832,0.8275451266913273,0.020600013091197144,2.4838160916429937,1.2386399563059107,1.2210470239212303,0.1482740349377884,11.970713053694572,1.1883931463605695,1.1851562831736682,0.07345957792038234,6.181420529506657,1.4650762417813354,1.4452812835873492,0.1287132756101551,8.785431907192564,0.8964924105244653,0.8892078046037358,0.03035480780874793,3.3859525694132517,8,0.8449814646308552,0.8421052631578947
matched_shape_qc,X162,8,2026.6005644642005,2026.3174596507415,206.00613541173124,10.16510796572268,15.68471974780196,15.700097271383825,0.5392148972565877,3.4378357148023166,935.2405774013872,950.098705122668,55.441969263263495,5.928097069666479,0.8271662734871031,0.8234042848839898,0.026367565944478245,3.187698385394742,1.2293055509646829,1.2820053546707912,0.14977324959544885,12.183565711382014,1.1708401088046387,1.1728365151750737,0.0629916701422676,5.3800403375810655,1.4349785573197584,1.4537284704987932,0.15095864250895533,10.519923223864382,0.8938826002321197,0.8900537250517051,0.03979602255439295,4.452041302074666,8,0.8489059455024104,0.8888888888888888
matched_shape_qc,X164,8,2054.1927984129875,2043.9957824467342,191.3011076065219,9.312714354481033,15.758368949004002,15.745403628642295,0.492214048068052,3.1235088457499414,947.8072636494553,952.4194978069029,47.58955841471475,5.021016428115881,0.8235554183123942,0.8276695239108014,0.021941923545000363,2.664292293767323,1.2552302903035968,1.2875556936907975,0.09715681482362654,7.740158564858059,1.180573391778605,1.2040444419941334,0.06063034123686509,5.135668960446569,1.4813522214416814,1.45750895609114,0.13027928395916893,8.794619002385438,0.8884878305291944,0.8919792546173422,0.03802026492431989,4.2792105437926535,8,0.8547903154101143,0.8888888888888888
matched_shape_qc,X166,8,2091.8929227386047,2083.21104179253,195.06487793657416,9.324802231330496,15.854093427941992,15.845689042710845,0.49717088278895516,3.135914929785377,951.3442974093496,955.7973600103802,48.261110102702226,5.072938391928592,0.8306169732037911,0.840364865994139,0.02657542321241708,3.1994799130954945,1.2276190675473915,1.1974242908867776,0.09159301756042607,7.461029237955379,1.1510276860461741,1.1253837552186956,0.08655751182091444,7.520019967394784,1.4116452839769105,1.4579735321274692,0.13074964943449122,9.26221699732819,0.8955851165485237,0.9031929246691484,0.04114271353597258,4.593947886777262,8,0.8607899357129982,0.8
matched_shape_qc,X168,8,2122.0488280537143,2123.5796911190846,202.9193607457464,9.562426559800631,15.928920126161472,15.94722573121258,0.5183917158128198,3.2544058963634286,956.0795348235607,966.8134417280253,45.372830659239256,4.745717171700842,0.8341281922568211,0.8391528489346478,0.025538587470654843,3.0617101433243157,1.2116550751217585,1.183699557112821,0.1242284676076965,10.252791422114322,1.1434982950461052,1.0969901451388613,0.11754848792798926,10.279725683653055,1.3755785722333271,1.385126528076353,0.0861557314092263,6.263235932015702,0.9010096009765654,0.9152679708772917,0.0443938123074647,4.927118674356874,8,0.865057610033019,0.8421052631578947
matched_shape_qc,X170,8,2158.0031393630015,2152.24667482267,203.40067337598944,9.425411375260055,16.018837574238162,16.018747552600622,0.5129859659952289,3.2023919564564656,966.9057517948493,982.0787951882714,47.7819978116194,4.941743052300863,0.8342079662458866,0.8387213012833363,0.02508397691145875,3.0069212865878026,1.2640426887163745,1.253185660364879,0.11421620760822211,9.035787210968941,1.1347412119375628,1.1227289215205372,0.08105171638553152,7.142748983897066,1.4311764415076034,1.4320736761340078,0.129041621701977,9.016471900979894,0.9004054120794072,0.9052937444148679,0.03464496606877229,3.8477074442236847,8,0.8678707920880753,0.8421052631578947
matched_shape_qc,X172,8,2199.0638226780115,2205.805911383719,207.28050339547343,9.425852094781316,16.119770104573533,16.150557688018438,0.5167842566219757,3.2059033923526776,983.305732934193,1002.7888758933558,47.75144760898476,4.856215723109233,0.8305932667138161,0.8230543561800991,0.02311199702189142,2.7825890177670733,1.2428593344134105,1.2553422314351943,0.14061213548408946,11.313600146910742,1.1663759694458837,1.1406688747959606,0.09878230854010067,8.469165271557308,1.4457738582989934,1.480944398567083,0.16568502823183964,11.459954631270913,0.8934818450722479,0.887374535211841,0.02678597918227418,2.9979321158012153,8,0.8707605837454655,0.8888888888888888
matched_shape_qc,X174,8,2239.3695598237973,2250.6622962717715,211.89853530398526,9.462419205191765,16.217505159249455,16.259325090598956,0.5228098071727111,3.2237375726964568,997.4255609689329,1014.2017083457038,50.743293365834795,5.087426606206186,0.8290152701659924,0.8151581836616513,0.028293855836499435,3.4129474877868295,1.2292584244875124,1.1885770215921938,0.1599836435421099,13.014646908668398,1.1412885722448394,1.1130120068048308,0.09786565740400065,8.57501422374758,1.398832093810661,1.4419132367796823,0.1780001386381799,12.724910975789573,0.8883396033250092,0.8839888442366612,0.03627657968103494,4.083638683365414,8,0.8726458754415459,0.8888888888888888
matched_shape_qc,X176,8,2277.793174228255,2295.183149529058,224.98614850634394,9.87737390084032,16.308436542465007,16.365840904725196,0.5483886137756192,3.3626069080729346,1003.1546976961129,1024.006610458515,48.54871527036151,4.839604039323199,0.8336075086201653,0.8339993027253663,0.035077947666242136,4.207969254536245,1.2185125995707002,1.180915039330909,0.11259649038523346,9.240486345804126,1.17169577398011,1.1221269822955318,0.13279401811154665,11.333489550829505,1.4269554068759116,1.492068154745438,0.19512497642866344,13.674216831754963,0.8880525147857263,0.9030046577806774,0.050346594811701686,5.669326303732112,8,0.8766880425121945,0.8421052631578947
matched_shape_qc,X178,8,2323.17906997111,2315.8393155481,226.88756135912263,9.76625367763597,16.416627530472038,16.414674329192366,0.5410868436903281,3.2959683265395365,1009.6296268792653,1028.5457979472726,53.17593801181932,5.2668757528624175,0.8390980964894691,0.8359168350619441,0.02259380751203744,2.6926300520240782,1.1724814733862354,1.1351133699499643,0.10920665712002225,9.314147779633847,1.1850380049477374,1.1804457266326494,0.09577687376679943,8.082177395738746,1.3897718839165205,1.3431869998794956,0.17583279089597867,12.651917406795116,0.9047576264720623,0.8962330390612119,0.02341624278300253,2.5881232827304155,8,0.8769681440972886,0.8888888888888888
matched_shape_qc,X180,8,2367.3958476880143,2324.7099330364804,256.0992672222824,10.817762795030138,16.51667878616513,16.435580364307576,0.6011772723626061,3.6398193616634984,1017.1301167540938,1028.0286049797355,46.22264686634851,4.544418271071952,0.8428321927183919,0.8462361174611414,0.02934611220556753,3.481845195176673,1.1742171940749726,1.148790099518222,0.07371090496108586,6.277450656746174,1.165819989328703,1.1794222844876194,0.0910520383442212,7.810128422712186,1.3678346479593628,1.362460131330141,0.12343920259735625,9.024424317772034,0.9106421252939185,0.9106030843847288,0.022292790360887212,2.448029773901795,8,0.8792380495986583,0.8
matched_shape_qc,X182,8,2437.0343891171865,2330.3091171248907,326.92557673137486,13.414893864087135,16.66719877161252,16.44723096354086,0.7450439710253035,4.470121111738694,1054.1311376128288,1058.0106968661617,49.1588072505571,4.663443237421245,0.8284730460094236,0.8309939160833152,0.04767117242153708,5.754100589169299,1.2039559939646136,1.185124521597476,0.10847591234735907,9.009956584056622,1.1408249246284603,1.1122393086817481,0.11282651713921775,9.889906391724626,1.368608076041431,1.3984898953120384,0.12875545022349744,9.40776636331932,0.8909200191040821,0.905790376610297,0.05595585705307717,6.280682424146999,8,0.8805703759836441,0.8421052631578947
matched_shape_qc,X184,8,2494.7615576541593,2444.138222862314,318.27204910517065,12.757613974316806,16.800522817597454,16.712351715018634,0.7150675742986426,4.256222154882322,1066.108841935004,1092.504305848939,62.13156987328985,5.827882429013542,0.8324042076604339,0.8316359226377648,0.03699086650260099,4.443858664118002,1.1912611563796451,1.1999282965913436,0.10029990040464408,8.419639964545215,1.1399800219948688,1.1032761830061553,0.1133615522933832,9.944170082473029,1.3554317214512959,1.390478112574944,0.1445603838886753,10.66526491898026,0.8868256399931609,0.8971313848324578,0.04723640935092935,5.326459590330929,8,0.8856735853807691,0.8421052631578947
matched_shape_qc,X186,9,2260.555819217835,2371.4117418937467,492.30977966386524,21.778262473262316,16.198275428368603,16.545101960146628,1.2589785278948302,7.772299794890124,1017.4343455757312,1062.7647354836918,156.25529874476513,15.357777081561526,0.8161395794656376,0.8082138431984591,0.03979652435945855,4.8761909556592125,1.1860040527137974,1.1780220600503952,0.11800498965906907,9.94979649429121,1.1708866959217097,1.175651441846512,0.07691632445132557,6.569066393804897,1.3877100469325772,1.4348096645549495,0.1539231213717541,11.091879150978905,0.8662781140834521,0.857323647836272,0.05398683652166132,6.232044379740678,9,0.8912032361588007,0.8571428571428571
matched_shape_qc,X188,9,2136.3858150266606,2238.8767477411097,554.0348601423281,25.93327741859277,15.868803985410235,16.2309468099564,1.4132565160297237,8.90587921641146,989.3814148829484,1063.9003461795553,155.41252739430504,15.708050005436132,0.8050458677122784,0.8127184567257242,0.05460317356347521,6.7826164636609585,1.223412668006745,1.207384550150269,0.13048208849879817,10.66541911090288,1.1734529358755483,1.1817805177116654,0.11158583159533723,9.509186792572955,1.4369218876509775,1.4196938759891402,0.21713863360705826,15.111373518154688,0.8551438558143787,0.8741246705455608,0.06887605816513938,8.054324158073577,10,0.8796710670387611,0.8333333333333334
matched_shape_qc,X190,10,2088.9947682778625,2139.286765584326,644.1471440097833,30.83526841672318,15.705243118238565,15.980678221757556,1.6536738716420318,10.529438221313578,951.6620673356931,1031.084895398028,187.1441108465788,19.66497533841126,0.8233189390576465,0.839334444411451,0.05960823231108125,7.239992848859711,1.1815893736013439,1.139355506131591,0.10552371396854537,8.930658681105234,1.1950562139554675,1.1784641145247359,0.12609797832014544,10.551635717852879,1.4135482329216091,1.362697294175578,0.20885854568215725,14.775480653424573,0.8808190062099748,0.8874603039423039,0.0670498987801675,7.612222069170899,10,0.8892301427629831,0.8695652173913043
matched_shape_qc,X192,8,1866.5677046339301,1757.2420625031966,587.6156104785774,31.481076685285316,15.128615708982736,14.900807217808289,1.600976399969657,10.582438147457632,925.8503071116079,908.6950623474212,207.46030544222174,22.40754297413795,0.7871392875499901,0.8014437626219827,0.039118438646032885,4.96969713807463,1.224403211880571,1.2277211545676956,0.10112913582849636,8.259463455112249,1.2981713206112109,1.2372330732940466,0.2117457728521207,16.311080786504018,1.5852576771704405,1.549007324932209,0.2607570381159351,16.448874014057182,0.8208227270524672,0.8175390470480959,0.04708724447126012,5.736591217490776,10,0.8827523941930088,0.782608695652174
matched_shape_qc,X194,11,1754.4491429630123,1581.7380488855674,522.8188209330604,29.799599665231366,14.837942170666588,14.45590592007711,1.428200672693716,9.625328473898175,874.1197405211129,777.7766852974003,189.03182750020704,21.625392808028145,0.801710625821534,0.8157975302394428,0.04925984872355943,6.144342751236653,1.341155687151865,1.3302347462411277,0.1352407732932518,10.0838981326959,1.157644889258295,1.1243978504625332,0.14734117071596975,12.727665632452409,1.5492043164942315,1.510238397722685,0.21883347906054873,14.125540235761637,0.8593445302041585,0.8713486001577742,0.06813567460238344,7.928795984329607,12,0.9041028224123248,0.8888888888888888
matched_shape_qc,X196,11,1782.778688606111,1404.954820925642,585.186866249355,32.82442571191442,14.89206033898942,13.89593942231849,1.5697995695309883,10.541184589623516,894.9086487762744,805.783576267419,171.5728342983869,19.17210594992024,0.7850376315887272,0.7873379374559946,0.05562685677319564,7.085884107316011,1.3098751762340446,1.2962265427074526,0.14167202289921685,10.81568881292421,1.2215865110171171,1.152060156265433,0.14272358996239293,11.683461521162217,1.5979604076272624,1.5056637536936308,0.24282895203471683,15.196180761154295,0.8342859849972307,0.8512105846900322,0.07814693143063428,9.366923673168701,12,0.8776292315034626,0.8888888888888888
matched_shape_qc,X198,12,1771.4007982972983,1495.6322441401992,562.3954241870904,31.748626551804357,14.870222261716497,14.188051992445665,1.5072290061131361,10.13588754482513,874.8657059692047,783.945168988484,161.87717433439946,18.503088328861477,0.7999040885880425,0.8049138639042608,0.04962502495298729,6.203871896764939,1.2564162674051482,1.25247081215173,0.13639087975581238,10.855548697845004,1.2129096818026741,1.1666858354228518,0.15795486435597705,13.02280513757779,1.5269211738341435,1.4540265343525745,0.28194292484346317,18.464798948035824,0.855958939414846,0.8699176791058434,0.06841141993472197,7.99237168800289,12,0.8843353442895777,0.9230769230769232
matched_shape_qc,X200,12,1798.4390555432053,1501.000750232458,558.066418532474,31.03059938630582,14.953298246563874,14.205608627344093,1.471337410931522,9.839551025270437,874.1115641561078,784.7224000471381,151.42224142972918,17.322988007362255,0.8087054050804956,0.8196129969829806,0.050072271737382074,6.191657854988376,1.2231143770755095,1.199744055222339,0.09046855986151504,7.396573988266506,1.200466092415634,1.1301268741190098,0.21152033562742217,17.61985090322635,1.4654429088398924,1.3726725166067038,0.25213443645345135,17.205340101106483,0.8624735670138177,0.8944289041026414,0.07250271865748927,8.406369937634008,12,0.8851794552383249,0.9230769230769232
matched_shape_qc,X202,12,1825.8163395410322,1460.6950130866717,632.3441978670842,34.63350525311,15.000325133347232,14.077330073976592,1.6215324408406142,10.809981959896218,876.3257894469292,781.616270183674,167.82447326486945,19.150922554816926,0.8118314988294575,0.8151542968421408,0.0389043359042761,4.792168813401608,1.2146864553368812,1.2016299095477643,0.11349205410580411,9.343320953910549,1.2234873690315096,1.1573552142133225,0.16523917328276239,13.505588816463444,1.4824627450098744,1.4114450463846473,0.21636011594145313,14.594641023509295,0.8751489357853107,0.8822373533413927,0.0492337726090895,5.625759296034544,12,0.8854119595581682,0.9230769230769232
matched_shape_qc,X204,12,1832.6388160332783,1459.2060914751469,656.5558123591055,35.82570698683615,15.008369974243571,14.072542627552991,1.6742811610642439,11.155649573788098,887.0149205971369,807.6927147661785,159.35187893742096,17.96496036731215,0.8012198667904912,0.7974427732730309,0.04389430357442187,5.478434246800782,1.264167247060197,1.2045386969730965,0.1650787730030457,13.058301691246472,1.2469443743418072,1.186815551484027,0.15812426818771752,12.680940019572448,1.580509891381306,1.5369987605155402,0.32163873822514893,20.350314792655226,0.8509385470149979,0.8645511823119878,0.06190607045714016,7.275034216548313,12,0.8820414679695078,0.8571428571428571
matched_shape_qc,X206,12,1839.0139170178352,1429.4486299715722,678.7563858541419,36.90871393484724,15.016295344380552,13.976110861911323,1.7194214204423712,11.450370287807498,892.6696673355145,813.2224364380179,158.05889438725487,17.706314011882696,0.7965092738262691,0.7892677844193101,0.04950751570700827,6.215560487975765,1.264982223921806,1.1743169077222184,0.2026499657310191,16.01998525344857,1.2392829261036098,1.2229800612400625,0.1259117305794867,10.160047227904753,1.5712899051950073,1.4837514727448284,0.3266785480557936,20.790469471975044,0.8412883118991733,0.8662063865117714,0.0701289746837991,8.335902649768883,12,0.896947006781394,0.8571428571428571
matched_shape_qc,X208,9,1823.7868391910513,1623.9730929082589,562.3293258597646,30.833061944299818,15.024226717586442,14.583443015726102,1.5011102207434723,9.991264435502456,888.2890053460166,845.3189042508927,146.57633088118797,16.500973219193664,0.8026653753505969,0.8152379436944817,0.05817437020516286,7.2476491439228745,1.2823011570452745,1.1795874094196095,0.2520713259984402,19.65773208684239,1.2075738966420555,1.1811443443169312,0.09867470740471677,8.171318349883606,1.5375278984351142,1.4796313843759024,0.2591325699950775,16.853845075515114,0.847428755829999,0.8562638785236091,0.08083071774625274,9.538349647703958,12,0.8107590394738948,0.6896551724137931
matched_shape_qc,X210,12,1798.6837140239725,1522.5586575091843,608.0190406384266,33.80355511632342,14.936766870928144,14.27332421311886,1.5542479202240682,10.405517697736485,878.0395795154221,836.8055984858497,138.74845275127473,15.802072707001212,0.8013081228474187,0.7914169718756809,0.05930257736553642,7.400720855643758,1.2482273276977518,1.2338047843344129,0.1702065938817373,13.635865046767464,1.1986453113102131,1.1816906721429645,0.10316949591158282,8.607174694473255,1.4968079756252433,1.4358030727442754,0.2531132292368772,16.910200463833533,0.8654648229374716,0.862210814805516,0.06746512272806561,7.795247240561718,12,0.8407841043438465,0.8
matched_shape_qc,X212,10,1888.5733369304598,1533.0230502437041,664.9044740548214,35.20670662096212,15.165447832960862,14.305264884146473,1.6804475260725056,11.080764277993758,884.6507254855323,842.9513737670588,151.59787599309928,17.136466587974162,0.8205035536757481,0.8283208183997199,0.05963631025422421,7.268257399625068,1.3321632687462646,1.2875283596742157,0.2723862531766343,20.446912144108616,1.1127582921640033,1.125827560536671,0.06511797825058496,5.85194275424798,1.4850015640648544,1.4500592046228793,0.32461491030253237,21.85956689594136,0.8754665927127107,0.9071018299085046,0.08263109350857166,9.438520463988455,12,0.8428435899852355,0.8275862068965517
matched_shape_qc,X214,11,1747.9825333518822,1509.598748270841,529.2483153123314,30.277666121609336,14.83086295548843,14.232711129905718,1.344697178174392,9.066884254882568,870.1776810267835,868.6040009033582,121.00751808403102,13.906070073096542,0.7981517004180719,0.8206575803767783,0.07011018819297467,8.784068010661501,1.3137534464566067,1.2233910517683495,0.22233324653109968,16.923513854960103,1.210613335031068,1.1871360667661854,0.2197754655655736,18.154059533792722,1.6007291381997921,1.4425226561110367,0.4362402039817447,27.25259343203735,0.8425385817408962,0.8604416940122489,0.10888008033301276,12.922859877590314,12,0.8358137912536943,0.8
matched_shape_qc,X216,12,1457.982799071312,1433.6637460830725,118.86224478588863,8.152513518101863,14.059044055611821,13.989751278749367,0.38334112876686194,2.726651451197687,798.284959488521,776.3374458185637,97.39949783557326,12.201093942441215,0.7853725013484705,0.8049179226939507,0.06673571778319484,8.497333134100165,1.3968620386322925,1.1961722510093384,0.3986113693003612,28.536201734757782,1.2735144951580584,1.2458791059594407,0.19121307023588055,15.014597082552148,1.7833145469746645,1.5143490367271482,0.5902000015318601,33.09567583201266,0.8461883783705612,0.8808651729874268,0.0798935531965955,9.441580059329137,18,0.873054197247862,0.8
unmatched_shape_qc,X001,2,784.053538192846,784.053538192846,41.75717768945164,5.325806932227763,11.438802330009715,11.438802330009715,0.2031549084210593,1.7760155526779418,540.469300774113,540.469300774113,14.627310643992786,2.706409156457568,0.7606042641700002,0.7606042641700002,0.006430666889308358,0.8454681615972456,1.4053251627655086,1.4053251627655086,0.1330169863371861,9.465210604741815,1.2688850710765927,1.2688850710765927,0.11933484700169034,9.404701002624298,1.7752593381848492,1.7752593381848492,0.0010790048766069562,0.06078012679038811,0.8518939204068176,0.8518939204068176,0.004290090748586941,0.5035944788217563,4,0.8207501635686935,0.8
unmatched_shape_qc,X003,2,890.6896845957192,890.6896845957192,113.37904141106101,12.729353822316169,11.92660835287676,11.92660835287676,0.5072803741009596,4.253349813223312,611.730501834376,611.730501834376,67.72511452131003,11.071070400809665,0.7322139864572099,0.7322139864572099,0.018921993944487004,2.5842164031911445,1.410951430334411,1.410951430334411,0.1593322234656743,11.29253778976012,1.1973245646379047,1.1973245646379047,0.05479031567744686,4.576062105099846,1.685001875639741,1.685001875639741,0.11346591082025999,6.733874452049535,0.7961244448290503,0.7961244448290503,0.07535549137184731,9.465290490863925,4,0.7933208052565504,0.8
unmatched_shape_qc,X005,2,872.5919472612688,872.5919472612688,80.78590342760405,9.258153674367497,11.8503272288715,11.8503272288715,0.3661726627683225,3.0899793372473217,576.6013611667738,576.6013611667738,37.724415684811035,6.542547108885471,0.7655864129913084,0.7655864129913084,0.002804170435143024,0.3662774557592442,1.3906618972614513,1.3906618972614513,0.12690187338270983,9.125285853636331,1.283426416010276,1.283426416010276,0.15155843918257378,11.808891985698407,1.775195689754701,1.775195689754701,0.047897330039060784,2.698143664695316,0.8519244400686261,0.8519244400686261,0.03590933044922263,4.215083962884077,4,0.7970688994918184,0.8
unmatched_shape_qc,X007,2,889.6201775226519,889.6201775226519,94.96199073979005,10.674442097776282,11.925037332710728,11.925037332710728,0.4250289368224581,3.564172798491718,567.0164641348348,567.0164641348348,31.145157667503014,5.49281363725918,0.7880514703740409,0.7880514703740409,0.012878372232757559,1.6342044545193177,1.3859906179148083,1.3859906179148083,0.13294240577112254,9.591869097290962,1.2658828479405295,1.2658828479405295,0.08365148075992848,6.608153423993497,1.748941336075581,1.748941336075581,0.05234934372167159,2.9932018096808997,0.9109963668341758,0.9109963668341758,0.0020975402249785156,0.23024682658919104,4,0.8002048504946329,0.8
unmatched_shape_qc,X009,2,953.8115726336048,953.8115726336048,155.96661752047345,16.351931764659575,12.19473828546042,12.19473828546042,0.6673445185906842,5.47239721730107,620.058763600633,620.058763600633,75.54498112769292,12.183519621432183,0.7551725602135393,0.7551725602135393,0.00954160902463625,1.2635004934419465,1.3627987947938862,1.3627987947938862,0.20664784704619465,15.163489125146217,1.2304603893372064,1.2304603893372064,0.1610818564098471,13.091185852525872,1.6602263262177113,1.6602263262177113,0.03474983055365444,2.093077913830019,0.808801983699704,0.808801983699704,0.07249274970688169,8.962978722588934,4,0.795517697569996,0.8
unmatched_shape_qc,X011,2,1007.5176042831147,1007.5176042831147,129.72009603242992,12.875218803221852,12.426532417132375,12.426532417132375,0.5346302289147052,4.302328364569461,627.9002590430109,627.9002590430109,58.052471532154314,9.245492527847125,0.7735558450001021,0.7735558450001021,0.005038793231762658,0.6513806681613262,1.3748443304027447,1.3748443304027447,0.22640974071587106,16.46802737656466,1.245947746423393,1.245947746423393,0.1344548093809306,10.791368238908529,1.6977632558833093,1.6977632558833093,0.09724027384049032,5.727552030798211,0.8543455531573562,0.8543455531573562,0.03995430731653705,4.676598030958339,4,0.7893490412935025,0.8
unmatched_shape_qc,X013,2,974.992006825719,974.992006825719,108.15939419987947,11.093362144784546,12.29428030923126,12.29428030923126,0.4554480252177288,3.704552147519786,601.1231333472708,601.1231333472708,31.656795744217867,5.266274742737214,0.7900338231761379,0.7900338231761379,0.016921930989064585,2.141924876207717,1.3199039632104848,1.3199039632104848,0.1151008720351522,8.720397486737228,1.3133815451900546,1.3133815451900546,0.08189287173747489,6.235268954203592,1.7288245362286405,1.7288245362286405,0.043080635201270256,2.4919032729168045,0.8827712086330902,0.8827712086330902,0.003654103928832872,0.4139355580582422,4,0.7994198556772115,0.8
unmatched_shape_qc,X015,2,975.8308359026344,975.8308359026344,98.55049819747717,10.099137532000501,12.299251624464631,12.299251624464631,0.41466683830037976,3.3714802409242495,612.3899439148195,612.3899439148195,25.836363952719292,4.218939943323598,0.7760591152100406,0.7760591152100406,0.019586010736978084,2.523778195901626,1.3383174502730268,1.3383174502730268,0.07494553020327288,5.5999815430922935,1.2777255402999401,1.2777255402999401,0.0959692443826185,7.510943575573371,1.7064061542912106,1.7064061542912106,0.03267749637473236,1.914989364786111,0.8752848685560272,0.8752848685560272,0.008167018408578395,0.9330697584263816,4,0.7981326480088652,0.8
unmatched_shape_qc,X017,2,1013.7878516330574,1013.7878516330574,153.59405060629982,15.150512048342588,12.4478097929558,12.4478097929558,0.6307870925776188,5.067454460419056,613.0702671500312,613.0702671500312,58.07215515804268,9.472348973634242,0.7947829303392323,0.7947829303392323,0.005187491143872377,0.652692822889167,1.3034450447324935,1.3034450447324935,0.03752474238095717,2.8788894884830674,1.2818898139811816,1.2818898139811816,0.05832868164783565,4.550210245191318,1.669778541550701,1.669778541550701,0.02792564602923345,1.672416151862826,0.8951799291548885,0.8951799291548885,0.020329940984617052,2.271045219234296,4,0.7968878082667593,0.8
unmatched_shape_qc,X019,2,1068.6053318094803,1068.6053318094803,142.32435776397625,13.318701818844286,12.671945235507533,12.671945235507533,0.5640653031210273,4.45129214684801,635.4700311808723,635.4700311808723,47.209428357785875,7.429056610279198,0.7942082782429827,0.7942082782429827,0.01167145869280741,1.4695715233072157,1.27039229307744,1.27039229307744,0.11154357849612048,8.780246787070286,1.3319537948942546,1.3319537948942546,0.08061280903701702,6.0522226330994435,1.6876079151726038,1.6876079151726038,0.04616100135004303,2.735291825490272,0.8928765137409496,0.8928765137409496,0.0223956492163975,2.5082582945949405,4,0.7904518677427044,0.8
unmatched_shape_qc,X021,2,1106.9398206245153,1106.9398206245153,160.1186096202767,14.464978731178059,12.819409865104614,12.819409865104614,0.6200355226030909,4.836693179542325,654.3278966659844,654.3278966659844,71.48814788164205,10.925431766840088,0.7904958714016277,0.7904958714016277,0.010039696271112841,1.2700504372415586,1.2924116130845587,1.2924116130845587,0.12352495092514237,9.557709763248662,1.3065462647727748,1.3065462647727748,0.08453942467087924,6.470450144035407,1.6833742014827315,1.6833742014827315,0.05213132902935346,3.0968354500999067,0.8840037166694712,0.8840037166694712,0.04668967151857955,5.2816148437118855,4,0.787953852356947,0.8
unmatched_shape_qc,X023,2,1117.8236278974928,1117.8236278974928,200.8971034576319,17.9721646996761,12.853068636950194,12.853068636950194,0.7737095148018985,6.01964819963403,659.5930486045197,659.5930486045197,66.19939802010491,10.036400195569207,0.787479829787304,0.787479829787304,0.015695596502981423,1.993142669726634,1.2741960620514403,1.2741960620514403,0.19773651061744985,15.518530978591823,1.3316176697938378,1.3316176697938378,0.12531347065133036,9.410619391280045,1.684352466799445,1.684352466799445,0.10363550067564914,6.1528393087804325,0.8868790636145016,0.8868790636145016,0.015300757937174227,1.7252361189828453,4,0.7905324460689582,0.8
unmatched_shape_qc,X025,2,1111.0710538283236,1111.0710538283236,133.33826057654454,12.000876102127958,12.840024337541188,12.840024337541188,0.5147387985450046,4.008861548961636,649.7227613436698,649.7227613436698,44.15128168420457,6.795403256751662,0.7974848717329255,0.7974848717329255,0.0097229438850884,1.219201044398567,1.2987700849074697,1.2987700849074697,0.14629050819276027,11.26377254086374,1.3014985975679512,1.3014985975679512,0.04708186213557252,3.617511553493194,1.6869036293010433,1.6869036293010433,0.12924837716696103,7.6618708337543975,0.9074014178492975,0.9074014178492975,0.010276804913392567,1.1325533232855665,4,0.7937214791842587,0.8
unmatched_shape_qc,X027,2,1154.753078008694,1154.753078008694,86.62834945375594,7.501893790414623,13.012504323552319,13.012504323552319,0.3256664754505659,2.5027194408774753,682.7693571620739,682.7693571620739,15.909062645142557,2.3300785951010554,0.7791090912443082,0.7791090912443082,0.020843917084920668,2.675352825318857,1.3296276855089348,1.3296276855089348,0.09998250766199106,7.519586779942934,1.2509763783063566,1.2509763783063566,0.04216680373417794,3.370711427122691,1.6612248551251136,1.6612248551251136,0.0690096056746006,4.154139968571756,0.8863797770885071,0.8863797770885071,0.005303252650039058,0.5983047884348918,4,0.7888837130515796,0.8
unmatched_shape_qc,X029,2,1149.1538939202837,1149.1538939202837,107.18071034778292,9.326924001635764,12.989215193435035,12.989215193435035,0.40435311417941,3.1129911096074285,669.4841982325872,669.4841982325872,25.234464787946752,3.7692397900599866,0.7917438959381835,0.7917438959381835,0.01945004604022385,2.4566082719433355,1.31945329700942,1.31945329700942,0.08714667959073479,6.604756666132506,1.2271188914215365,1.2271188914215365,0.04500537921594341,3.667564694062173,1.6171650324274953,1.6171650324274953,0.04755684086081488,2.9407537206903505,0.9057116564005869,0.9057116564005869,0.009186555681009078,1.014291426646491,4,0.7881838865828066,0.8
unmatched_shape_qc,X031,2,1180.6728964853808,1180.6728964853808,130.69877988452674,11.069855187968658,13.10430181916351,13.10430181916351,0.48442325070599423,3.696673484714629,680.5689848764184,680.5689848764184,31.640373711547294,4.649106029610317,0.7927298516944525,0.7927298516944525,0.021751756072529715,2.743905256757462,1.266791426096085,1.266791426096085,0.10987145806887051,8.673208217667307,1.260474848873029,1.260474848873029,0.020775592008728135,1.6482353477582887,1.5956174090689905,1.5956174090689905,0.11217186767609162,7.029997732447753,0.8857507923593089,0.8857507923593089,0.011320472400465792,1.2780651734233608,4,0.7882941624968232,0.8
unmatched_shape_qc,X033,2,1190.3823430506768,1190.3823430506768,121.47542600567772,10.204740242900789,13.141475714090163,13.141475714090163,0.44770946620512936,3.4068431578433738,673.2854548217167,673.2854548217167,29.18635597795372,4.3349155650009035,0.8058563536481251,0.8058563536481251,0.019972964778822846,2.478477049713004,1.2859529090633437,1.2859529090633437,0.10849966591199338,8.437296976218349,1.2595034248127532,1.2595034248127532,0.01510327769398306,1.199145424811244,1.6188427428212182,1.6188427428212182,0.11723359692022668,7.241815021261378,0.9191402074309244,0.9191402074309244,0.003996420515924461,0.434799879671764,4,0.7912180287540331,0.8
unmatched_shape_qc,X035,2,1173.0814933392962,1173.0814933392962,173.1084134753759,14.756725296433167,13.069189814290267,13.069189814290267,0.6449480453430556,4.934873963172904,672.1226875573223,672.1226875573223,50.511718921216364,7.515252773982347,0.7986263186481202,0.7986263186481202,0.018777311049875702,2.3512011326725517,1.2837812389170717,1.2837812389170717,0.07544889143376148,5.877083193504687,1.247487244201757,1.247487244201757,0.01109126769640793,0.8890886658728937,1.6010823079684307,1.6010823079684307,0.07988276826832515,4.989298043626889,0.903377079896808,0.903377079896808,0.004030090648222345,0.446113891740833,4,0.795172718769296,0.8
unmatched_shape_qc,X037,2,1190.193606508371,1190.193606508371,182.5986811320694,15.341930937417208,13.131133899720407,13.131133899720407,0.67388022184706,5.131927120638139,672.3366023219513,672.3366023219513,49.33449049813797,7.337766578192917,0.8058858078482063,0.8058858078482063,0.023560752381758178,2.9235844771441855,1.2633430563481998,1.2633430563481998,0.12476789176404211,9.876010410402245,1.2550742118534255,1.2550742118534255,0.016494141937498923,1.3141965456481868,1.5845603210887154,1.5845603210887154,0.13575520373320762,8.56737366993598,0.9099551126157296,0.9099551126157296,0.0016508573365326944,0.18142184308269774,4,0.794322993243189,0.8
unmatched_shape_qc,X039,2,1185.3703393161072,1185.3703393161072,199.32527787699192,16.815443348446827,13.109881760823697,13.109881760823697,0.7379308706115719,5.62881408142622,672.5308438085906,672.5308438085906,46.31851812834568,6.887196112231905,0.8029152035518012,0.8029152035518012,0.035083690270912904,4.36953866556712,1.2766481059071104,1.2766481059071104,0.16489055664007934,12.91589717457168,1.263797636358173,1.263797636358173,0.008845461881050554,0.6999112537146462,1.6141541252731977,1.6141541252731977,0.21968083789583234,13.609656875773933,0.901736976707221,0.901736976707221,0.025360953929483114,2.812455803031508,4,0.800943199116497,0.8
unmatched_shape_qc,X041,2,1203.0696328390227,1203.0696328390227,180.52268508216795,15.005173445876752,13.179072553537784,13.179072553537784,0.6613935411167645,5.018513544332984,668.6887875583487,668.6887875583487,44.538456389135284,6.660565754626015,0.8161203473272853,0.8161203473272853,0.027544921500672375,3.3751053494597105,1.2703892998184558,1.2703892998184558,0.1178212669484935,9.274422176362055,1.2398587114339148,1.2398587114339148,0.011576495034452971,0.9336946966372148,1.574421261636453,1.574421261636453,0.13137506879710012,8.344340361648122,0.9085563887168662,0.9085563887168662,0.020846591703694368,2.2944741749200115,4,0.7961856445685611,0.8
unmatched_shape_qc,X043,2,1206.823392958219,1206.823392958219,158.42815569392812,13.12770009417716,13.196670122403983,13.196670122403983,0.5789545571464589,4.387126083901786,679.4572514054914,679.4572514054914,53.04656211254752,7.807196406075296,0.8056958980156834,0.8056958980156834,0.007750081687108931,0.9619115234663974,1.2566901339661736,1.2566901339661736,0.10564089483258787,8.406280273656657,1.2572652250792902,1.2572652250792902,0.015537223923479256,1.2357952493674826,1.5791721210166594,1.5791721210166594,0.11329314740541134,7.174211467998438,0.9084000022011334,0.9084000022011334,0.010961961148423856,1.2067328403635025,4,0.7972744149196461,0.8
unmatched_shape_qc,X045,2,1198.267336373682,1198.267336373682,144.19275420888798,12.033437767339858,13.167436811642265,13.167436811642265,0.5293027248960205,4.019785570020935,680.4693877319879,680.4693877319879,44.79850744155011,6.583471387429203,0.8007312395031385,0.8007312395031385,0.011638251328719387,1.4534528883800055,1.2497305877271763,1.2497305877271763,0.11181102185874586,8.946810053044398,1.2949118772588042,1.2949118772588042,0.0011252409396903037,0.08689710546730975,1.6182280742518949,1.6182280742518949,0.1433791721924399,8.860257368771947,0.9017882431361773,0.9017882431361773,0.006136399579048139,0.6804701243062773,4,0.7995577773505095,0.8
unmatched_shape_qc,X047,2,1218.5879707619579,1218.5879707619579,134.79145781147565,11.061282488058152,13.243113821241737,13.243113821241737,0.4891741751846145,3.693800278300011,685.1830214421868,685.1830214421868,31.312370257829418,4.569927928442027,0.8041557815002552,0.8041557815002552,0.02265619497640103,2.817388806697753,1.2584218993352656,1.2584218993352656,0.1258424358568202,10.000019542197556,1.262733292487825,1.262733292487825,0.04392010256382216,3.4781772861386426,1.5862877219415454,1.5862877219415454,0.10363541447680585,6.533204099314387,0.9120933135247569,0.9120933135247569,0.013743345224680825,1.5067915772312908,4,0.7997412123178383,0.8
unmatched_shape_qc,X050,2,1233.8336892348957,1233.8336892348957,101.60517809947535,8.23491682760592,13.302159354201835,13.302159354201835,0.36550811735096406,2.7477352181584616,683.2562211124725,683.2562211124725,29.75657424400606,4.35511208307136,0.813704510748468,0.813704510748468,0.00927336596015433,1.1396478497611413,1.2300471819333132,1.2300471819333132,0.047083019810649614,3.8277409600375973,1.271857068773388,1.271857068773388,0.010262079368281577,0.806857910392289,1.5642026184235724,1.5642026184235724,0.047260029757641445,3.021349612959402,0.9127711006317564,0.9127711006317564,0.00532236770557616,0.5830999362153764,4,0.8021446582020876,0.8
unmatched_shape_qc,X052,2,1249.8762953309033,1249.8762953309033,86.45040693519312,6.916717058971462,13.361050037486741,13.361050037486741,0.3082672974415023,2.307208614417317,685.5957704845723,685.5957704845723,28.815481290904216,4.202984109796611,0.8181652463409115,0.8181652463409115,0.003359413767642175,0.410603332598948,1.2442588445738803,1.2442588445738803,0.02354413956626903,1.8922219977734747,1.2642730678077343,1.2642730678077343,0.019136283774008243,1.513619506835719,1.5728576729083488,1.5728576729083488,0.005955731220255146,0.37865671655099525,0.9143456892164972,0.9143456892164972,0.013129542540596747,1.4359495205634374,4,0.802647626837942,0.8
unmatched_shape_qc,X054,2,1260.0051564346568,1260.0051564346568,19.870247906202053,1.5769973483622417,13.400424804515236,13.400424804515236,0.07044404341798947,0.5256851513711234,694.3884953751065,694.3884953751065,9.861597600703751,1.420184474020778,0.8124597671280288,0.8124597671280288,0.0029968085114375816,0.36885623543317425,1.2517304082890255,1.2517304082890255,0.02441306901760873,1.950345606046165,1.2570603623148304,1.2570603623148304,0.04536183020356064,3.608564199735683,1.5729469698185303,1.5729469698185303,0.026092080856947787,1.6588023218581875,0.9069372872027086,0.9069372872027086,0.02124808605457658,2.342839615748144,4,0.802344804683834,0.8
unmatched_shape_qc,X056,2,1244.3400234232613,1244.3400234232613,53.64966934674579,4.311495920476142,13.343464800110855,13.343464800110855,0.1918204855036061,1.4375612959387616,681.5210451021596,681.5210451021596,18.48113171154494,2.7117477654376216,0.8208108651056729,0.8208108651056729,0.0013390820421936196,0.16314136412183375,1.268227202512091,1.268227202512091,0.02294451847234635,1.8091804391908712,1.2472387130986808,1.2472387130986808,0.011988816762287309,0.9612287236099254,1.5816445251640885,1.5816445251640885,0.013412748148252572,0.8480254529291946,0.9191124630712313,0.9191124630712313,0.01787505750812439,1.9448172260002388,4,0.8094004514138504,0.8
unmatched_shape_qc,X058,2,1258.2436153731346,1258.2436153731346,122.89896615418174,9.767501670790184,13.387250278159527,13.387250278159527,0.4364843206470611,3.2604479006354157,691.8808788214715,691.8808788214715,42.24306135821599,6.105539645808903,0.8140992846534808,0.8140992846534808,0.0033598945084943343,0.4127131139691966,1.2849874787909679,1.2849874787909679,0.003986484003371266,0.31023524113418677,1.2534848110002415,1.2534848110002415,0.006839177274684568,0.5456130951620483,1.6106986548545725,1.6106986548545725,0.0037912600156801896,0.23537984614648458,0.9067317985743399,0.9067317985743399,0.018338592210834722,2.0224935575953777,4,0.8110758823292546,0.8
unmatched_shape_qc,X060,2,1296.0748067420202,1296.0748067420202,51.48470203756252,3.9723557444173356,13.526093872999564,13.526093872999564,0.17914340960315125,1.3244282590759826,695.3366346285766,695.3366346285766,15.86842071400667,2.28212061953028,0.82664582495387,0.82664582495387,0.0030306026259161105,0.3666143993511647,1.2844027070832666,1.2844027070832666,0.00046023928761431136,0.03583294282051638,1.2418166973181104,1.2418166973181104,0.02512955458969851,2.0236122323020425,1.5949985105407338,1.5949985105407338,0.032848000774926264,2.059437708427087,0.9199289506855977,0.9199289506855977,0.012599960193339721,1.369666666534336,4,0.8063318154718188,0.8
unmatched_shape_qc,X062,2,1349.8856920261446,1349.8856920261446,83.98886876173773,6.2219245124135325,13.709006333559962,13.709006333559962,0.2844845803033494,2.0751655764205506,719.0841638180691,719.0841638180691,31.03714423570466,4.316204666628866,0.8212800005246887,0.8212800005246887,0.001370851213408203,0.16691642467032086,1.2432109743052067,1.2432109743052067,0.00021664203714174163,0.017426007461269103,1.262772263911768,1.262772263911768,0.015590202081655855,1.2346012441991019,1.5698906477967713,1.5698906477967713,0.019108340763850276,1.217176546065005,0.9098151605101017,0.9098151605101017,0.02562808295118554,2.816845010234471,4,0.8029071721449217,0.8
unmatched_shape_qc,X064,2,1324.9724684417565,1324.9724684417565,139.9814479362301,10.564857102340873,13.618610531180877,13.618610531180877,0.4803910952399005,3.5274604126464104,716.6162857717953,716.6162857717953,49.108338917382994,6.852808105594941,0.8135222163248585,0.8135222163248585,0.001612442207205761,0.19820506125697185,1.251689996852301,1.251689996852301,0.009435184713579639,0.7537956472694403,1.3024909582110324,1.3024909582110324,0.012979146367885037,0.9964864850740965,1.6303761337050204,1.6303761337050204,0.028535110454852033,1.7502163988383563,0.904693517112295,0.904693517112295,0.026961792748287774,2.9802128829603567,4,0.8100852518320499,0.8
unmatched_shape_qc,X066,2,1383.2920600143011,1383.2920600143011,118.30211775797058,8.552215484902552,13.818524595221799,13.818524595221799,0.39435771674658715,2.8538337362220934,738.4562913385607,738.4562913385607,38.003288542039556,5.146315223769439,0.812573560153839,0.812573560153839,0.00454919982769409,0.5598508308383577,1.262118365720319,1.262118365720319,0.015195971320765942,1.204005244951274,1.2564705914352643,1.2564705914352643,0.007670999593657685,0.610519629026503,1.5857563252930045,1.5857563252930045,0.009411581602247464,0.5935074293655086,0.9071589002974415,0.9071589002974415,0.02600678603968474,2.8668390985479575,4,0.8076084181818769,0.8
unmatched_shape_qc,X068,2,1443.0796024714482,1443.0796024714482,131.32157869949717,9.100092501799145,14.014052227724807,14.014052227724807,0.42561996788862555,3.037094203535199,747.7969923116727,747.7969923116727,33.44541191820159,4.472525600138005,0.8251604554434357,0.8251604554434357,0.013211119769034661,1.6010364628943703,1.2291510799367025,1.2291510799367025,0.028100364995943088,2.286160379681737,1.2277626032609987,1.2277626032609987,0.02629647260186713,2.1418206200467735,1.509475199943263,1.509475199943263,0.06682291497711425,4.426897174569409,0.9199670245035718,0.9199670245035718,0.003501153344884527,0.3805737870630529,4,0.8059176413031603,0.8
unmatched_shape_qc,X070,2,1463.777709944336,1463.777709944336,119.25114452363997,8.14680697167979,14.082025955801338,14.082025955801338,0.38278853148205333,2.7182774174930198,752.2943424659952,752.2943424659952,30.721295675338325,4.083680275280944,0.828195512622659,0.828195512622659,0.011200246194360396,1.3523674088612738,1.2307574267467607,1.2307574267467607,0.05052672783082712,4.105336009580989,1.23618537213021,1.23618537213021,0.007565439579206526,0.6119987948223061,1.5216354560382335,1.5216354560382335,0.07177162279478527,4.716742272925973,0.9212964341841523,0.9212964341841523,0.010548327764880861,1.1449439478425703,4,0.8062571551785653,0.8
unmatched_shape_qc,X072,2,1500.2877455170799,1500.2877455170799,95.25856160406184,6.349352775072532,14.200205458236436,14.200205458236436,0.30072007837997794,2.1177163898396527,777.6631004030979,777.6631004030979,35.79881031089113,4.603382916372782,0.8148579804112533,0.8148579804112533,0.003008940982666592,0.36925955872064964,1.259306000744647,1.259306000744647,0.00011325526287682683,0.008993466465645146,1.2199688982875965,1.2199688982875965,0.009750368383269497,0.7992308981774499,1.536313602195139,1.536313602195139,0.012140529516244886,0.7902377157175509,0.9118211689192384,0.9118211689192384,0.025862758709174916,2.8363849832341,4,0.8056064341725512,0.8
unmatched_shape_qc,X074,3,1047.7114975519787,1521.6778869784232,896.5752939730303,85.57463539036421,10.589758752181824,14.27057160554988,6.605633134360139,62.37756014034947,542.7610459054548,779.064943748387,443.6683467895892,81.74284984830564,0.8412485106832316,0.8212189235131866,0.04373119421831014,5.198368099670483,1.2396785150710878,1.244986976840987,0.011178918362501622,0.9017594663936384,1.1918782559683878,1.2241884009271562,0.07792891776094289,6.538328673311228,1.477227514041961,1.5268250974447384,0.09011447296417652,6.100243334732309,0.914247276847523,0.9112874143526868,0.019340417646008537,2.115447115434406,4,0.8031720922861163,0.7272727272727273
unmatched_shape_qc,X076,2,1558.2718054588586,1558.2718054588586,45.22705680143035,2.902385619953671,14.383388198074261,14.383388198074261,0.13917116704113366,0.9675826385591594,794.3011049035322,794.3011049035322,24.071721998530155,3.030553759767672,0.8184262626748903,0.8184262626748903,0.008968318037401645,1.0958003727898697,1.2494191826713466,1.2494191826713466,0.02361453440473644,1.890040967215414,1.259051628078709,1.259051628078709,0.015261968717986981,1.2121797373215333,1.573263458237816,1.573263458237816,0.048800514470187205,3.1018653751004797,0.9106491088881308,0.9106491088881308,0.035938589573884835,3.946480507488174,4,0.8119909275729517,0.8
unmatched_shape_qc,X078,2,1613.2570514506642,1613.2570514506642,70.31695191881369,4.358694843799608,14.549758787723725,14.549758787723725,0.21145272447161517,1.4533074228696299,800.7111980756488,800.7111980756488,22.837591179512145,2.8521633310983767,0.8306691161419091,0.8306691161419091,0.00044994890466299695,0.054167043882985655,1.1674840136068183,1.1674840136068183,0.05840641247058146,5.0027590776289115,1.313274941848345,1.313274941848345,0.11212817997666955,8.538058284951115,1.5299529977137198,1.5299529977137198,0.05420417965671671,3.5428656787310815,0.9170864580913691,0.9170864580913691,0.023785758410646098,2.5936222480210613,4,0.8129248399795781,0.7272727272727273
unmatched_shape_qc,X080,2,1642.1547131504008,1642.1547131504008,67.94438500464044,4.137514234227794,14.636272860142316,14.636272860142316,0.2019105099200572,1.3795213566283153,816.4121828405632,816.4121828405632,22.349997844862255,2.7375874974206473,0.8244065869654236,0.8244065869654236,0.0001747800727568984,0.02120071279394434,1.1450572180674015,1.1450572180674015,0.11424964805028993,9.977636597332454,1.3495458326185132,1.3495458326185132,0.18317514813346022,13.573095756077207,1.534843348649706,1.534843348649706,0.0555608891363836,3.619971327058482,0.9134601221927071,0.9134601221927071,0.02977277784282377,3.259340733053127,6,0.809316381679282,0.8
unmatched_shape_qc,X082,2,1606.3996237468807,1606.3996237468807,227.7071095877914,14.174997691836552,14.514367287017716,14.514367287017716,0.6878566802541664,4.73914340633653,814.5789590411298,814.5789590411298,64.73868568464665,7.947502813091672,0.812899908406856,0.812899908406856,0.012403981168735418,1.5258927994031994,1.1277223491707569,1.1277223491707569,0.10399589212841479,9.221763868108637,1.103780472321148,1.103780472321148,0.10600362896246593,9.60368765534963,1.250269878196213,1.250269878196213,0.2343312964071385,18.742457168144572,0.8560487873611811,0.8560487873611811,0.04370573192235113,5.1055188171081385,6,0.80106253140929,0.8571428571428571
unmatched_shape_qc,X084,2,1520.1260531861294,1520.1260531861294,393.84610775278287,25.908779533598256,14.211844129103282,14.211844129103282,1.2398104615848269,8.723783136953491,750.6338903050396,750.6338903050396,171.21697069069106,22.80965100324908,0.85393286374122,0.85393286374122,0.047290852764336665,5.538005945473006,1.1424159889870587,1.1424159889870587,0.15369060492806813,13.453120965537288,1.1179678238221704,1.1179678238221704,0.0412264904805505,3.6876276402663435,1.2803523792380231,1.2803523792380231,0.21891895302814846,17.098336097007437,0.9235957415718963,0.9235957415718963,0.038462611269871154,4.164442248771139,6,0.811839311544654,0.8571428571428571
unmatched_shape_qc,X086,2,1575.36294790101,1575.36294790101,438.50967991209666,27.835469946551708,14.373404669093604,14.373404669093604,1.3492816658881546,9.38734904465221,752.1906896246527,752.1906896246527,165.41547315955978,21.991162007349892,0.8698851366145393,0.8698851366145393,0.02929815840967679,3.368049087917604,1.068851710483211,1.068851710483211,0.032123086392990025,3.0053828868803216,1.1851061502689086,1.1851061502689086,0.12698053164556822,10.714696874769865,1.2687422391132355,1.2687422391132355,0.17379262569738507,13.698024731867863,0.9443233835155058,0.9443233835155058,0.01367671128270706,1.4483080183603745,6,0.8153536049520946,0.8571428571428571
unmatched_shape_qc,X088,2,553.3336005872588,553.3336005872588,621.3159606491566,112.2859627519,9.196243828468312,9.196243828468312,4.497734446839505,48.908386192589994,374.907397784767,374.907397784767,274.6791425395707,73.26586356059664,0.7374090678795086,0.7374090678795086,0.1529334198781146,20.73929200760841,1.3387083963316533,1.3387083963316533,0.3124637248415194,23.340686119377207,1.2267821685390778,1.2267821685390778,0.2821103887649736,22.99596423877979,1.686378220938213,1.686378220938213,0.760988472082934,45.12561076954371,0.8046726230614312,0.8046726230614312,0.14561571114397762,18.09626759637638,6,0.8169193150005972,0.75
unmatched_shape_qc,X090,4,551.3204108026617,449.4236486843608,612.4193708940857,111.08229604677081,8.425731218769226,8.427234756521576,4.898022453682937,58.13171968709449,349.9597029961033,317.9908758725255,283.3881586213791,80.97736859278753,0.6810773910330056,0.7430489972188014,0.219048251100771,32.16202064328336,1.4047281792467283,1.3771007729390419,0.33418770630411215,23.790204485206313,1.2627201751588977,1.1243759350393892,0.3148455602261522,24.933913817171153,1.8373290237465967,1.5566478622967033,0.87360936048479,47.54779079815362,0.7320096274871576,0.8413247434589044,0.27189852017841065,37.144118050985725,6,0.826153313093981,0.7058823529411765
unmatched_shape_qc,X092,2,1130.049561693535,1130.049561693535,255.67374208861008,22.625002544618287,12.88598292456673,12.88598292456673,0.9792944707880212,7.599687788822275,636.7831460770756,636.7831460770756,122.66677018421342,19.263507669746957,0.8248843303929061,0.8248843303929061,0.03438737613726233,4.168751286726837,1.100152594464068,1.100152594464068,0.001992188391716123,0.18108291538289778,1.148503694544777,1.148503694544777,0.042383575179049025,3.6903298944848633,1.2634871012717683,1.2634871012717683,0.044340364467778344,3.5093642367339846,0.8749838195040232,0.8749838195040232,0.07175324529336431,8.200522534695214,6,0.8202602779843369,0.8
unmatched_shape_qc,X094,3,746.4879760316502,950.1836368759456,609.6129031924551,81.66412892986882,10.123724696403261,12.197466713653135,4.567799003186851,45.11974732787518,439.6492117697308,549.9341795277885,284.20799702298393,64.64426397558056,0.7808391467017893,0.8499207712653722,0.12006057910349306,15.375840159989501,1.0913066590201321,1.0538115146918554,0.06843605576798868,6.271019717724108,1.3916160710803693,1.283794416784765,0.3332200358195574,23.944825210366023,1.533336825604426,1.3477432858734557,0.4683462409098766,30.5442504927291,0.8607869870809569,0.90876530085036,0.09734748521860592,11.309126029974522,6,0.8197706938829611,0.75
unmatched_shape_qc,X096,3,753.6040427008161,916.4627079839454,588.9868349399761,78.15600787240021,10.386729542545382,12.051433956680318,4.054323567913381,39.03368766180297,452.2024336269765,548.3677896837256,257.47867206835747,56.938807251256996,0.7820798122972753,0.8320614204623331,0.11493076433869155,14.69552883625711,1.0525064288251298,1.0566897139205431,0.012272678898571681,1.1660431292824667,1.3600659480648056,1.2865140330174831,0.19818439178942368,14.571675150856759,1.4327913520382547,1.3594461455040088,0.22275740800383698,15.547093279628442,0.8830982161319825,0.9160480995026966,0.07884500132842695,8.928225636529115,6,0.8231254428302184,0.75
unmatched_shape_qc,X098,4,593.9224425465038,513.8457217914653,600.0568930674937,101.0328706379048,9.147409551271359,8.979421516258501,4.222651162201429,46.16226198830838,368.037530344864,360.7669192324739,281.29053165532497,76.42984980139006,0.8166676475535476,0.8434721250691211,0.11642166232432262,14.255696631681376,1.1142971288769694,1.1037309379536988,0.07522853719427022,6.751209820498091,1.3305838305125155,1.2353376200388015,0.2974465242343153,22.354587318240938,1.4947487005412847,1.3089632080145581,0.4299764089626728,28.765799147841232,0.9070633278124671,0.9250419434436603,0.06165668798761134,6.797396179195847,7,0.8249585136147604,0.7368421052631579
unmatched_shape_qc,X100,4,595.6210714272576,510.4484640299578,626.2095115862464,105.13555373145066,8.96015590589807,8.709948705053355,4.540646402223317,50.67597539496397,357.1185894471444,329.0467106686346,306.9599430845907,85.95462464157792,0.8468097965023726,0.8394462652206129,0.05673156309155979,6.699445769980631,1.1200286966988409,1.1217056480688516,0.06685891392948276,5.969392938461481,1.226805984096662,1.2175704247589354,0.14385653062563566,11.726102781570795,1.3724296670550629,1.2972078033486838,0.16885045460941409,12.303031525960135,0.9106916668038698,0.9204556298139925,0.043434640634138544,4.769412328826415,8,0.8073161487455407,0.7272727272727273
unmatched_shape_qc,X102,4,598.0327050233894,506.925381906913,631.7692275925118,105.64125043425558,8.959936282454503,8.667070579317791,4.56391204278652,50.93688056380098,364.05012576741433,345.37229002841923,301.9394034828539,82.93896420070406,0.8105377257935112,0.8404376069116357,0.12149140273031075,14.988988034008097,1.1461625624213592,1.131349582791246,0.1054128727155505,9.197026335675933,1.320495208468619,1.2207848323655544,0.3152423972884275,23.873043632927285,1.5308006066632331,1.3027621824137188,0.4988772124801248,32.58930067760776,0.8847846079732324,0.9181119868021967,0.09485157136495088,10.720300795266597,8,0.8126836002781901,0.7619047619047619
unmatched_shape_qc,X104,3,799.334207877322,960.3754101604678,670.6880458144034,83.90583553223053,10.32269820669626,12.240922165318082,4.733438446492555,45.85466272201979,462.49617907144193,564.4341901029104,339.58445693691425,73.42427295695747,0.8520788626790403,0.8339976611687351,0.05477167197504195,6.428005009164657,1.1708073330263329,1.2189975175746406,0.1097376888746459,9.372822135559495,1.1811175357521115,1.133075145271175,0.11029875531457302,9.338507978745486,1.374791830148414,1.3767544348906848,0.007597812936293027,0.552651882974371,0.9184167712784609,0.9239945633409516,0.03298885121315376,3.5919260454305935,8,0.8123322951143795,0.8
unmatched_shape_qc,X106,4,609.1786463829031,523.9955536221418,635.1536837575977,104.2639441695676,9.07109965427222,8.842498240720367,4.507149936058449,49.686918982702544,366.6411248146517,353.03241428481255,297.538786876727,81.15259493248118,0.8174264209166079,0.8486435270503816,0.10797266446847674,13.208854241266552,1.1202095587969603,1.1250907414884437,0.06486240096981997,5.790202418865128,1.347501859525392,1.2332085656739138,0.30218898362780805,22.425867652178454,1.51790792361042,1.326941765806771,0.4113133469697575,27.09738453643671,0.8942763880488879,0.9290065318879708,0.07874538541287449,8.805486364755689,8,0.8097488739122263,0.7619047619047619
unmatched_shape_qc,X108,4,607.6477833175326,529.3430889874777,637.6161831120858,104.93187017501106,8.999237343221857,8.706959810586008,4.606191359371996,51.18424132730911,361.4528914848473,346.50249992943145,301.0061580066249,83.27673262484983,0.8224915318970338,0.852984375212656,0.10991898509159548,13.364147936948733,1.152619742174268,1.1318126482668651,0.08702726439292661,7.550388146984272,1.2997384960579135,1.2027264893170964,0.2721005660854347,20.935023999882397,1.512353248067127,1.3153131646917549,0.4320968597689625,28.5711595701075,0.8911255886342537,0.9372924642485925,0.09908987710585296,11.119630989131274,8,0.8159430386939615,0.7619047619047619
unmatched_shape_qc,X110,4,620.5552657385684,549.7266355565224,626.0138786669803,100.87963364905383,9.258587646901814,9.153192999055879,4.328665058554684,46.75297381888671,376.99451038720457,371.9643251884478,287.281918541155,76.20321002714142,0.8150160274013606,0.8523745210430291,0.1268785069117172,15.567608813321527,1.1261661425352638,1.1169466104115993,0.071060019411383,6.309905503943694,1.3734427085710517,1.2161993652175878,0.4198539172565024,30.56945256153597,1.5442757178605384,1.3354031288678396,0.4772737604268813,30.905993981962183,0.9112345217376047,0.9337584034604913,0.05992255800261225,6.575975401848011,8,0.8150488008329325,0.7619047619047619
unmatched_shape_qc,X112,4,940.0652611356531,1174.570414950821,602.5313262838591,64.09462738320599,11.207656476821407,13.06393813624798,4.173272055145104,37.23590265079825,526.7434845103536,622.5729613414452,305.48153416121863,57.994364077457156,0.8512110537534756,0.8620295081800451,0.06828988720368058,8.022673918830291,1.0834897816944828,1.0785750871909217,0.05997424903951014,5.5352851547631285,1.2553058485410324,1.20529064407391,0.23056192037317308,18.36699164917789,1.3506491383150507,1.2966187396294275,0.1799781710074232,13.32530898675491,0.9090707688466629,0.9447629630657972,0.07302610389531743,8.033049394819455,8,0.7722949305327373,0.6666666666666666
unmatched_shape_qc,X114,4,625.210767115449,544.0225978334976,649.2826000360512,103.85019487614761,9.149755624409945,8.872909870912164,4.548209139038799,49.708531306617346,373.52303648524463,359.07117098381036,299.96159033505063,80.30604836521243,0.8107697322829429,0.852981968622131,0.13607477301901044,16.78340564538033,1.1699858629418858,1.1261411790367064,0.13429694022688882,11.47850965388626,1.2773432330878647,1.1925740104936187,0.28786824562813257,22.536483395479888,1.519264598121941,1.2978215275343454,0.5280982007834508,34.760120221077116,0.8869738068739577,0.9388346340521543,0.11288972229773356,12.727514772459973,8,0.8184193615452947,0.7619047619047619
unmatched_shape_qc,X116,4,628.0313298865773,549.3072210180648,653.3071147360673,104.02460572373911,9.14570564848235,8.869600121796054,4.584057593398832,50.122513992777755,376.20341468439386,362.39623194975485,303.3668263212229,80.63904113569109,0.8053246586745549,0.848838038151969,0.1397603578065066,17.35453599999427,1.1010436296901505,1.1077787999779138,0.05206482878566893,4.728679898027359,1.3651577615821733,1.2096270064903392,0.44168597895612977,32.354207798242314,1.5006660760599744,1.2918766763050205,0.4866422860491409,32.428419207478115,0.8894451181241487,0.9375579139865033,0.10650803244288375,11.974660411595778,8,0.8213158626887425,0.7619047619047619
unmatched_shape_qc,X118,4,624.0049503173832,546.3084070680922,653.2203269266558,104.68191423712473,9.088629873239723,8.822995502915457,4.6331702262246335,50.977653296966075,371.4308416226705,357.6617894951981,302.18325743191235,81.35653359095434,0.8068591706451508,0.8549355542372283,0.14257787410541622,17.670726105946517,1.1238529669217885,1.1023924550378972,0.10099977745707076,8.986920925582213,1.3127147369304053,1.175240455149217,0.37428418172021743,28.512225176615843,1.499158288833853,1.2506425170398068,0.5725329652057571,38.19029447858452,0.8826843027102753,0.9375704667260576,0.11439265173395431,12.959633629227637,8,0.8226741945096758,0.7619047619047619
unmatched_shape_qc,X120,4,641.3791975729939,560.9669451871891,669.6188961155416,104.4029645254177,9.192870319537,8.959581019351992,4.643321660800167,50.51003113719577,377.7558060431045,363.8814578196108,307.6911874720246,81.45240458247648,0.8145557917659527,0.8546594734786469,0.12948807852140323,15.896772183115138,1.1305794346837124,1.081654945121673,0.11500931141493644,10.172598924648856,1.2820174704329856,1.185358975414592,0.295095358478205,23.018045017634602,1.4732152586001928,1.26273739170693,0.5069266283208271,34.40954235041622,0.8867616270278708,0.9395171471220662,0.10933970251483101,12.330224852117388,8,0.8207489479668242,0.7619047619047619
unmatched_shape_qc,X122,4,1020.6347939733796,1212.6322843158584,674.0826472668712,66.04543086784604,11.495287009792627,13.19800011315326,4.330815839576966,37.67470821639879,541.3793375442109,642.2374523309791,312.6557890914005,57.75170336379304,0.8635661617680113,0.8532796773009085,0.03750949593631965,4.343557864695052,1.1490338810030205,1.1174211378308168,0.11484945601239446,9.995306310040178,1.1276164972903497,1.116032751410644,0.07445850963566791,6.603176684146685,1.2927029623338004,1.2652810745839869,0.1156695030961191,8.947879479388943,0.9320032678199623,0.9365537307417398,0.010816132134954465,1.1605251299444852,8,0.7647151415482204,0.6666666666666666
unmatched_shape_qc,X124,4,649.2117640786917,549.0765430219129,691.0551579624981,106.44526119196057,9.16581306363912,8.877052943899818,4.756553559757227,51.89450763104177,376.0540946925792,348.19213996016913,315.3997402311075,83.87084323305771,0.8153241398048501,0.8573366717151205,0.12498555358942356,15.329553914512966,1.1164969876365993,1.0988074659435494,0.05612740305180875,5.027098476156145,1.3311048739205023,1.1861905537234936,0.3955819456171899,29.71831546616479,1.4796214085728412,1.2866405706652246,0.4155527333690683,28.08507169208148,0.8905627036259434,0.9406567275539892,0.10186958324445575,11.438788400827,8,0.8210258655754685,0.7619047619047619
unmatched_shape_qc,X126,4,655.3247309767128,551.1526449872787,694.8349813787783,106.02911023107254,9.223687762365648,8.867816296616844,4.725224275255614,51.22923061788153,378.0739430119473,354.6964983340402,314.97335420246054,83.30998737792075,0.8231366073857284,0.8589892424539247,0.11249318567678063,13.666405389751477,1.1580931422916476,1.1272200259664729,0.09688875158181749,8.366231354249534,1.276129083733067,1.1520294363982848,0.3363925514674996,26.360385932389278,1.4984783323941757,1.2524265831257513,0.5290690050658046,35.30708410180953,0.898719274048369,0.9381833507848356,0.08127845452364035,9.043808992491458,8,0.8224398491805858,0.7619047619047619
unmatched_shape_qc,X128,3,843.7641879846087,1005.420531590826,704.7990763550281,83.53033778768109,10.55001065647769,12.429386964105552,4.733113649788367,44.8635911745003,461.86276135216116,574.711326826211,329.37357644952544,71.31416602742402,0.8762536324460589,0.8619436575140091,0.040834793198501994,4.660156795528689,1.0889563509458005,1.046740103233906,0.08436819315718462,7.747619368205862,1.1512571201867676,1.1830811610510128,0.09793533917044377,8.506817239450019,1.2482332869301522,1.2383784966526266,0.019916202456406365,1.5955513015830045,0.934804773188158,0.9311834093134554,0.017129949714220924,1.832462799243003,8,0.8234951324296412,0.7619047619047619
unmatched_shape_qc,X130,2,574.6398591409105,574.6398591409105,713.2529285733756,124.1217289799027,8.92292781509674,8.92292781509674,5.377546357362981,60.2666128068938,347.5416304662362,347.5416304662362,364.00477425838847,104.73702784039614,0.8773281219493321,0.8773281219493321,0.05139720055323179,5.858378327031459,1.1693752211576955,1.1693752211576955,0.03837487921298145,3.281656607619055,1.0540720068298,1.0540720068298,0.020001119367867637,1.897509775259329,1.2322219158327998,1.2322219158327998,0.017061072559676788,1.3845779189981398,0.9420168682785972,0.9420168682785972,0.004484554402296761,0.4760588215890073,8,0.8237240327319132,0.8
unmatched_shape_qc,X132,2,825.093250780933,825.093250780933,1069.7607645143548,129.65331657989557,9.767833158558911,9.767833158558911,6.62903256197285,67.86594789617453,462.35010715851496,462.35010715851496,529.5832286408838,114.54160395799762,0.853582445566329,0.853582445566329,0.09775845199836938,11.452725217832857,1.245036387035643,1.245036387035643,0.11539991317835847,9.268798436736356,1.091433755147541,1.091433755147541,0.07430643559247069,6.808148936389261,1.3631622173056215,1.3631622173056215,0.21846557668750247,16.026381447052856,0.8817503850739505,0.8817503850739505,0.09332716761016986,10.584306986420279,8,0.8267108827591848,0.8
unmatched_shape_qc,X134,2,1444.6314362637415,1444.6314362637415,231.85910168759463,16.049706234224914,14.005368383160404,14.005368383160404,0.7521535061050304,5.370465706631431,795.9530192010303,795.9530192010303,30.935437597429278,3.8865908981012423,0.7775167230202096,0.7775167230202096,0.11337486818173707,14.581662982288057,1.3028781256179307,1.3028781256179307,0.36359796875876976,27.907289377993205,1.1866167725246393,1.1866167725246393,0.0013753310837108072,0.11590356006722038,1.5457670026194965,1.5457670026194965,0.42965955940059686,27.79588118212413,0.8074175474122119,0.8074175474122119,0.15226588205321406,18.85838158227165,8,0.8203463713357184,0.8421052631578947
unmatched_shape_qc,X136,2,573.8849129716866,573.8849129716866,651.2103037677413,113.47402398080983,9.276516701026818,9.276516701026818,4.625889900116745,49.86666923808486,412.2564595828769,412.2564595828769,255.08830004441248,61.87611961314373,0.6616196935127354,0.6616196935127354,0.24463780541094263,36.97559304985133,1.1725669125328322,1.1725669125328322,0.056070364356715766,4.781847735716812,1.1401385745865458,1.1401385745865458,0.1298067319671493,11.38517149235318,1.333249612883854,1.333249612883854,0.0882790936344828,6.621347779245387,0.8171498809284301,0.8171498809284301,0.12046137155456732,14.741649526730813,8,0.8199892617829687,0.8
unmatched_shape_qc,X138,2,1545.3118962205153,1545.3118962205153,682.3205874298399,44.15423120074609,14.182768668432441,14.182768668432441,2.151218341195571,15.167830707016218,772.2525526675809,772.2525526675809,237.46078896104444,30.74911026720301,0.8287261030187708,0.8287261030187708,0.006589181558526157,0.7950976244773734,1.200646667340867,1.200646667340867,0.09597573302788955,7.99367004786278,1.1094640596333374,1.1094640596333374,0.06743665203553426,6.07830884200261,1.3288381846772066,1.3288381846772066,0.025514034868317898,1.9200257158862133,0.9006825212070249,0.9006825212070249,0.003468152519342528,0.3850582683335277,8,0.8189791228057962,0.8421052631578947
unmatched_shape_qc,X140,2,1530.8420946437243,1530.8420946437243,655.0953820897003,42.793138781708365,14.148479770621499,14.148479770621499,2.075915439061215,14.672356837741207,770.5713063084268,770.5713063084268,230.25960020481546,29.881673288344892,0.8260053983942244,0.8260053983942244,0.007334737290544641,0.8879769193765027,1.1770314840323597,1.1770314840323597,0.0450970776543113,3.8314249249998364,1.1510908995910296,1.1510908995910296,0.0858662237992964,7.459551963255357,1.352934071920494,1.352934071920494,0.04915641314071269,3.6333191809512937,0.8582476070346401,0.8582476070346401,0.062290171205531486,7.257832203080919,8,0.8179920973926081,0.8421052631578947
unmatched_shape_qc,X142,1,1065.4387520441246,1065.4387520441246,,,12.671945279120823,12.671945279120823,,,613.7308489895553,613.7308489895553,,,0.8219747880455851,0.8219747880455851,,,1.6712291423846732,1.6712291423846732,,,1.0279511899514349,1.0279511899514349,,,1.7179419855958409,1.7179419855958409,,,0.9032332734853769,0.9032332734853769,,,8,0.8189349817703653,0.8421052631578947
unmatched_shape_qc,X144,2,1540.362804666714,1540.362804666714,705.9276282258653,45.82865972140932,14.154632407815114,14.154632407815114,2.2337992456106677,15.781400613253178,766.4069317930116,766.4069317930116,270.7010064409773,35.320793068464475,0.8379937805300606,0.8379937805300606,0.03676922853116605,4.387768666720679,1.2584736761028565,1.2584736761028565,0.1567094525263309,12.452342508396088,1.1211395312719032,1.1211395312719032,0.04531161874116137,4.041568197114282,1.407374207860981,1.407374207860981,0.11866968274388695,8.431992151131494,0.8904482543539141,0.8904482543539141,0.05412877575608584,6.07882327708759,8,0.8174656197702032,0.8421052631578947
unmatched_shape_qc,X146,2,1563.0321604703536,1563.0321604703536,768.1185384636351,49.14284925733645,14.19622181491838,14.19622181491838,2.4147577614038815,17.009862151254115,784.3381494065926,784.3381494065926,326.1126258505088,41.57806503447985,0.8338870821417235,0.8338870821417235,0.0720999854123974,8.6462528268478,1.1701736971122125,1.1701736971122125,0.07611855144150258,6.504893387139881,1.1436424952371151,1.1436424952371151,0.023859415632555475,2.086265221161498,1.3391684389043461,1.3391684389043461,0.11497207070607918,8.585333059383084,0.8919418822230925,0.8919418822230925,0.07265110653089817,8.145273585518959,8,0.8187463866768617,0.8421052631578947
unmatched_shape_qc,X148,2,622.9564139712389,622.9564139712389,566.9248641417317,91.00554251102163,10.00910458118216,10.00910458118216,3.5294487359402367,35.26238243704492,399.90805638557805,399.90805638557805,223.560636702375,55.90300898735215,0.8068793130947776,0.8068793130947776,0.10396703841002132,12.885079183807152,1.4252936388532333,1.4252936388532333,0.316590960136065,22.212332357758125,1.2277603253369391,1.2277603253369391,0.2310321259729492,18.817363715474855,1.786490323031142,1.786490323031142,0.7179864397353727,40.18977491672967,0.8692267936018149,0.8692267936018149,0.10175113826561495,11.705936703123102,8,0.8188006702249897,0.8
unmatched_shape_qc,X150,1,1032.8502424059604,1032.8502424059604,,,12.541406493812568,12.541406493812568,,,554.8926922468534,554.8926922468534,,,0.8904988364423568,0.8904988364423568,,,1.1595333679879103,1.1595333679879103,,,1.0823276113187552,1.0823276113187552,,,1.254994980418746,1.254994980418746,,,0.9516648175860468,0.9516648175860468,,,8,0.8209787303332274,0.8421052631578947
unmatched_shape_qc,X152,2,1167.083865439351,1167.083865439351,1070.4132204157524,91.71690673769989,12.32487755661075,12.32487755661075,4.393051921601264,35.64377740405983,667.0558433048493,667.0558433048493,343.7134408983686,51.52693651486224,0.7258118027045912,0.7258118027045912,0.13600724324678443,18.738637583459084,1.320894083116858,1.320894083116858,0.2544566359671437,19.26396970200011,1.326424367765515,1.326424367765515,0.20546943903495712,15.49047529796889,1.7782076302089336,1.7782076302089336,0.6089208487690734,34.24351793482785,0.7766378297934629,0.7766378297934629,0.1132401714325658,14.580820955203869,8,0.8211436305944483,0.8
unmatched_shape_qc,X154,3,1072.918311313287,832.6217417462489,789.2913093921486,73.56490247855218,12.187099587673288,11.672119044160436,3.099875542019074,25.43571191585618,619.4761697513172,508.5312233823752,264.8068034808337,42.74689106881026,0.7689796976906603,0.8201689339940048,0.10780213649752365,14.018853400325991,1.1974023482712501,1.108143532214496,0.16511987546458104,13.789840624830317,1.421424399578387,1.3478321871546042,0.2742176535769015,19.29175084220012,1.7312446135175927,1.493591520705893,0.5816567279839729,33.597605066458286,0.8293540482086915,0.8192640645010805,0.0506668227504225,6.109190985424977,8,0.83421458986477,0.8
unmatched_shape_qc,X156,3,1026.8665949906303,726.0065660702986,742.3637441281597,72.29407868068134,12.057361385991017,11.151004097572647,2.8902625304704608,23.97093723862789,612.7609398692039,495.6973978380553,263.03545930201943,42.926277147849106,0.7618889456436498,0.7880634478393371,0.05947186516833581,7.80584434363902,1.2294491670187118,1.2430868182056936,0.12869581536393446,10.467762215497581,1.3977658967256892,1.3683317075077712,0.22182126827310944,15.869700984459042,1.7283788599413812,1.4976084106579524,0.41336484220350833,23.916332916587965,0.8079243940499992,0.8049438595128019,0.03371989990257202,4.1736454736240125,8,0.8478880856913042,0.8
unmatched_shape_qc,X158,2,580.1132188677836,580.1132188677836,205.73120854526022,35.46397528171986,10.273514868464709,10.273514868464709,1.2379198224121588,12.049623115960463,460.01561922194674,460.01561922194674,85.36880106045359,18.557804886026087,0.7223543112015047,0.7223543112015047,0.039654512967932196,5.489620862367962,1.219777490018674,1.219777490018674,0.19457755845036964,15.951889589911254,1.6898035731467023,1.6898035731467023,0.1965122839842175,11.629297458418682,2.080302801289049,2.080302801289049,0.5684991140397015,27.327709874131497,0.8204657077369053,0.8204657077369053,0.03603303772150748,4.391778642509946,8,0.8370526017606178,0.8
unmatched_shape_qc,X160,1,2358.2840668400204,2358.2840668400204,,,16.51451529235669,16.51451529235669,,,1050.4578114414417,1050.4578114414417,,,0.8156482725949765,0.8156482725949765,,,1.235704801300464,1.235704801300464,,,1.266132515619024,1.266132515619024,,,1.5645660286330625,1.5645660286330625,,,0.9076194669294864,0.9076194669294864,,,8,0.8449814646308552,0.8421052631578947
unmatched_shape_qc,X162,1,3073.5955621796475,3073.5955621796475,,,18.039148457758465,18.039148457758465,,,1365.1060213400465,1365.1060213400465,,,0.7488857311115621,0.7488857311115621,,,1.601326922786304,1.601326922786304,,,1.0524125398735256,1.0524125398735256,,,1.685256533977391,1.685256533977391,,,0.8069483885425432,0.8069483885425432,,,8,0.8489059455024104,0.8888888888888888
unmatched_shape_qc,X164,2,1901.9400782711073,1901.9400782711073,1642.61704594152,86.36534161658153,14.621828797048908,14.621828797048908,4.804707239891191,32.85982421611252,913.5029819061012,913.5029819061012,654.1531194846233,71.60930313765122,0.8094979216575388,0.8094979216575388,0.09646291597903328,11.916388343717365,1.3746768854654579,1.3746768854654579,0.3318635184728013,24.14120161483869,1.0329301561826747,1.0329301561826747,0.0011096429475951,0.10742671621631486,1.4201293350109672,1.4201293350109672,0.3443172364786216,24.245484406951046,0.8632852205005455,0.8632852205005455,0.09180782827199285,10.634704045872734,8,0.8547903154101143,0.8888888888888888
unmatched_shape_qc,X166,4,916.9135786127874,673.3700414938558,793.6435867019482,86.5559857781432,11.347929326961372,10.874682635490242,3.3029094675679893,29.10583395792444,576.1499401935199,476.88515632472286,315.80667880500033,54.813279803331355,0.7358083419052508,0.7299977557998107,0.11509002224945532,15.641304358068194,1.1802402954209192,1.1704327547206261,0.0863351170660216,7.315045707300746,1.6008710489909737,1.5189019650170357,0.5815957850637289,36.3299583330155,1.9100491336677778,1.7160880170972699,0.8047473607470669,42.132285843440485,0.8291066632280357,0.8091048941506788,0.07001264941684536,8.444347696381886,8,0.8607899357129982,0.8
unmatched_shape_qc,X168,3,1198.9943215736753,638.1811617172539,1021.5595118471126,85.20136363167424,12.531173339142113,10.6818986396904,3.4935886134409473,27.879181932057765,645.3619267044954,473.20176295489534,355.4783084968752,55.08200806206608,0.8018869529187489,0.8173492675056936,0.0839159305650434,10.464808070464537,1.1696107788232,1.172589540247269,0.012240309812664111,1.0465284720597103,1.304757336647919,1.311839303935993,0.28009013891629064,21.466837629430497,1.5276292617321807,1.5480842231207603,0.33720854156686886,22.073977634109184,0.8752366966478037,0.9151611876181736,0.0737749014649647,8.429137140561625,8,0.865057610033019,0.8421052631578947
unmatched_shape_qc,X170,3,1180.050764920002,632.2254752711543,1003.7638319695122,85.06107210036507,12.466763754206028,10.64856590403111,3.4702147884026404,27.835730722272345,631.3990251192625,445.16426584427415,355.8147289524859,56.3533858617025,0.8129039808948564,0.817923117453311,0.06425204521519666,7.904014093333272,1.17027845946125,1.1810141430962722,0.02210846413318722,1.8891626992233184,1.2776662118917204,1.2953712226467693,0.24587995400584484,19.244459289707088,1.498313365013516,1.5349748813768946,0.309957258980331,20.687078298706552,0.8678688338830094,0.9166820364967762,0.085110303890866,9.806816487471547,8,0.8678707920880753,0.8421052631578947
unmatched_shape_qc,X172,2,1754.1383949186097,1754.1383949186097,1608.807967414549,91.71499649485729,14.11793619030637,14.11793619030637,5.032020454718186,35.64274825220744,854.0191596213847,854.0191596213847,645.1580478872381,75.54374402715489,0.8148741192744917,0.8148741192744917,0.0929184726524281,11.402800807461693,1.3472544366394086,1.3472544366394086,0.2779673667814823,20.632135936760697,1.0693647277966716,1.0693647277966716,0.07925773065145286,7.4116649437985656,1.4517219052528894,1.4517219052528894,0.4040288267727784,27.831007117192787,0.8678288382586858,0.8678288382586858,0.07895576454745423,9.098080297248522,8,0.8707605837454655,0.8888888888888888
unmatched_shape_qc,X174,2,1752.0622929532442,1752.0622929532442,1617.141608700583,92.29932150270517,14.09897629715191,14.09897629715191,5.069826775218305,35.95882898421812,851.2225984339702,851.2225984339702,644.554820898783,75.72106545157487,0.8149420468636988,0.8149420468636988,0.08946744757500909,10.97838158177311,1.3470564036089425,1.3470564036089425,0.27478662307921464,20.399043599289897,1.0716891423200372,1.0716891423200372,0.061123999903099496,5.703519564523694,1.4520237506016151,1.4520237506016151,0.3768233158924454,25.951594506378886,0.870312056941689,0.870312056941689,0.08343103376197797,9.586335509950066,8,0.8726458754415459,0.8888888888888888
unmatched_shape_qc,X176,3,1129.8468446666138,578.5823558024131,1483.9912243128233,131.34445888112452,9.581431692747806,10.338452126796051,8.332091224089961,86.96081641323528,562.6153354414763,388.05961086849055,664.619557792763,118.1303665089835,0.8484739149965582,0.8652915665525776,0.09862234111817036,11.62349712525581,1.4563506206942474,1.5432048381749786,0.23768883977272162,16.320852711925546,1.5486161930928517,1.1109566980297687,0.8393137774654582,54.197662481444475,2.3488868888328773,1.7144337514024377,1.5567772755229956,66.27723467333637,0.8595805813095665,0.8604651162790696,0.048290534477995445,5.6179182647920065,8,0.8766880425121945,0.8421052631578947
unmatched_shape_qc,X178,1,2805.9671451897816,2805.9671451897816,,,17.499594543776038,17.499594543776038,,,1303.8296233437586,1303.8296233437586,,,0.7378787467420301,0.7378787467420301,,,1.5177898626995636,1.5177898626995636,,,1.1270612517710674,1.1270612517710674,,,1.7106421425796066,1.7106421425796066,,,0.8091146521617204,0.8091146521617204,,,8,0.8769681440972886,0.8888888888888888
unmatched_shape_qc,X180,3,956.6566012528093,488.7437616647712,1215.7592603423366,127.08418660888496,10.209936895996773,9.772991812410208,6.047775476710665,59.234210145627294,514.6529911739589,392.7152019892797,494.3613391684709,96.05721673564915,0.7408722601816561,0.7640595870905752,0.07784043548258558,10.506593331419875,1.2388859363029294,1.2437360538788365,0.043547320561794445,3.5150387364754425,1.3186204855979515,1.297709273876165,0.058820587696040066,4.46076701662699,1.6334260711896993,1.6293361819197316,0.08722448334254627,5.339971295977704,0.744292354509526,0.741326373146877,0.1585312810884965,21.299598219434284,8,0.8792380495986583,0.8
unmatched_shape_qc,X182,2,1388.8073611950201,1388.8073611950201,1268.7301573542206,91.35393379989884,13.068199397916665,13.068199397916665,4.63250787424083,35.448708220501636,712.0458997903194,712.0458997903194,450.6199171695995,63.285234463437874,0.7899851401528215,0.7899851401528215,0.034255945229440456,4.336277163746864,1.190296922887685,1.190296922887685,0.050432253825757174,4.2369473411228755,1.3652646173023184,1.3652646173023184,0.07093282418256482,5.195536695495988,1.6268589239992588,1.6268589239992588,0.15328449407535585,9.422113485940203,0.8307375978307304,0.8307375978307304,0.12171932662298808,14.651958324846323,8,0.8805703759836441,0.8421052631578947
unmatched_shape_qc,X184,2,1354.3105154068735,1354.3105154068735,1291.2398859524408,95.34297129521404,12.872585771290339,12.872585771290339,4.846354129751583,37.648645080776085,685.9080981329387,685.9080981329387,473.92978108753647,69.09523045107454,0.8082466512150344,0.8082466512150344,0.013012010129138522,1.609905851088602,1.210390330273154,1.210390330273154,0.07944292543029882,6.563413755327225,1.3344148182211815,1.3344148182211815,0.00416790164126284,0.3123392804359583,1.6153283476977705,1.6153283476977705,0.11105460474114529,6.875048339207609,0.8253322187615251,0.8253322187615251,0.12804015910967648,15.513772054338391,8,0.8856735853807691,0.8421052631578947
unmatched_shape_qc,X186,2,1346.0899904531022,1346.0899904531022,1257.8460066354503,93.44442166248123,12.888553878658358,12.888553878658358,4.715384917051208,36.58583392244824,687.7752961075348,687.7752961075348,465.1402550257238,67.62968336580066,0.8061753812901715,0.8061753812901715,0.009992764071567982,1.2395273166957732,1.1957615915719264,1.1957615915719264,0.07912016364924081,6.6167172626134345,1.3505313377557406,1.3505313377557406,0.002360607249429591,0.1747910013959657,1.6150068877185104,1.6150068877185104,0.1096769839383165,6.791115553275138,0.8260993220704396,0.8260993220704396,0.1299380302658095,15.729105059685544,9,0.8912032361588007,0.8571428571428571
unmatched_shape_qc,X188,2,1369.1787607951992,1369.1787607951992,1385.045250321571,101.15883257765091,12.777495209929857,12.777495209929857,5.252778769723527,41.109612513424395,705.5153138238439,705.5153138238439,557.6512005442297,79.04168621398152,0.803063040309945,0.803063040309945,0.03702015486002793,4.609869088949713,1.2741758422775473,1.2741758422775473,0.13973191512429164,10.966454588757973,1.2502063674258181,1.2502063674258181,0.13276701621585144,10.619608064324568,1.5837068565149555,1.5837068565149555,0.005525205307483805,0.348878031610115,0.8809107317595615,0.8809107317595615,0.018845034907303354,2.139267263739838,10,0.8796710670387611,0.8333333333333334
unmatched_shape_qc,X190,2,1346.5932878992517,1346.5932878992517,1261.1082861424388,93.65175791941058,12.885654090009627,12.885654090009627,4.729094834202542,36.70046395137252,684.55212203457,684.55212203457,467.25881625752146,68.25759518044775,0.8114675909145141,0.8114675909145141,0.005428504447900064,0.6689736606464105,1.1458969109427182,1.1458969109427182,0.06908246465451227,6.028680590270446,1.3701367976326306,1.3701367976326306,0.020540301568823333,1.4991423925197522,1.5693260366476187,1.5693260366476187,0.07111535877675597,4.531585987617462,0.8848715443784678,0.8848715443784678,0.047484036342591115,5.366206727321514,10,0.8892301427629831,0.8695652173913043
unmatched_shape_qc,X192,3,1850.3590802831166,1415.775716017851,786.7052023510081,42.51635321673009,15.044795435597342,13.931523510216604,2.040974955942387,13.56598675388604,918.9538788161211,745.1655730801089,324.3493110147165,35.29549398415646,0.7955895521965007,0.8182656398918738,0.052513279923457036,6.600549212653172,1.2556342868254282,1.199727067413889,0.2163470867479414,17.23010346387748,1.2452967499427707,1.1717908052170778,0.1853270285124466,14.882157888950045,1.5622282945329242,1.7469234975567305,0.3235947591203762,20.713666514222542,0.8711741763555975,0.8817372122121033,0.05964469221176693,6.846471558796648,10,0.8827523941930088,0.782608695652174
unmatched_shape_qc,X194,2,1229.6185731233957,1229.6185731233957,1280.6226490115148,104.14795913163233,12.24926591061806,12.24926591061806,5.270861567693415,43.030019971437326,655.1883713565719,655.1883713565719,533.7985835168186,81.47253627404666,0.7990251668286104,0.7990251668286104,0.0318225492010057,3.982671700731497,1.2573129534972587,1.2573129534972587,0.1914788005318894,15.229207652659952,1.2498619681236482,1.2498619681236482,0.16392134598520788,13.115155926481572,1.5557739112500308,1.5557739112500308,0.03322163882483477,2.135377035480811,0.8621458710370371,0.8621458710370371,0.015012717731490674,1.7413199130017918,12,0.9041028224123248,0.8888888888888888
unmatched_shape_qc,X196,3,1091.8758484515758,490.8827758109056,1148.4956630922854,105.18555426617449,11.777140238160484,9.787228410154878,4.242233954515247,36.02091737660974,601.470614945013,358.88759476441294,477.40572358676843,79.37307521339397,0.8133818834303038,0.8385150723334243,0.04961594914655324,6.0999574931895655,1.261553635048821,1.1824605746512538,0.19481401706760243,15.442388785956238,1.1444124152576634,1.0663933305787714,0.16845713747650365,14.719967664679318,1.4383589934417842,1.5818191226156386,0.24860938829305207,17.28423776168465,0.8842467089858269,0.8887024377864833,0.027272915988514675,3.084310714573643,12,0.8776292315034626,0.8888888888888888
unmatched_shape_qc,X198,2,1631.0402278812714,1631.0402278812714,1633.3047208033893,100.13883734339645,13.57300800590958,13.57300800590958,5.494074846966933,40.47794596875546,831.4303427009417,831.4303427009417,677.0972249530392,81.43763706691966,0.7834700316631057,0.7834700316631057,0.07449957469305066,9.508924615139035,1.2963967134072618,1.2963967134072618,0.2264184949582523,17.465216674544525,1.1127714313582695,1.1127714313582695,0.10919616790121556,9.812991673225172,1.4549552423820558,1.4549552423820558,0.39351358590448304,27.046439260923368,0.845243879032849,0.845243879032849,0.05539548869349408,6.553787618891615,12,0.8843353442895777,0.9230769230769232
unmatched_shape_qc,X200,2,1645.8036196349829,1645.8036196349829,1656.0813631794538,100.62448176816808,13.600573177430878,13.600573177430878,5.545943910590887,40.77728076779853,837.417411135029,837.417411135029,698.8622057821252,83.45446326878884,0.7909002624313359,0.7909002624313359,0.09410133950633005,11.89800332308016,1.2890848522399245,1.2890848522399245,0.21279532520874578,16.507472323407637,1.0913417169209763,1.0913417169209763,0.10644151351272127,9.7532708465527,1.418157204142168,1.418157204142168,0.36944455828481043,26.05102997084759,0.8531018786869711,0.8531018786869711,0.0691764054486805,8.108809413847679,12,0.8851794552383249,0.9230769230769232
unmatched_shape_qc,X202,2,1692.6522235807092,1692.6522235807092,1696.652257411819,100.23631752437886,13.739130776345519,13.739130776345519,5.569544904240029,40.53782582686411,851.7792934961101,851.7792934961101,696.136882258292,81.72737792216255,0.7848845020196469,0.7848845020196469,0.07700736125711607,9.811298485186354,1.2839689277921893,1.2839689277921893,0.2226637709256518,17.34183484553062,1.1089430862735639,1.1089430862735639,0.12193460917735684,10.995569627211411,1.437423675408117,1.437423675408117,0.4034816987378124,28.069782461545646,0.8509968912623433,0.8509968912623433,0.06390410357911279,7.509322799560331,12,0.8854119595581682,0.9230769230769232
unmatched_shape_qc,X204,1,192.72098042131844,192.72098042131844,,,7.1665498260113285,7.1665498260113285,,,219.7843409757377,219.7843409757377,,,0.73413068191198,0.73413068191198,,,1.640766825873515,1.640766825873515,,,1.4418388499976773,1.4418388499976773,,,2.3657213533318084,2.3657213533318084,,,0.8243899140470037,0.8243899140470037,,,12,0.8820414679695078,0.8571428571428571
unmatched_shape_qc,X206,1,343.45856554302,343.45856554302,,,8.688775507713117,8.688775507713117,,,285.63508828959425,285.63508828959425,,,0.8303390621985774,0.8303390621985774,,,1.0614121191839507,1.0614121191839507,,,1.073051255617815,1.073051255617815,,,1.1389496072183038,1.1389496072183038,,,0.861994753890571,0.861994753890571,,,12,0.896947006781394,0.8571428571428571
unmatched_shape_qc,X208,3,1461.3381153789735,1405.0387038333336,112.8852522628318,7.724786692062494,14.073309874845469,13.89621596943332,0.3576727331367418,2.5414968924690804,814.4760315932932,835.616491512765,43.39910025921837,5.328468681186387,0.7650560170476145,0.7869234661274046,0.03953048893161575,5.167005820588887,1.4285071856602618,1.4584143995228556,0.08593781490071355,6.015917579090982,1.2116762030388593,1.1791734156521034,0.06498245856784991,5.363021771400249,1.7336016647963124,1.719723488921577,0.18380336029374966,10.602398695512642,0.8053485013420305,0.855189165400298,0.09652355924585945,11.985315560283885,12,0.8107590394738948,0.6896551724137931
unmatched_shape_qc,X210,2,853.4037321268286,853.4037321268286,949.8868211757442,111.30567929536274,10.654425435974538,10.654425435974538,5.129010788703755,48.139722029361735,560.4259178508889,560.4259178508889,489.03860181743096,87.26195313963838,0.7149813389475157,0.7149813389475157,0.011238531306448881,1.5718635849982463,1.512255637679327,1.512255637679327,0.05811248791716131,3.842768806359975,1.5133320086442907,1.5133320086442907,0.39483174419835326,26.090226199078476,2.2770725342708897,2.2770725342708897,0.5091430430317266,22.35954434340197,0.7452418932633814,0.7452418932633814,0.09458197642961805,12.69144653361444,12,0.8407841043438465,0.8
unmatched_shape_qc,X212,3,1416.0273647409256,1656.561602546423,1106.0968667734578,78.11267594929761,12.87281306383071,14.680347055181128,4.859803619254385,37.75246012784247,716.2073405748391,853.8441460464089,441.0243213613535,61.5777438147144,0.7877255537375607,0.7929465483469432,0.02002381167577986,2.5419781776498027,1.272159647462557,1.3620250459890206,0.20531333078313765,16.138959539602954,1.3602109411032135,1.3046943677884086,0.12055080468031007,8.86265512483939,1.7389604020985743,1.7398792828387433,0.3852263692292275,22.152682071675525,0.8389710454652688,0.8307113710023815,0.025695389523481105,3.0627266176070704,12,0.8428435899852355,0.8275862068965517
unmatched_shape_qc,X214,2,958.509015464331,958.509015464331,1059.4400984377005,110.5300087265716,11.09849660943766,11.09849660943766,5.276753868434858,47.5447626298119,554.0279741181491,554.0279741181491,472.4938860380934,85.28339869302914,0.7766310329421277,0.7766310329421277,0.001832522902500564,0.23595798065889526,1.3524722194080274,1.3524722194080274,0.1520314147324035,11.241000927837701,1.442170260230518,1.442170260230518,0.22138204817613175,15.350618042889458,1.9673237256085083,1.9673237256085083,0.5186682549817118,26.364153912762053,0.8061288799045742,0.8061288799045742,0.029758585906416047,3.6915419665821587,12,0.8358137912536943,0.8
unmatched_shape_qc,X216,2,112.44503776051246,112.44503776051246,146.74326364162422,130.50221384972164,4.998293204840814,4.998293204840814,3.4624242285988998,69.27213123963126,148.62677985738804,148.62677985738804,138.86811068693302,93.43411114752081,0.5554306745716611,0.5554306745716611,0.21265700177014632,38.286866661468395,2.139010456444582,2.139010456444582,1.0011402752798768,46.80389814194509,1.27474487946048,1.27474487946048,0.3003675459079312,23.56295371314282,2.5763376026674516,2.5763376026674516,0.6337091180610154,24.597285596611822,0.5318536239384204,0.5318536239384204,0.37190112360687516,69.92546574241919,18,0.873054197247862,0.8
